# https://github.com/mikedh/trimesh
v -0.05354728 -0.00182529 -0.00906812
v -0.05384728 -0.00007615 -0.00924969
v -0.05354728 -0.00007615 -0.00924969
v -0.05384728 0.00167574 -0.00909694
v -0.05354728 0.00167574 -0.00909694
v -0.05384728 0.00336706 -0.00861542
v -0.05354728 0.00336706 -0.00861542
v -0.05384728 0.00493669 -0.00782250
v -0.05354728 0.00493669 -0.00782250
v -0.05384728 0.00632790 -0.00674686
v -0.05354728 0.00632790 -0.00674686
v -0.05384728 0.00749040 -0.00542738
v -0.05354728 0.00749040 -0.00542738
v -0.05384728 0.00838218 -0.00391173
v -0.05354728 0.00838218 -0.00391173
v -0.05384728 0.00897100 -0.00225470
v -0.05354728 0.00897100 -0.00225470
v -0.05384728 0.00901251 -0.00208257
v -0.05354728 0.00923559 -0.00051619
v -0.05384728 0.00923559 -0.00051619
v -0.05384728 0.00916638 0.00124099
v -0.05354728 0.00916638 0.00124099
v -0.05384728 0.00876587 0.00295331
v -0.05354728 0.00876587 0.00295331
v -0.05384728 0.00804854 0.00455889
v -0.05354728 0.00804854 0.00455889
v -0.05384728 0.00704032 0.00599970
v -0.05354728 0.00704032 0.00599970
v -0.05384728 0.00577764 0.00722367
v -0.05354728 0.00577764 0.00722367
v -0.05384728 0.00430614 0.00818655
v -0.05354728 0.00430614 0.00818655
v -0.05384728 0.00267901 0.00885355
v -0.05354728 0.00267901 0.00885355
v -0.05384728 0.00095505 0.00920056
v -0.05354728 0.00095505 0.00920056
v -0.05384728 -0.00080343 0.00921504
v -0.05354728 -0.00080343 0.00921504
v -0.05384728 -0.00253287 0.00889646
v -0.05354728 -0.00253287 0.00889646
v -0.05384728 -0.00417076 0.00825635
v -0.05354728 -0.00417076 0.00825635
v -0.05384728 -0.00565792 0.00731782
v -0.05354728 -0.00565792 0.00731782
v -0.05384728 -0.00694058 0.00611481
v -0.05354728 -0.00694058 0.00611481
v -0.05384728 -0.00797239 0.00469079
v -0.05354728 -0.00797239 0.00469079
v -0.05384728 -0.00871605 0.00309724
v -0.05354728 -0.00871605 0.00309724
v -0.05384728 -0.00914470 0.00139175
v -0.05354728 -0.00914470 0.00139175
v -0.05384728 -0.00924283 -0.00036405
v -0.05354728 -0.00924283 -0.00036405
v -0.05384728 -0.00900691 -0.00210669
v -0.05354728 -0.00900691 -0.00210669
v -0.05384728 -0.00844545 -0.00377319
v -0.05354728 -0.00844545 -0.00377319
v -0.05384728 -0.00757875 -0.00530331
v -0.05354728 -0.00757875 -0.00530331
v -0.05384728 -0.00643813 -0.00664176
v -0.05354728 -0.00643813 -0.00664176
v -0.05384728 -0.00506482 -0.00774016
v -0.05354728 -0.00506482 -0.00774016
v -0.05384728 -0.00350846 -0.00855881
v -0.05354728 -0.00350846 -0.00855881
v -0.05384728 -0.00305093 -0.00873237
v -0.05384728 -0.00182529 -0.00906812
v -0.05214728 0.00876587 0.00295331
v -0.05214728 0.00905722 0.00187864
v -0.05254728 0.00916638 0.00124099
v -0.05254728 0.00876587 0.00295331
v -0.05254728 0.00804854 0.00455889
v -0.05214728 0.00804854 0.00455889
v -0.05254728 0.00704032 0.00599970
v -0.05214728 0.00704032 0.00599970
v -0.05254728 0.00577764 0.00722367
v -0.05214728 0.00577764 0.00722367
v -0.05254728 0.00430614 0.00818655
v -0.05214728 0.00430614 0.00818655
v -0.05254728 0.00267901 0.00885355
v -0.05214728 0.00267901 0.00885355
v -0.05254728 0.00095505 0.00920056
v -0.05214728 0.00095505 0.00920056
v -0.05254728 -0.00080343 0.00921504
v -0.05214728 -0.00080343 0.00921504
v -0.05254728 -0.00253287 0.00889646
v -0.05214728 -0.00253287 0.00889646
v -0.05214728 -0.00291905 0.00877734
v -0.05254728 -0.00417076 0.00825635
v -0.05064728 -0.00291905 0.00877734
v -0.05214728 -0.00905722 -0.00187864
v -0.05254728 -0.00924283 -0.00036405
v -0.05254728 -0.00900691 -0.00210669
v -0.05214728 -0.00900691 -0.00210669
v -0.05254728 -0.00844545 -0.00377319
v -0.05214728 -0.00844545 -0.00377319
v -0.05254728 -0.00757875 -0.00530331
v -0.05214728 -0.00757875 -0.00530331
v -0.05254728 -0.00643813 -0.00664176
v -0.05214728 -0.00643813 -0.00664176
v -0.05254728 -0.00506482 -0.00774016
v -0.05214728 -0.00506482 -0.00774016
v -0.05254728 -0.00350846 -0.00855881
v -0.05214728 -0.00350846 -0.00855881
v -0.05254728 -0.00182529 -0.00906812
v -0.05214728 -0.00182529 -0.00906812
v -0.05254728 -0.00007615 -0.00924969
v -0.05214728 -0.00007615 -0.00924969
v -0.05254728 0.00167574 -0.00909694
v -0.05214728 0.00167574 -0.00909694
v -0.05214728 0.00291905 -0.00877734
v -0.05254728 0.00336706 -0.00861542
v -0.05064728 0.00291905 -0.00877734
v -0.05064728 0.00897100 -0.00225470
v -0.05254728 0.00923559 -0.00051619
v -0.05064728 0.00923559 -0.00051619
v -0.05064728 0.00916638 0.00124099
v -0.05064728 0.00905722 0.00187864
v -0.05064728 0.00336706 -0.00861542
v -0.05254728 0.00493669 -0.00782250
v -0.05064728 0.00493669 -0.00782250
v -0.05254728 0.00632790 -0.00674686
v -0.05064728 0.00632790 -0.00674686
v -0.05254728 0.00749040 -0.00542738
v -0.05064728 0.00749040 -0.00542738
v -0.05254728 0.00838218 -0.00391173
v -0.05064728 0.00838218 -0.00391173
v -0.05254728 0.00871605 -0.00309724
v -0.05254728 0.00897100 -0.00225470
v -0.05064728 -0.00417076 0.00825635
v -0.05254728 -0.00565792 0.00731782
v -0.05064728 -0.00565792 0.00731782
v -0.05254728 -0.00694058 0.00611481
v -0.05064728 -0.00694058 0.00611481
v -0.05254728 -0.00797239 0.00469079
v -0.05064728 -0.00797239 0.00469079
v -0.05254728 -0.00871605 0.00309724
v -0.05064728 -0.00871605 0.00309724
v -0.05254728 -0.00914470 0.00139175
v -0.05064728 -0.00914470 0.00139175
v -0.05064728 -0.00924283 -0.00036405
v -0.05064728 -0.00905722 -0.00187864
v -0.05384728 -0.00564849 -0.00409098
v -0.05384728 -0.00560320 -0.00352338
v -0.05114728 -0.00566321 -0.00380420
v -0.05114728 -0.00564849 -0.00409098
v -0.05114728 -0.00556005 -0.00436418
v -0.05384728 -0.00540392 -0.00460518
v -0.05114728 -0.00540392 -0.00460518
v -0.05114728 -0.00519073 -0.00479756
v -0.05384728 -0.00493501 -0.00492820
v -0.05114728 -0.00493501 -0.00492820
v -0.05114728 -0.00465420 -0.00498821
v -0.05384728 -0.00436741 -0.00497350
v -0.05114728 -0.00436741 -0.00497350
v -0.05114728 -0.00409422 -0.00488506
v -0.05384728 -0.00385321 -0.00472893
v -0.05114728 -0.00385321 -0.00472893
v -0.05114728 -0.00366083 -0.00451574
v -0.05384728 -0.00353019 -0.00426002
v -0.05114728 -0.00353019 -0.00426002
v -0.05114728 -0.00347018 -0.00397920
v -0.05384728 -0.00348489 -0.00369242
v -0.05114728 -0.00348489 -0.00369242
v -0.05114728 -0.00357333 -0.00341922
v -0.05384728 -0.00372946 -0.00317822
v -0.05114728 -0.00372946 -0.00317822
v -0.05114728 -0.00394265 -0.00298584
v -0.05384728 -0.00419837 -0.00285520
v -0.05114728 -0.00419837 -0.00285520
v -0.05114728 -0.00447919 -0.00279519
v -0.05384728 -0.00476597 -0.00280990
v -0.05114728 -0.00476597 -0.00280990
v -0.05114728 -0.00503917 -0.00289834
v -0.05384728 -0.00528017 -0.00305447
v -0.05114728 -0.00528017 -0.00305447
v -0.05114728 -0.00547255 -0.00326766
v -0.05114728 -0.00560320 -0.00352338
v -0.05384728 -0.00216876 0.00570144
v -0.05384728 -0.00212347 0.00626904
v -0.05114728 -0.00218348 0.00598822
v -0.05114728 -0.00216876 0.00570144
v -0.05114728 -0.00208033 0.00542824
v -0.05384728 -0.00192419 0.00518724
v -0.05114728 -0.00192419 0.00518724
v -0.05114728 -0.00171100 0.00499486
v -0.05384728 -0.00145529 0.00486422
v -0.05114728 -0.00145529 0.00486422
v -0.05114728 -0.00117447 0.00480421
v -0.05384728 -0.00088769 0.00481892
v -0.05114728 -0.00088769 0.00481892
v -0.05114728 -0.00061449 0.00490736
v -0.05384728 -0.00037349 0.00506349
v -0.05114728 -0.00037349 0.00506349
v -0.05114728 -0.00018111 0.00527668
v -0.05384728 -0.00005046 0.00553240
v -0.05114728 -0.00005046 0.00553240
v -0.05114728 0.00000955 0.00581322
v -0.05384728 -0.00000517 0.00610000
v -0.05114728 -0.00000517 0.00610000
v -0.05114728 -0.00009360 0.00637320
v -0.05384728 -0.00024974 0.00661420
v -0.05114728 -0.00024974 0.00661420
v -0.05114728 -0.00046293 0.00680658
v -0.05384728 -0.00071864 0.00693722
v -0.05114728 -0.00071864 0.00693722
v -0.05114728 -0.00099946 0.00699724
v -0.05384728 -0.00128624 0.00698252
v -0.05114728 -0.00128624 0.00698252
v -0.05114728 -0.00155944 0.00689408
v -0.05384728 -0.00180044 0.00673795
v -0.05114728 -0.00180044 0.00673795
v -0.05114728 -0.00199282 0.00652476
v -0.05114728 -0.00212347 0.00626904
v -0.05214728 0.00417172 0.01323304
v -0.05214728 0.00356812 0.01462323
v -0.05214728 0.00439741 0.01474919
v -0.05214728 0.00468772 0.01319187
v -0.05214728 0.00282717 0.01423005
v -0.05214728 0.00370426 0.01301070
v -0.05214728 0.00225798 0.01361392
v -0.05214728 0.00341060 0.01258443
v -0.05214728 0.00192462 0.01284421
v -0.05214728 0.00680078 0.01275733
v -0.05214728 0.00050517 0.00991612
v -0.05214728 0.00359176 0.01160097
v -0.05214728 0.00401804 0.01130731
v -0.05214728 0.00453404 0.01126614
v -0.05214728 0.00522169 0.01459377
v -0.05214728 0.00594816 0.01417444
v -0.05214728 0.00511399 0.01289821
v -0.05214728 0.00649505 0.01353843
v -0.05214728 0.00533633 0.01243075
v -0.05214728 0.00529516 0.01191475
v -0.05214728 0.00500150 0.01148847
v -0.05214728 0.00186462 0.01200755
v -0.05214728 0.00336943 0.01206843
v -0.05214728 0.00181683 0.01133908
v -0.05214728 0.00155090 0.01072393
v -0.05214728 0.00109667 0.01023116
v -0.05214728 -0.00341060 -0.01258443
v -0.05214728 -0.00225798 -0.01361392
v -0.05214728 -0.00370426 -0.01301070
v -0.05214728 -0.00282717 -0.01423005
v -0.05214728 -0.00417172 -0.01323304
v -0.05214728 -0.00356812 -0.01462323
v -0.05214728 -0.00439741 -0.01474919
v -0.05214728 -0.00468772 -0.01319187
v -0.05214728 -0.00050517 -0.00991612
v -0.05214728 -0.00109667 -0.01023116
v -0.05214728 -0.00359176 -0.01160097
v -0.05214728 -0.00680078 -0.01275733
v -0.05214728 -0.00522169 -0.01459377
v -0.05214728 -0.00594816 -0.01417444
v -0.05214728 -0.00511399 -0.01289821
v -0.05214728 -0.00649505 -0.01353843
v -0.05214728 -0.00533633 -0.01243075
v -0.05214728 -0.00529516 -0.01191475
v -0.05214728 -0.00500150 -0.01148847
v -0.05214728 -0.00155090 -0.01072393
v -0.05214728 -0.00181683 -0.01133908
v -0.05214728 -0.00336943 -0.01206843
v -0.05214728 -0.00186462 -0.01200755
v -0.05214728 -0.00192462 -0.01284421
v -0.05214728 -0.00453404 -0.01126614
v -0.05214728 -0.00401804 -0.01130731
v -0.05384728 0.00481643 -0.00272250
v -0.05384728 0.00528534 -0.00304553
v -0.05384728 0.00384307 -0.00248261
v -0.05384728 0.00213704 0.00587205
v -0.05384728 -0.00134269 -0.00392037
v -0.05384728 -0.00904580 -0.00118308
v -0.05384728 -0.00567245 -0.00238179
v -0.05384728 0.00280804 -0.00539533
v -0.05384728 0.00203395 -0.00623723
v -0.05384728 0.00207534 -0.00571865
v -0.05384728 0.00075045 -0.00684771
v -0.05384728 0.00126903 -0.00688909
v -0.05384728 0.00173882 -0.00666564
v -0.05384728 0.00185189 -0.00524886
v -0.05384728 0.00142348 -0.00495373
v -0.05384728 0.00090490 -0.00491235
v -0.05384728 0.00043510 -0.00513580
v -0.05384728 0.00013998 -0.00556421
v -0.05384728 0.00009859 -0.00608279
v -0.05384728 0.00032204 -0.00655258
v -0.05384728 0.00332555 -0.00393897
v -0.05384728 0.00585293 -0.00309082
v -0.05384728 0.00636713 -0.00284625
v -0.05384728 0.00673546 -0.00180974
v -0.05384728 0.00669016 -0.00237734
v -0.05384728 0.00649088 -0.00129554
v -0.05384728 0.00602198 -0.00097252
v -0.05384728 0.00506542 0.00095724
v -0.05384728 0.00628776 0.00439709
v -0.05384728 -0.00219272 0.00741063
v -0.05384728 -0.00852828 0.00027328
v -0.05384728 -0.00801077 0.00172964
v -0.05384728 -0.00730593 0.00371313
v -0.05384728 -0.00341507 0.00397078
v -0.05384728 -0.00678842 0.00516949
v -0.05384728 0.00091469 0.00243220
v -0.05384728 -0.00515493 -0.00092543
v -0.05384728 0.00545438 -0.00092722
v -0.05384728 0.00494018 -0.00117179
v -0.05384728 0.00454790 -0.00049912
v -0.05384728 0.00461715 -0.00164070
v -0.05384728 0.00457186 -0.00220830
v -0.05384728 -0.00082517 -0.00246401
v -0.05384728 -0.00030766 -0.00100765
v -0.05384728 0.00039717 0.00097584
v -0.05384728 -0.00393259 0.00251442
v -0.05384728 -0.00463742 0.00053093
v -0.05384728 -0.00664203 0.00182695
v -0.05384728 -0.00641858 0.00135716
v -0.05384728 -0.00599017 0.00106203
v -0.05384728 -0.00547159 0.00102065
v -0.05384728 -0.00500180 0.00124410
v -0.05384728 -0.00470667 0.00167251
v -0.05384728 -0.00466529 0.00219109
v -0.05384728 -0.00488874 0.00266088
v -0.05384728 -0.00531715 0.00295601
v -0.05384728 -0.00583572 0.00299739
v -0.05384728 -0.00630552 0.00277394
v -0.05384728 -0.00660064 0.00234553
v -0.05384728 0.00551368 0.00355519
v -0.05384728 0.00555506 0.00407377
v -0.05384728 0.00474876 0.00290333
v -0.05384728 0.00521855 0.00312678
v -0.05384728 0.00391483 0.00465662
v -0.05384728 0.00361970 0.00422821
v -0.05384728 0.00357832 0.00370963
v -0.05384728 0.00380177 0.00323984
v -0.05384728 0.00423018 0.00294471
v -0.05384728 0.00533161 0.00454356
v -0.05384728 0.00490320 0.00483869
v -0.05384728 0.00438463 0.00488007
v -0.05014728 -0.00463710 -0.01320835
v -0.05014728 -0.00417172 -0.01323304
v -0.05014728 -0.00370426 -0.01301070
v -0.05014728 -0.00341060 -0.01258443
v -0.05014728 -0.00336943 -0.01206843
v -0.05014728 -0.00359176 -0.01160097
v -0.05014728 -0.00396838 -0.01132646
v -0.05014728 -0.00401804 -0.01130731
v -0.05014728 -0.00453404 -0.01126614
v -0.05014728 -0.00500150 -0.01148847
v -0.05014728 -0.00529516 -0.01191475
v -0.05014728 -0.00533633 -0.01243075
v -0.05014728 -0.00511399 -0.01289821
v -0.05014728 -0.00468772 -0.01319187
v -0.05064728 -0.00186462 -0.01200755
v -0.05064728 -0.00192462 -0.01284421
v -0.05064728 -0.00225798 -0.01361392
v -0.05064728 -0.00282717 -0.01423005
v -0.05064728 -0.00356812 -0.01462323
v -0.05064728 -0.00439741 -0.01474919
v -0.05064728 -0.00522169 -0.01459377
v -0.05064728 -0.00594816 -0.01417444
v -0.05064728 -0.00649505 -0.01353843
v -0.05064728 -0.00680078 -0.01275733
v -0.05064728 0.00050517 0.00991612
v -0.05064728 0.00109667 0.01023116
v -0.05064728 0.00155090 0.01072393
v -0.05064728 0.00181683 0.01133908
v -0.05064728 0.00186462 0.01200755
v -0.05064728 0.00192462 0.01284421
v -0.05064728 0.00225798 0.01361392
v -0.05064728 0.00282717 0.01423005
v -0.05064728 0.00356812 0.01462323
v -0.05064728 0.00439741 0.01474919
v -0.05064728 0.00522169 0.01459377
v -0.05064728 0.00594816 0.01417444
v -0.05064728 0.00649505 0.01353843
v -0.05064728 0.00680078 0.01275733
v -0.05064728 -0.00050517 -0.00991612
v -0.05064728 -0.00109667 -0.01023116
v -0.05064728 -0.00155090 -0.01072393
v -0.05064728 -0.00181683 -0.01133908
v -0.05014728 0.00341060 0.01258443
v -0.05014728 0.00336943 0.01206843
v -0.05014728 0.00359176 0.01160097
v -0.05014728 0.00401804 0.01130731
v -0.05014728 0.00453404 0.01126614
v -0.05014728 0.00500150 0.01148847
v -0.05014728 0.00529516 0.01191475
v -0.05014728 0.00533633 0.01243075
v -0.05014728 0.00511399 0.01289821
v -0.05014728 0.00468772 0.01319187
v -0.05014728 0.00417172 0.01323304
v -0.05014728 0.00370426 0.01301070
v -0.05014728 0.00091705 0.00243136
v -0.05014728 -0.00562911 -0.01378947
v -0.05014728 -0.00504793 -0.01412493
v -0.05014728 -0.00646311 -0.00479370
v -0.05014728 -0.00663194 -0.00427214
v -0.05014728 -0.00856764 -0.00177709
v -0.05014728 -0.00296835 -0.00252960
v -0.05014728 -0.00267028 -0.00298970
v -0.05014728 -0.00337535 -0.00216234
v -0.05014728 -0.00616503 -0.00525379
v -0.05014728 -0.00575804 -0.00562106
v -0.05014728 -0.00526985 -0.00587048
v -0.05014728 -0.00631120 -0.01265578
v -0.05014728 -0.00606661 -0.01328066
v -0.05014728 -0.00250144 -0.00351126
v -0.05014728 -0.00247335 -0.00405875
v -0.05014728 -0.00258791 -0.00459486
v -0.05014728 -0.00320460 -0.00549004
v -0.05014728 -0.00366469 -0.00578812
v -0.05014728 -0.00418625 -0.00595695
v -0.05014728 -0.00473374 -0.00598504
v -0.05014728 -0.00283733 -0.00508304
v -0.05014728 -0.00666004 -0.00372465
v -0.05014728 -0.00654547 -0.00318854
v -0.05014728 -0.00874322 -0.00034437
v -0.05014728 -0.00629606 -0.00270036
v -0.05014728 -0.00865039 0.00131652
v -0.05014728 -0.00592879 -0.00229336
v -0.05014728 -0.00824492 0.00292982
v -0.05014728 -0.00546869 -0.00199528
v -0.05014728 -0.00754145 0.00443724
v -0.05014728 -0.00494713 -0.00182645
v -0.05014728 -0.00699636 0.00525485
v -0.05014728 -0.00439964 -0.00179835
v -0.05014728 -0.00386353 -0.00191292
v -0.05014728 -0.00197012 -0.01045143
v -0.05014728 -0.00140234 -0.00983547
v -0.05014728 -0.00267696 -0.01334106
v -0.05014728 -0.00241027 -0.01272528
v -0.05014728 -0.00236228 -0.01205596
v -0.05014728 -0.00230254 -0.01122037
v -0.05014728 -0.00497351 -0.01415086
v -0.05014728 -0.00438851 -0.01424927
v -0.05014728 -0.00372507 -0.01414850
v -0.05014728 -0.00313232 -0.01383396
v -0.05014728 0.00429156 -0.00041068
v -0.05014728 0.00392429 -0.00081768
v -0.05014728 0.00367488 -0.00130586
v -0.05014728 0.00446231 -0.00373839
v -0.05014728 0.00405531 -0.00337112
v -0.05014728 0.00375724 -0.00291102
v -0.05014728 0.00358840 -0.00238946
v -0.05014728 0.00356031 -0.00184197
v -0.05014728 0.00475166 -0.00011261
v -0.05014728 0.00527322 0.00005623
v -0.05014728 0.00582071 0.00008432
v -0.05014728 0.00848608 -0.00213283
v -0.05014728 0.00873637 -0.00048828
v -0.05014728 0.00771891 -0.00162858
v -0.05014728 0.00635681 -0.00003024
v -0.05014728 0.00684500 -0.00027966
v -0.05014728 0.00867090 0.00117391
v -0.05014728 0.00725200 -0.00064693
v -0.05014728 0.00755007 -0.00110702
v -0.05014728 0.00708551 -0.00513401
v -0.05014728 0.00655566 -0.00390544
v -0.05014728 0.00598585 -0.00638217
v -0.05014728 0.00603409 -0.00407427
v -0.05014728 0.00466985 -0.00739967
v -0.05014728 0.00548660 -0.00410237
v -0.05014728 0.00318506 -0.00814972
v -0.05014728 0.00495050 -0.00398780
v -0.05014728 0.00276126 -0.00830289
v -0.05014728 -0.00066295 -0.00944167
v -0.05014728 0.00774700 -0.00217607
v -0.05014728 0.00763244 -0.00271218
v -0.05014728 0.00792908 -0.00370029
v -0.05014728 0.00738302 -0.00320037
v -0.05014728 0.00701575 -0.00360736
v -0.05014728 0.00438851 0.01424927
v -0.05014728 0.00372507 0.01414850
v -0.05014728 0.00313232 0.01383396
v -0.05014728 0.00267696 0.01334106
v -0.05014728 0.00241027 0.01272528
v -0.05014728 0.00236228 0.01205596
v -0.05014728 -0.00070653 0.00383547
v -0.05014728 -0.00125402 0.00380738
v -0.05014728 -0.00179012 0.00392194
v -0.05014728 -0.00227831 0.00417136
v -0.05014728 -0.00268531 0.00453863
v -0.05014728 -0.00244906 0.00749906
v -0.05014728 -0.00276126 0.00830289
v -0.05014728 -0.00281633 0.00709207
v -0.05014728 -0.00394532 0.00781006
v -0.05014728 -0.00306574 0.00660388
v -0.05014728 -0.00535208 0.00692226
v -0.05014728 -0.00318031 0.00606777
v -0.05014728 -0.00656541 0.00578428
v -0.05014728 -0.00315222 0.00552028
v -0.05014728 -0.00298338 0.00499872
v -0.05014728 0.00066295 0.00944167
v -0.05014728 -0.00038381 0.00787950
v -0.05014728 0.00140234 0.00983547
v -0.05014728 0.00010438 0.00763008
v -0.05014728 0.00051138 0.00726282
v -0.05014728 0.00080945 0.00680272
v -0.05014728 0.00097829 0.00628116
v -0.05014728 0.00100638 0.00573367
v -0.05014728 0.00089182 0.00519756
v -0.05014728 0.00064240 0.00470938
v -0.05014728 -0.00198897 0.00779714
v -0.05014728 -0.00146740 0.00796597
v -0.05014728 -0.00091991 0.00799407
v -0.05014728 0.00230254 0.01122037
v -0.05014728 0.00197012 0.01045143
v -0.05014728 0.00027513 0.00430238
v -0.05014728 -0.00018496 0.00400430
v -0.05014728 0.00856764 0.00177709
v -0.05014728 0.00631120 0.01265578
v -0.05014728 0.00606661 0.01328066
v -0.05014728 0.00562911 0.01378947
v -0.05014728 0.00504793 0.01412493
v -0.05184728 0.00551368 0.00355519
v -0.05184728 0.00521855 0.00312678
v -0.05184728 0.00474876 0.00290333
v -0.05184728 0.00423018 0.00294471
v -0.05184728 0.00380177 0.00323984
v -0.05184728 0.00357832 0.00370963
v -0.05184728 0.00361970 0.00422821
v -0.05184728 0.00391483 0.00465662
v -0.05184728 0.00438463 0.00488007
v -0.05184728 0.00490320 0.00483869
v -0.05184728 0.00533161 0.00454356
v -0.05184728 0.00555506 0.00407377
v -0.05184728 0.00456669 0.00389170
v -0.05184728 0.00203395 -0.00623723
v -0.05184728 0.00173882 -0.00666564
v -0.05184728 0.00126903 -0.00688909
v -0.05184728 0.00075045 -0.00684771
v -0.05184728 0.00032204 -0.00655258
v -0.05184728 0.00009859 -0.00608279
v -0.05184728 0.00013998 -0.00556421
v -0.05184728 0.00043510 -0.00513580
v -0.05184728 0.00090490 -0.00491235
v -0.05184728 0.00142348 -0.00495373
v -0.05184728 0.00185189 -0.00524886
v -0.05184728 0.00207534 -0.00571865
v -0.05184728 0.00108696 -0.00590072
v -0.05184728 -0.00470667 0.00167251
v -0.05184728 -0.00500180 0.00124410
v -0.05184728 -0.00547159 0.00102065
v -0.05184728 -0.00599017 0.00106203
v -0.05184728 -0.00641858 0.00135716
v -0.05184728 -0.00664203 0.00182695
v -0.05184728 -0.00660064 0.00234553
v -0.05184728 -0.00630552 0.00277394
v -0.05184728 -0.00583572 0.00299739
v -0.05184728 -0.00531715 0.00295601
v -0.05184728 -0.00488874 0.00266088
v -0.05184728 -0.00466529 0.00219109
v -0.05184728 -0.00565366 0.00200902
v -0.05114728 0.00455714 -0.00192152
v -0.05114728 0.00457186 -0.00220830
v -0.05114728 0.00466030 -0.00248150
v -0.05114728 0.00481643 -0.00272250
v -0.05114728 0.00502962 -0.00291488
v -0.05114728 0.00528534 -0.00304553
v -0.05114728 0.00556615 -0.00310554
v -0.05114728 0.00585293 -0.00309082
v -0.05114728 0.00612613 -0.00300238
v -0.05114728 0.00636713 -0.00284625
v -0.05114728 0.00655951 -0.00263306
v -0.05114728 0.00669016 -0.00237734
v -0.05114728 0.00675017 -0.00209652
v -0.05114728 0.00673546 -0.00180974
v -0.05114728 0.00664702 -0.00153654
v -0.05114728 0.00649088 -0.00129554
v -0.05114728 0.00627769 -0.00110316
v -0.05114728 0.00602198 -0.00097252
v -0.05114728 0.00574116 -0.00091251
v -0.05114728 0.00545438 -0.00092722
v -0.05114728 0.00518118 -0.00101566
v -0.05114728 0.00494018 -0.00117179
v -0.05114728 0.00474780 -0.00138498
v -0.05114728 0.00461715 -0.00164070
v -0.05354728 0.00810357 -0.00287960
v -0.05354728 0.00850965 -0.00124334
v -0.05354728 0.00858870 0.00044070
v -0.05354728 0.00833770 0.00210781
v -0.05354728 0.00776628 0.00369391
v -0.05354728 0.00689640 0.00513806
v -0.05354728 0.00576150 0.00638475
v -0.05354728 0.00440520 0.00738609
v -0.05354728 0.00287960 0.00810357
v -0.05354728 0.00124334 0.00850965
v -0.05354728 -0.00044070 0.00858870
v -0.05354728 -0.00210781 0.00833770
v -0.05354728 -0.00369391 0.00776628
v -0.05354728 -0.00513806 0.00689640
v -0.05354728 -0.00638475 0.00576150
v -0.05354728 -0.00738609 0.00440520
v -0.05354728 -0.00810357 0.00287960
v -0.05354728 -0.00850965 0.00124334
v -0.05354728 -0.00858870 -0.00044070
v -0.05354728 -0.00833770 -0.00210781
v -0.05354728 -0.00776628 -0.00369391
v -0.05354728 -0.00689640 -0.00513806
v -0.05354728 -0.00576150 -0.00638475
v -0.05354728 -0.00440520 -0.00738609
v -0.05354728 -0.00287960 -0.00810357
v -0.05354728 -0.00124334 -0.00850965
v -0.05354728 0.00044070 -0.00858870
v -0.05354728 0.00210781 -0.00833770
v -0.05354728 0.00369391 -0.00776628
v -0.05354728 0.00513806 -0.00689640
v -0.05354728 0.00638475 -0.00576150
v -0.05354728 0.00738609 -0.00440520
v -0.05254728 0.00738609 -0.00440520
v -0.05254728 0.00638475 -0.00576150
v -0.05254728 0.00513806 -0.00689640
v -0.05254728 0.00369391 -0.00776628
v -0.05254728 0.00210781 -0.00833770
v -0.05254728 0.00044070 -0.00858870
v -0.05254728 -0.00124334 -0.00850965
v -0.05254728 -0.00287960 -0.00810357
v -0.05254728 -0.00440520 -0.00738609
v -0.05254728 -0.00576150 -0.00638475
v -0.05254728 -0.00689640 -0.00513806
v -0.05254728 -0.00776628 -0.00369391
v -0.05254728 -0.00833770 -0.00210781
v -0.05254728 -0.00858870 -0.00044070
v -0.05254728 -0.00850965 0.00124334
v -0.05254728 -0.00810357 0.00287960
v -0.05254728 -0.00738609 0.00440520
v -0.05254728 -0.00638475 0.00576150
v -0.05254728 -0.00513806 0.00689640
v -0.05254728 -0.00369391 0.00776628
v -0.05254728 -0.00210781 0.00833770
v -0.05254728 -0.00044070 0.00858870
v -0.05254728 0.00124334 0.00850965
v -0.05254728 0.00287960 0.00810357
v -0.05254728 0.00440520 0.00738609
v -0.05254728 0.00576150 0.00638475
v -0.05254728 0.00689640 0.00513806
v -0.05254728 0.00776628 0.00369391
v -0.05254728 0.00833770 0.00210781
v -0.05254728 0.00858870 0.00044070
v -0.05254728 0.00850965 -0.00124334
v -0.05254728 0.00810357 -0.00287960
v -0.05014728 0.00284849 0.01295444
v -0.05014728 0.00278987 0.01281263
v -0.04993964 0.00258088 0.01288791
v -0.05014728 0.00273253 0.01261628
v -0.04993964 0.00251587 0.01266532
v -0.05014728 0.00269975 0.01241438
v -0.04993964 0.00247870 0.01243642
v -0.05014728 0.00269203 0.01220998
v -0.04993964 0.00246995 0.01220469
v -0.05014728 0.00270948 0.01200618
v -0.04993964 0.00248974 0.01197364
v -0.05014728 0.00275185 0.01180607
v -0.04993964 0.00253777 0.01174677
v -0.05014728 0.00281849 0.01161269
v -0.04993964 0.00261332 0.01152753
v -0.05014728 0.00290839 0.01142896
v -0.04993964 0.00271524 0.01131923
v -0.05014728 0.00302018 0.01125767
v -0.04993964 0.00284198 0.01112503
v -0.05014728 0.00315218 0.01110141
v -0.04993964 0.00299163 0.01094788
v -0.05014728 0.00330238 0.01096256
v -0.04993964 0.00316191 0.01079047
v -0.05014728 0.00346850 0.01084322
v -0.04993964 0.00335025 0.01065517
v -0.05014728 0.00364803 0.01074520
v -0.04993964 0.00355378 0.01054404
v -0.05014728 0.00383824 0.01066998
v -0.04993964 0.00376943 0.01045877
v -0.05014728 0.00403626 0.01061871
v -0.04993964 0.00399392 0.01040065
v -0.05014728 0.00423907 0.01059217
v -0.04993964 0.00422386 0.01037055
v -0.05014728 0.00444361 0.01059074
v -0.04993964 0.00445575 0.01036893
v -0.05014728 0.00464678 0.01061447
v -0.04993964 0.00468608 0.01039583
v -0.05014728 0.00484549 0.01066298
v -0.04993964 0.00491136 0.01045083
v -0.05014728 0.00503673 0.01073554
v -0.04993964 0.00512817 0.01053309
v -0.05014728 0.00521761 0.01083105
v -0.04993964 0.00533323 0.01064137
v -0.05014728 0.00538537 0.01094807
v -0.04993964 0.00552343 0.01077404
v -0.05014728 0.00553749 0.01108482
v -0.04993964 0.00569589 0.01092907
v -0.05014728 0.00567165 0.01123922
v -0.04993964 0.00584798 0.01110412
v -0.05014728 0.00578582 0.01140894
v -0.04993964 0.00597742 0.01129653
v -0.05014728 0.00587826 0.01159140
v -0.04993964 0.00608222 0.01150339
v -0.05014728 0.00594758 0.01178384
v -0.04993964 0.00616082 0.01172156
v -0.05014728 0.00599273 0.01198334
v -0.04993964 0.00621200 0.01194774
v -0.05014728 0.00601302 0.01218688
v -0.04993964 0.00623500 0.01217849
v -0.05014728 0.00600814 0.01239136
v -0.04993964 0.00622947 0.01241032
v -0.05014728 0.00597818 0.01259370
v -0.04993964 0.00619550 0.01263972
v -0.05014728 0.00592357 0.01279082
v -0.04993964 0.00613359 0.01286319
v -0.05014728 0.00584515 0.01297974
v -0.04993964 0.00604469 0.01307737
v -0.05014728 0.00574411 0.01315759
v -0.04993964 0.00593014 0.01327900
v -0.05014728 0.00562199 0.01332167
v -0.04993964 0.00579168 0.01346503
v -0.05014728 0.00548062 0.01346951
v -0.04993964 0.00563142 0.01363263
v -0.05014728 0.00532216 0.01359885
v -0.04993964 0.00545177 0.01377926
v -0.05014728 0.00514901 0.01370773
v -0.04993964 0.00525546 0.01390271
v -0.05014728 0.00496378 0.01379452
v -0.04993964 0.00504547 0.01400109
v -0.05014728 0.00476930 0.01385788
v -0.04993964 0.00482498 0.01407293
v -0.05014728 0.00456850 0.01389686
v -0.04993964 0.00459733 0.01411712
v -0.05014728 0.00436444 0.01391087
v -0.04993964 0.00436598 0.01413301
v -0.05014728 0.00416020 0.01389970
v -0.04993964 0.00413443 0.01412035
v -0.05014728 0.00395888 0.01386352
v -0.04993964 0.00390620 0.01407932
v -0.05014728 0.00376353 0.01380287
v -0.04993964 0.00368473 0.01401056
v -0.05014728 0.00357712 0.01371867
v -0.04993964 0.00347339 0.01391510
v -0.05014728 0.00340247 0.01361220
v -0.04993964 0.00327538 0.01379440
v -0.05014728 0.00324222 0.01348508
v -0.04993964 0.00309371 0.01365028
v -0.05014728 0.00309881 0.01333923
v -0.04993964 0.00293113 0.01348493
v -0.05014728 0.00297441 0.01317686
v -0.04993964 0.00279009 0.01330085
v -0.05014728 0.00287091 0.01300043
v -0.04993964 0.00267275 0.01310083
v -0.04970749 0.00249757 0.01318959
v -0.04970749 0.00262715 0.01341046
v -0.04970749 0.00278289 0.01361373
v -0.04970749 0.00296242 0.01379632
v -0.04970749 0.00316304 0.01395547
v -0.04970749 0.00338169 0.01408876
v -0.04970749 0.00361506 0.01419417
v -0.04970749 0.00385962 0.01427010
v -0.04970749 0.00411166 0.01431540
v -0.04970749 0.00436735 0.01432939
v -0.04970749 0.00462282 0.01431184
v -0.04970749 0.00487420 0.01426304
v -0.04970749 0.00511768 0.01418371
v -0.04970749 0.00534957 0.01407507
v -0.04970749 0.00556634 0.01393875
v -0.04970749 0.00576472 0.01377683
v -0.04970749 0.00594170 0.01359175
v -0.04970749 0.00609459 0.01338633
v -0.04970749 0.00622109 0.01316368
v -0.04970749 0.00631926 0.01292717
v -0.04970749 0.00638762 0.01268039
v -0.04970749 0.00642514 0.01242708
v -0.04970749 0.00643124 0.01217108
v -0.04970749 0.00640584 0.01191627
v -0.04970749 0.00634932 0.01166651
v -0.04970749 0.00626253 0.01142559
v -0.04970749 0.00614680 0.01119716
v -0.04970749 0.00600387 0.01098469
v -0.04970749 0.00583592 0.01079139
v -0.04970749 0.00564548 0.01062019
v -0.04970749 0.00543545 0.01047369
v -0.04970749 0.00520901 0.01035412
v -0.04970749 0.00496959 0.01026328
v -0.04970749 0.00472082 0.01020255
v -0.04970749 0.00446647 0.01017285
v -0.04970749 0.00421040 0.01017463
v -0.04970749 0.00395649 0.01020787
v -0.04970749 0.00370860 0.01027205
v -0.04970749 0.00347046 0.01036622
v -0.04970749 0.00324571 0.01048893
v -0.04970749 0.00303773 0.01063833
v -0.04970749 0.00284970 0.01081216
v -0.04970749 0.00268445 0.01100778
v -0.04970749 0.00254449 0.01122222
v -0.04970749 0.00243194 0.01145224
v -0.04970749 0.00234852 0.01169434
v -0.04970749 0.00229548 0.01194486
v -0.04970749 0.00227363 0.01220000
v -0.04970749 0.00228329 0.01245590
v -0.04970749 0.00232433 0.01270866
v -0.04970749 0.00239612 0.01295447
v -0.04945399 0.00234777 0.01326548
v -0.04945399 0.00248781 0.01350419
v -0.04945399 0.00265612 0.01372388
v -0.04945399 0.00285015 0.01392121
v -0.04945399 0.00306697 0.01409321
v -0.04945399 0.00330327 0.01423726
v -0.04945399 0.00355549 0.01435118
v -0.04945399 0.00381979 0.01443324
v -0.04945399 0.00409218 0.01448220
v -0.04945399 0.00436852 0.01449731
v -0.04945399 0.00464462 0.01447835
v -0.04945399 0.00491630 0.01442561
v -0.04945399 0.00517943 0.01433988
v -0.04945399 0.00543004 0.01422246
v -0.04945399 0.00566432 0.01407514
v -0.04945399 0.00587872 0.01390014
v -0.04945399 0.00606999 0.01370012
v -0.04945399 0.00623523 0.01347812
v -0.04945399 0.00637193 0.01323749
v -0.04945399 0.00647803 0.01298188
v -0.04945399 0.00655191 0.01271518
v -0.04945399 0.00659246 0.01244141
v -0.04945399 0.00659906 0.01216474
v -0.04945399 0.00657160 0.01188935
v -0.04945399 0.00651052 0.01161943
v -0.04945399 0.00641673 0.01135906
v -0.04945399 0.00629165 0.01111218
v -0.04945399 0.00613718 0.01088255
v -0.04945399 0.00595566 0.01067365
v -0.04945399 0.00574985 0.01048863
v -0.04945399 0.00552286 0.01033030
v -0.04945399 0.00527813 0.01020107
v -0.04945399 0.00501938 0.01010290
v -0.04945399 0.00475053 0.01003726
v -0.04945399 0.00447564 0.01000517
v -0.04945399 0.00419890 0.01000709
v -0.04945399 0.00392449 0.01004301
v -0.04945399 0.00365657 0.01011238
v -0.04945399 0.00339921 0.01021415
v -0.04945399 0.00315631 0.01034677
v -0.04945399 0.00293155 0.01050824
v -0.04945399 0.00272833 0.01069610
v -0.04945399 0.00254973 0.01090751
v -0.04945399 0.00239847 0.01113927
v -0.04945399 0.00227684 0.01138786
v -0.04945399 0.00218668 0.01164951
v -0.04945399 0.00212936 0.01192026
v -0.04945399 0.00210574 0.01219600
v -0.04945399 0.00211619 0.01247255
v -0.04945399 0.00216054 0.01274573
v -0.04945399 0.00223813 0.01301138
v -0.04918263 0.00222539 0.01332749
v -0.04918263 0.00237398 0.01358076
v -0.04918263 0.00255256 0.01381386
v -0.04918263 0.00275844 0.01402324
v -0.04918263 0.00298848 0.01420573
v -0.04918263 0.00323921 0.01435857
v -0.04918263 0.00350682 0.01447944
v -0.04918263 0.00378726 0.01456651
v -0.04918263 0.00407627 0.01461846
v -0.04918263 0.00436947 0.01463450
v -0.04918263 0.00466242 0.01461438
v -0.04918263 0.00495068 0.01455842
v -0.04918263 0.00522988 0.01446746
v -0.04918263 0.00549578 0.01434287
v -0.04918263 0.00574436 0.01418656
v -0.04918263 0.00597184 0.01400088
v -0.04918263 0.00617479 0.01378865
v -0.04918263 0.00635011 0.01355310
v -0.04918263 0.00649516 0.01329778
v -0.04918263 0.00660773 0.01302658
v -0.04918263 0.00668612 0.01274359
v -0.04918263 0.00672915 0.01245312
v -0.04918263 0.00673615 0.01215956
v -0.04918263 0.00670702 0.01186737
v -0.04918263 0.00664221 0.01158097
v -0.04918263 0.00654269 0.01130471
v -0.04918263 0.00640997 0.01104277
v -0.04918263 0.00624608 0.01079912
v -0.04918263 0.00605348 0.01057746
v -0.04918263 0.00583511 0.01038115
v -0.04918263 0.00559427 0.01021316
v -0.04918263 0.00533460 0.01007605
v -0.04918263 0.00506006 0.00997188
v -0.04918263 0.00477480 0.00990224
v -0.04918263 0.00448314 0.00986818
v -0.04918263 0.00418950 0.00987023
v -0.04918263 0.00389834 0.00990834
v -0.04918263 0.00361408 0.00998194
v -0.04918263 0.00334101 0.01008992
v -0.04918263 0.00308328 0.01023063
v -0.04918263 0.00284480 0.01040196
v -0.04918263 0.00262917 0.01060129
v -0.04918263 0.00243968 0.01082560
v -0.04918263 0.00227919 0.01107151
v -0.04918263 0.00215014 0.01133527
v -0.04918263 0.00205447 0.01161289
v -0.04918263 0.00199365 0.01190016
v -0.04918263 0.00196859 0.01219273
v -0.04918263 0.00197968 0.01248616
v -0.04918263 0.00202674 0.01277601
v -0.04918263 0.00210906 0.01305787
v -0.04889710 0.00213211 0.01337475
v -0.04889710 0.00228722 0.01363913
v -0.04889710 0.00247363 0.01388244
v -0.04889710 0.00268853 0.01410100
v -0.04889710 0.00292866 0.01429150
v -0.04889710 0.00319039 0.01445104
v -0.04889710 0.00346973 0.01457721
v -0.04889710 0.00376246 0.01466810
v -0.04889710 0.00406414 0.01472232
v -0.04889710 0.00437020 0.01473906
v -0.04889710 0.00467600 0.01471807
v -0.04889710 0.00497689 0.01465965
v -0.04889710 0.00526833 0.01456470
v -0.04889710 0.00554589 0.01443465
v -0.04889710 0.00580537 0.01427148
v -0.04889710 0.00604283 0.01407766
v -0.04889710 0.00625467 0.01385613
v -0.04889710 0.00643768 0.01361025
v -0.04889710 0.00658908 0.01334374
v -0.04889710 0.00670659 0.01306064
v -0.04889710 0.00678842 0.01276525
v -0.04889710 0.00683333 0.01246204
v -0.04889710 0.00684064 0.01215561
v -0.04889710 0.00681023 0.01185061
v -0.04889710 0.00674258 0.01155165
v -0.04889710 0.00663870 0.01126328
v -0.04889710 0.00650017 0.01098985
v -0.04889710 0.00632908 0.01073552
v -0.04889710 0.00612805 0.01050415
v -0.04889710 0.00590010 0.01029923
v -0.04889710 0.00564869 0.01012388
v -0.04889710 0.00537765 0.00998075
v -0.04889710 0.00509107 0.00987201
v -0.04889710 0.00479329 0.00979932
v -0.04889710 0.00448885 0.00976377
v -0.04889710 0.00418234 0.00976590
v -0.04889710 0.00387842 0.00980569
v -0.04889710 0.00358168 0.00988252
v -0.04889710 0.00329664 0.00999523
v -0.04889710 0.00302762 0.01014211
v -0.04889710 0.00277868 0.01032095
v -0.04889710 0.00255360 0.01052902
v -0.04889710 0.00235580 0.01076317
v -0.04889710 0.00218827 0.01101985
v -0.04889710 0.00205356 0.01129518
v -0.04889710 0.00195370 0.01158497
v -0.04889710 0.00189021 0.01188484
v -0.04889710 0.00186405 0.01219024
v -0.04889710 0.00187562 0.01249653
v -0.04889710 0.00192475 0.01279909
v -0.04889710 0.00201068 0.01309331
v -0.04860131 0.00206921 0.01340662
v -0.04860131 0.00222871 0.01367848
v -0.04860131 0.00242040 0.01392869
v -0.04860131 0.00264139 0.01415344
v -0.04860131 0.00288832 0.01434933
v -0.04860131 0.00315746 0.01451340
v -0.04860131 0.00344471 0.01464314
v -0.04860131 0.00374574 0.01473660
v -0.04860131 0.00405596 0.01479236
v -0.04860131 0.00437069 0.01480958
v -0.04860131 0.00468515 0.01478799
v -0.04860131 0.00499457 0.01472791
v -0.04860131 0.00529426 0.01463027
v -0.04860131 0.00557968 0.01449654
v -0.04860131 0.00584651 0.01432875
v -0.04860131 0.00609069 0.01412944
v -0.04860131 0.00630854 0.01390164
v -0.04860131 0.00649673 0.01364879
v -0.04860131 0.00665243 0.01337473
v -0.04860131 0.00677326 0.01308362
v -0.04860131 0.00685741 0.01277986
v -0.04860131 0.00690359 0.01246806
v -0.04860131 0.00691111 0.01215295
v -0.04860131 0.00687984 0.01183931
v -0.04860131 0.00681027 0.01153188
v -0.04860131 0.00670344 0.01123534
v -0.04860131 0.00656099 0.01095417
v -0.04860131 0.00638506 0.01069264
v -0.04860131 0.00617833 0.01045471
v -0.04860131 0.00594392 0.01024399
v -0.04860131 0.00568540 0.01006367
v -0.04860131 0.00540667 0.00991649
v -0.04860131 0.00511197 0.00980467
v -0.04860131 0.00480577 0.00972992
v -0.04860131 0.00449270 0.00969336
v -0.04860131 0.00417751 0.00969555
v -0.04860131 0.00386498 0.00973646
v -0.04860131 0.00355984 0.00981547
v -0.04860131 0.00326673 0.00993137
v -0.04860131 0.00299008 0.01008242
v -0.04860131 0.00273409 0.01026632
v -0.04860131 0.00250264 0.01048028
v -0.04860131 0.00229923 0.01072107
v -0.04860131 0.00212696 0.01098502
v -0.04860131 0.00198843 0.01126814
v -0.04860131 0.00188574 0.01156615
v -0.04860131 0.00182046 0.01187451
v -0.04860131 0.00179356 0.01218856
v -0.04860131 0.00180546 0.01250353
v -0.04860131 0.00185597 0.01281465
v -0.04860131 0.00194434 0.01311721
v -0.04829932 0.00203754 0.01342266
v -0.04829932 0.00219925 0.01369830
v -0.04829932 0.00239360 0.01395197
v -0.04829932 0.00261766 0.01417984
v -0.04829932 0.00286801 0.01437845
v -0.04829932 0.00314088 0.01454479
v -0.04829932 0.00343212 0.01467633
v -0.04829932 0.00373732 0.01477109
v -0.04829932 0.00405185 0.01482762
v -0.04829932 0.00437094 0.01484508
v -0.04829932 0.00468976 0.01482319
v -0.04829932 0.00500347 0.01476228
v -0.04829932 0.00530732 0.01466329
v -0.04829932 0.00559670 0.01452770
v -0.04829932 0.00586722 0.01435759
v -0.04829932 0.00611479 0.01415551
v -0.04829932 0.00633565 0.01392455
v -0.04829932 0.00652646 0.01366819
v -0.04829932 0.00668431 0.01339033
v -0.04829932 0.00680683 0.01309518
v -0.04829932 0.00689214 0.01278721
v -0.04829932 0.00693896 0.01247109
v -0.04829932 0.00694658 0.01215161
v -0.04829932 0.00691488 0.01183362
v -0.04829932 0.00684435 0.01152193
v -0.04829932 0.00673604 0.01122128
v -0.04829932 0.00659161 0.01093621
v -0.04829932 0.00641324 0.01067105
v -0.04829932 0.00620364 0.01042982
v -0.04829932 0.00596598 0.01021617
v -0.04829932 0.00570388 0.01003336
v -0.04829932 0.00542129 0.00988413
v -0.04829932 0.00512250 0.00977077
v -0.04829932 0.00481205 0.00969498
v -0.04829932 0.00449464 0.00965791
v -0.04829932 0.00417508 0.00966014
v -0.04829932 0.00385821 0.00970161
v -0.04829932 0.00354884 0.00978171
v -0.04829932 0.00325166 0.00989923
v -0.04829932 0.00297118 0.01005237
v -0.04829932 0.00271164 0.01023882
v -0.04829932 0.00247698 0.01045575
v -0.04829932 0.00227075 0.01069987
v -0.04829932 0.00209609 0.01096748
v -0.04829932 0.00195564 0.01125453
v -0.04829932 0.00185153 0.01155667
v -0.04829932 0.00178534 0.01186931
v -0.04829932 0.00175807 0.01218771
v -0.04829932 0.00177013 0.01250705
v -0.04829932 0.00182134 0.01282249
v -0.04829932 0.00191094 0.01312924
v -0.04799525 0.00203754 0.01342266
v -0.04799525 0.00219925 0.01369830
v -0.04799525 0.00239360 0.01395197
v -0.04799525 0.00261766 0.01417984
v -0.04799525 0.00286801 0.01437845
v -0.04799525 0.00314088 0.01454479
v -0.04799525 0.00343212 0.01467633
v -0.04799525 0.00373732 0.01477109
v -0.04799525 0.00405185 0.01482762
v -0.04799525 0.00437094 0.01484508
v -0.04799525 0.00468976 0.01482319
v -0.04799525 0.00500347 0.01476228
v -0.04799525 0.00530732 0.01466329
v -0.04799525 0.00559670 0.01452770
v -0.04799525 0.00586722 0.01435759
v -0.04799525 0.00611479 0.01415551
v -0.04799525 0.00633565 0.01392455
v -0.04799525 0.00652646 0.01366819
v -0.04799525 0.00668431 0.01339033
v -0.04799525 0.00680683 0.01309518
v -0.04799525 0.00689214 0.01278721
v -0.04799525 0.00693896 0.01247109
v -0.04799525 0.00694658 0.01215161
v -0.04799525 0.00691488 0.01183362
v -0.04799525 0.00684435 0.01152193
v -0.04799525 0.00673604 0.01122128
v -0.04799525 0.00659161 0.01093621
v -0.04799525 0.00641324 0.01067105
v -0.04799525 0.00620364 0.01042982
v -0.04799525 0.00596598 0.01021617
v -0.04799525 0.00570388 0.01003336
v -0.04799525 0.00542129 0.00988413
v -0.04799525 0.00512250 0.00977077
v -0.04799525 0.00481205 0.00969498
v -0.04799525 0.00449464 0.00965791
v -0.04799525 0.00417508 0.00966014
v -0.04799525 0.00385821 0.00970161
v -0.04799525 0.00354884 0.00978171
v -0.04799525 0.00325166 0.00989923
v -0.04799525 0.00297118 0.01005237
v -0.04799525 0.00271164 0.01023882
v -0.04799525 0.00247698 0.01045575
v -0.04799525 0.00227075 0.01069987
v -0.04799525 0.00209609 0.01096748
v -0.04799525 0.00195564 0.01125453
v -0.04799525 0.00185153 0.01155667
v -0.04799525 0.00178534 0.01186931
v -0.04799525 0.00175807 0.01218771
v -0.04799525 0.00177013 0.01250705
v -0.04799525 0.00182134 0.01282249
v -0.04799525 0.00191094 0.01312924
v -0.04769325 0.00206921 0.01340662
v -0.04769325 0.00222871 0.01367848
v -0.04769325 0.00242040 0.01392869
v -0.04769325 0.00264139 0.01415344
v -0.04769325 0.00288832 0.01434933
v -0.04769325 0.00315746 0.01451340
v -0.04769325 0.00344471 0.01464314
v -0.04769325 0.00374574 0.01473660
v -0.04769325 0.00405596 0.01479236
v -0.04769325 0.00437069 0.01480958
v -0.04769325 0.00468515 0.01478799
v -0.04769325 0.00499457 0.01472791
v -0.04769325 0.00529426 0.01463027
v -0.04769325 0.00557968 0.01449654
v -0.04769325 0.00584651 0.01432875
v -0.04769325 0.00609069 0.01412944
v -0.04769325 0.00630854 0.01390164
v -0.04769325 0.00649673 0.01364879
v -0.04769325 0.00665243 0.01337473
v -0.04769325 0.00677326 0.01308362
v -0.04769325 0.00685741 0.01277986
v -0.04769325 0.00690359 0.01246806
v -0.04769325 0.00691111 0.01215295
v -0.04769325 0.00687984 0.01183931
v -0.04769325 0.00681027 0.01153188
v -0.04769325 0.00670344 0.01123534
v -0.04769325 0.00656099 0.01095417
v -0.04769325 0.00638506 0.01069264
v -0.04769325 0.00617833 0.01045471
v -0.04769325 0.00594392 0.01024399
v -0.04769325 0.00568540 0.01006367
v -0.04769325 0.00540667 0.00991649
v -0.04769325 0.00511197 0.00980467
v -0.04769325 0.00480577 0.00972992
v -0.04769325 0.00449270 0.00969336
v -0.04769325 0.00417751 0.00969555
v -0.04769325 0.00386498 0.00973646
v -0.04769325 0.00355984 0.00981547
v -0.04769325 0.00326673 0.00993137
v -0.04769325 0.00299008 0.01008242
v -0.04769325 0.00273409 0.01026632
v -0.04769325 0.00250264 0.01048028
v -0.04769325 0.00229923 0.01072107
v -0.04769325 0.00212696 0.01098502
v -0.04769325 0.00198843 0.01126814
v -0.04769325 0.00188574 0.01156615
v -0.04769325 0.00182046 0.01187451
v -0.04769325 0.00179356 0.01218856
v -0.04769325 0.00180546 0.01250353
v -0.04769325 0.00185597 0.01281465
v -0.04769325 0.00194434 0.01311721
v -0.04739747 0.00213211 0.01337475
v -0.04739747 0.00228722 0.01363913
v -0.04739747 0.00247363 0.01388244
v -0.04739747 0.00268853 0.01410100
v -0.04739747 0.00292866 0.01429150
v -0.04739747 0.00319039 0.01445104
v -0.04739747 0.00346973 0.01457721
v -0.04739747 0.00376246 0.01466810
v -0.04739747 0.00406414 0.01472232
v -0.04739747 0.00437020 0.01473906
v -0.04739747 0.00467600 0.01471807
v -0.04739747 0.00497689 0.01465965
v -0.04739747 0.00526833 0.01456470
v -0.04739747 0.00554589 0.01443465
v -0.04739747 0.00580537 0.01427148
v -0.04739747 0.00604283 0.01407766
v -0.04739747 0.00625467 0.01385613
v -0.04739747 0.00643768 0.01361025
v -0.04739747 0.00658908 0.01334374
v -0.04739747 0.00670659 0.01306064
v -0.04739747 0.00678842 0.01276525
v -0.04739747 0.00683333 0.01246204
v -0.04739747 0.00684064 0.01215561
v -0.04739747 0.00681023 0.01185061
v -0.04739747 0.00674258 0.01155165
v -0.04739747 0.00663870 0.01126328
v -0.04739747 0.00650017 0.01098985
v -0.04739747 0.00632908 0.01073552
v -0.04739747 0.00612805 0.01050415
v -0.04739747 0.00590010 0.01029923
v -0.04739747 0.00564869 0.01012388
v -0.04739747 0.00537765 0.00998075
v -0.04739747 0.00509107 0.00987201
v -0.04739747 0.00479329 0.00979932
v -0.04739747 0.00448885 0.00976377
v -0.04739747 0.00418234 0.00976590
v -0.04739747 0.00387842 0.00980569
v -0.04739747 0.00358168 0.00988252
v -0.04739747 0.00329664 0.00999523
v -0.04739747 0.00302762 0.01014211
v -0.04739747 0.00277868 0.01032095
v -0.04739747 0.00255360 0.01052902
v -0.04739747 0.00235580 0.01076317
v -0.04739747 0.00218827 0.01101985
v -0.04739747 0.00205356 0.01129518
v -0.04739747 0.00195370 0.01158497
v -0.04739747 0.00189021 0.01188484
v -0.04739747 0.00186405 0.01219024
v -0.04739747 0.00187562 0.01249653
v -0.04739747 0.00192475 0.01279909
v -0.04739747 0.00201068 0.01309331
v -0.04711194 0.00222539 0.01332749
v -0.04711194 0.00237398 0.01358076
v -0.04711194 0.00255256 0.01381386
v -0.04711194 0.00275844 0.01402324
v -0.04711194 0.00298848 0.01420573
v -0.04711194 0.00323921 0.01435857
v -0.04711194 0.00350682 0.01447944
v -0.04711194 0.00378726 0.01456651
v -0.04711194 0.00407627 0.01461846
v -0.04711194 0.00436947 0.01463450
v -0.04711194 0.00466242 0.01461438
v -0.04711194 0.00495068 0.01455842
v -0.04711194 0.00522988 0.01446746
v -0.04711194 0.00549578 0.01434287
v -0.04711194 0.00574436 0.01418656
v -0.04711194 0.00597184 0.01400088
v -0.04711194 0.00617479 0.01378865
v -0.04711194 0.00635011 0.01355310
v -0.04711194 0.00649516 0.01329778
v -0.04711194 0.00660773 0.01302658
v -0.04711194 0.00668612 0.01274359
v -0.04711194 0.00672915 0.01245312
v -0.04711194 0.00673615 0.01215956
v -0.04711194 0.00670702 0.01186737
v -0.04711194 0.00664221 0.01158097
v -0.04711194 0.00654269 0.01130471
v -0.04711194 0.00640997 0.01104277
v -0.04711194 0.00624608 0.01079912
v -0.04711194 0.00605348 0.01057746
v -0.04711194 0.00583511 0.01038115
v -0.04711194 0.00559427 0.01021316
v -0.04711194 0.00533460 0.01007605
v -0.04711194 0.00506006 0.00997188
v -0.04711194 0.00477480 0.00990224
v -0.04711194 0.00448314 0.00986818
v -0.04711194 0.00418950 0.00987023
v -0.04711194 0.00389834 0.00990834
v -0.04711194 0.00361408 0.00998194
v -0.04711194 0.00334101 0.01008992
v -0.04711194 0.00308328 0.01023063
v -0.04711194 0.00284480 0.01040196
v -0.04711194 0.00262917 0.01060129
v -0.04711194 0.00243968 0.01082560
v -0.04711194 0.00227919 0.01107151
v -0.04711194 0.00215014 0.01133527
v -0.04711194 0.00205447 0.01161289
v -0.04711194 0.00199365 0.01190016
v -0.04711194 0.00196859 0.01219273
v -0.04711194 0.00197968 0.01248616
v -0.04711194 0.00202674 0.01277601
v -0.04711194 0.00210906 0.01305787
v -0.04684057 0.00234777 0.01326548
v -0.04684057 0.00248781 0.01350419
v -0.04684057 0.00265612 0.01372388
v -0.04684057 0.00285015 0.01392121
v -0.04684057 0.00306697 0.01409321
v -0.04684057 0.00330327 0.01423726
v -0.04684057 0.00355549 0.01435118
v -0.04684057 0.00381979 0.01443324
v -0.04684057 0.00409218 0.01448220
v -0.04684057 0.00436852 0.01449731
v -0.04684057 0.00464462 0.01447835
v -0.04684057 0.00491630 0.01442561
v -0.04684057 0.00517943 0.01433988
v -0.04684057 0.00543004 0.01422246
v -0.04684057 0.00566432 0.01407514
v -0.04684057 0.00587872 0.01390014
v -0.04684057 0.00606999 0.01370012
v -0.04684057 0.00623523 0.01347812
v -0.04684057 0.00637193 0.01323749
v -0.04684057 0.00647803 0.01298188
v -0.04684057 0.00655191 0.01271518
v -0.04684057 0.00659246 0.01244141
v -0.04684057 0.00659906 0.01216474
v -0.04684057 0.00657160 0.01188935
v -0.04684057 0.00651052 0.01161943
v -0.04684057 0.00641673 0.01135906
v -0.04684057 0.00629165 0.01111218
v -0.04684057 0.00613718 0.01088255
v -0.04684057 0.00595566 0.01067365
v -0.04684057 0.00574985 0.01048863
v -0.04684057 0.00552286 0.01033030
v -0.04684057 0.00527813 0.01020107
v -0.04684057 0.00501938 0.01010290
v -0.04684057 0.00475053 0.01003726
v -0.04684057 0.00447564 0.01000517
v -0.04684057 0.00419890 0.01000709
v -0.04684057 0.00392449 0.01004301
v -0.04684057 0.00365657 0.01011238
v -0.04684057 0.00339921 0.01021415
v -0.04684057 0.00315631 0.01034677
v -0.04684057 0.00293155 0.01050824
v -0.04684057 0.00272833 0.01069610
v -0.04684057 0.00254973 0.01090751
v -0.04684057 0.00239847 0.01113927
v -0.04684057 0.00227684 0.01138786
v -0.04684057 0.00218668 0.01164951
v -0.04684057 0.00212936 0.01192026
v -0.04684057 0.00210574 0.01219600
v -0.04684057 0.00211619 0.01247255
v -0.04684057 0.00216054 0.01274573
v -0.04684057 0.00223813 0.01301138
v -0.04658708 0.00249757 0.01318959
v -0.04658708 0.00262715 0.01341046
v -0.04658708 0.00278289 0.01361373
v -0.04658708 0.00296242 0.01379632
v -0.04658708 0.00316304 0.01395547
v -0.04658708 0.00338169 0.01408876
v -0.04658708 0.00361506 0.01419417
v -0.04658708 0.00385962 0.01427010
v -0.04658708 0.00411166 0.01431540
v -0.04658708 0.00436735 0.01432939
v -0.04658708 0.00462282 0.01431184
v -0.04658708 0.00487420 0.01426304
v -0.04658708 0.00511768 0.01418371
v -0.04658708 0.00534957 0.01407507
v -0.04658708 0.00556634 0.01393875
v -0.04658708 0.00576472 0.01377683
v -0.04658708 0.00594170 0.01359175
v -0.04658708 0.00609459 0.01338633
v -0.04658708 0.00622109 0.01316368
v -0.04658708 0.00631926 0.01292717
v -0.04658708 0.00638762 0.01268039
v -0.04658708 0.00642514 0.01242708
v -0.04658708 0.00643124 0.01217108
v -0.04658708 0.00640584 0.01191627
v -0.04658708 0.00634932 0.01166651
v -0.04658708 0.00626253 0.01142559
v -0.04658708 0.00614680 0.01119716
v -0.04658708 0.00600387 0.01098469
v -0.04658708 0.00583592 0.01079139
v -0.04658708 0.00564548 0.01062019
v -0.04658708 0.00543545 0.01047369
v -0.04658708 0.00520901 0.01035412
v -0.04658708 0.00496959 0.01026328
v -0.04658708 0.00472082 0.01020255
v -0.04658708 0.00446647 0.01017285
v -0.04658708 0.00421040 0.01017463
v -0.04658708 0.00395649 0.01020787
v -0.04658708 0.00370860 0.01027205
v -0.04658708 0.00347046 0.01036622
v -0.04658708 0.00324571 0.01048893
v -0.04658708 0.00303773 0.01063833
v -0.04658708 0.00284970 0.01081216
v -0.04658708 0.00268445 0.01100778
v -0.04658708 0.00254449 0.01122222
v -0.04658708 0.00243194 0.01145224
v -0.04658708 0.00234852 0.01169434
v -0.04658708 0.00229548 0.01194486
v -0.04658708 0.00227363 0.01220000
v -0.04658708 0.00228329 0.01245590
v -0.04658708 0.00232433 0.01270866
v -0.04658708 0.00239612 0.01295447
v -0.04635492 0.00267275 0.01310083
v -0.04635492 0.00279009 0.01330085
v -0.04635492 0.00293113 0.01348493
v -0.04635492 0.00309371 0.01365028
v -0.04635492 0.00327538 0.01379440
v -0.04635492 0.00347339 0.01391510
v -0.04635492 0.00368473 0.01401056
v -0.04635492 0.00390620 0.01407932
v -0.04635492 0.00413443 0.01412035
v -0.04635492 0.00436598 0.01413301
v -0.04635492 0.00459733 0.01411712
v -0.04635492 0.00482498 0.01407293
v -0.04635492 0.00504547 0.01400109
v -0.04635492 0.00525546 0.01390271
v -0.04635492 0.00545177 0.01377926
v -0.04635492 0.00563142 0.01363263
v -0.04635492 0.00579168 0.01346503
v -0.04635492 0.00593014 0.01327900
v -0.04635492 0.00604469 0.01307737
v -0.04635492 0.00613359 0.01286319
v -0.04635492 0.00619550 0.01263972
v -0.04635492 0.00622947 0.01241032
v -0.04635492 0.00623500 0.01217849
v -0.04635492 0.00621200 0.01194774
v -0.04635492 0.00616082 0.01172156
v -0.04635492 0.00608222 0.01150339
v -0.04635492 0.00597742 0.01129653
v -0.04635492 0.00584798 0.01110412
v -0.04635492 0.00569589 0.01092907
v -0.04635492 0.00552343 0.01077404
v -0.04635492 0.00533323 0.01064137
v -0.04635492 0.00512817 0.01053309
v -0.04635492 0.00491136 0.01045083
v -0.04635492 0.00468608 0.01039583
v -0.04635492 0.00445575 0.01036893
v -0.04635492 0.00422386 0.01037055
v -0.04635492 0.00399392 0.01040065
v -0.04635492 0.00376943 0.01045877
v -0.04635492 0.00355378 0.01054404
v -0.04635492 0.00335025 0.01065517
v -0.04635492 0.00316191 0.01079047
v -0.04635492 0.00299163 0.01094788
v -0.04635492 0.00284198 0.01112503
v -0.04635492 0.00271524 0.01131923
v -0.04635492 0.00261332 0.01152753
v -0.04635492 0.00253777 0.01174677
v -0.04635492 0.00248974 0.01197364
v -0.04635492 0.00246995 0.01220469
v -0.04635492 0.00247870 0.01243642
v -0.04635492 0.00251587 0.01266532
v -0.04635492 0.00258088 0.01288791
v -0.04614728 0.00278987 0.01281263
v -0.04614728 0.00284849 0.01295444
v -0.04614728 0.00287091 0.01300043
v -0.04614728 0.00297441 0.01317686
v -0.04614728 0.00309881 0.01333923
v -0.04614728 0.00324222 0.01348508
v -0.04614728 0.00340247 0.01361220
v -0.04614728 0.00357712 0.01371867
v -0.04614728 0.00376353 0.01380287
v -0.04614728 0.00395888 0.01386352
v -0.04614728 0.00416020 0.01389970
v -0.04614728 0.00436444 0.01391087
v -0.04614728 0.00456850 0.01389686
v -0.04614728 0.00476930 0.01385788
v -0.04614728 0.00496378 0.01379452
v -0.04614728 0.00514901 0.01370773
v -0.04614728 0.00532216 0.01359885
v -0.04614728 0.00548062 0.01346951
v -0.04614728 0.00562199 0.01332167
v -0.04614728 0.00574411 0.01315759
v -0.04614728 0.00584515 0.01297974
v -0.04614728 0.00592357 0.01279082
v -0.04614728 0.00597818 0.01259370
v -0.04614728 0.00600814 0.01239136
v -0.04614728 0.00601302 0.01218688
v -0.04614728 0.00599273 0.01198334
v -0.04614728 0.00594758 0.01178384
v -0.04614728 0.00587826 0.01159140
v -0.04614728 0.00578582 0.01140894
v -0.04614728 0.00567165 0.01123922
v -0.04614728 0.00553749 0.01108482
v -0.04614728 0.00538537 0.01094807
v -0.04614728 0.00521761 0.01083105
v -0.04614728 0.00503673 0.01073554
v -0.04614728 0.00484549 0.01066298
v -0.04614728 0.00464678 0.01061447
v -0.04614728 0.00444361 0.01059074
v -0.04614728 0.00423907 0.01059217
v -0.04614728 0.00403626 0.01061871
v -0.04614728 0.00383824 0.01066998
v -0.04614728 0.00364803 0.01074520
v -0.04614728 0.00346850 0.01084322
v -0.04614728 0.00330238 0.01096256
v -0.04614728 0.00315218 0.01110141
v -0.04614728 0.00302018 0.01125767
v -0.04614728 0.00290839 0.01142896
v -0.04614728 0.00281849 0.01161269
v -0.04614728 0.00275185 0.01180607
v -0.04614728 0.00270948 0.01200618
v -0.04614728 0.00269203 0.01220998
v -0.04614728 0.00269975 0.01241438
v -0.04614728 0.00273253 0.01261628
v -0.04614728 0.00519221 0.01170597
v -0.04614728 0.00530775 0.01195257
v -0.04614728 0.00505590 0.01296076
v -0.04614728 0.00483796 0.01312406
v -0.04614728 0.00522170 0.01274472
v -0.04614728 0.00458404 0.01322251
v -0.04614728 0.00452847 0.01126513
v -0.04614728 0.00425635 0.01125426
v -0.04614728 0.00375325 0.01144931
v -0.04614728 0.00355957 0.01164077
v -0.04614728 0.00379962 0.01308260
v -0.04614728 0.00359539 0.01290244
v -0.04614728 0.00532307 0.01249195
v -0.04614728 0.00535248 0.01222121
v -0.04614728 0.00478756 0.01134901
v -0.04614728 0.00399139 0.01131721
v -0.04614728 0.00342473 0.01187738
v -0.04614728 0.00335873 0.01214159
v -0.04614728 0.00336646 0.01241382
v -0.04614728 0.00344734 0.01267386
v -0.04614728 0.00501442 0.01149968
v -0.04614728 0.00404488 0.01320097
v -0.04614728 0.00431298 0.01324879
v -0.05014728 0.00344734 0.01267386
v -0.05014728 0.00359539 0.01290244
v -0.05014728 0.00379962 0.01308260
v -0.05014728 0.00404488 0.01320097
v -0.05014728 0.00431298 0.01324879
v -0.05014728 0.00458404 0.01322251
v -0.05014728 0.00483796 0.01312406
v -0.05014728 0.00505590 0.01296076
v -0.05014728 0.00522170 0.01274472
v -0.05014728 0.00532307 0.01249195
v -0.05014728 0.00535248 0.01222121
v -0.05014728 0.00530775 0.01195257
v -0.05014728 0.00519221 0.01170597
v -0.05014728 0.00501442 0.01149968
v -0.05014728 0.00478756 0.01134901
v -0.05014728 0.00452847 0.01126513
v -0.05014728 0.00425635 0.01125426
v -0.05014728 0.00399139 0.01131721
v -0.05014728 0.00375325 0.01144931
v -0.05014728 0.00355957 0.01164077
v -0.05014728 0.00342473 0.01187738
v -0.05014728 0.00335873 0.01214159
v -0.05014728 0.00336646 0.01241382
v -0.04614728 0.00361453 0.01143422
v -0.04614728 0.00376294 0.01132116
v -0.04614728 0.00331365 0.01044959
v -0.04614728 0.00392834 0.01123482
v -0.04614728 0.00466007 0.01119335
v -0.04614728 0.00483416 0.01126046
v -0.04614728 0.00539211 0.01044959
v -0.04614728 0.00499440 0.01135603
v -0.04614728 0.00326618 0.01207905
v -0.04614728 0.00331063 0.01189785
v -0.04614728 0.00227442 0.01224959
v -0.04614728 0.00338507 0.01172677
v -0.04614728 0.00348735 0.01157073
v -0.04614728 0.00541336 0.01195738
v -0.04614728 0.00544749 0.01214080
v -0.04614728 0.00643134 0.01224959
v -0.04614728 0.00545013 0.01232736
v -0.04614728 0.00332100 0.01263068
v -0.04614728 0.00327144 0.01245081
v -0.04614728 0.00325299 0.01226516
v -0.04614728 0.00410594 0.01117767
v -0.04614728 0.00429065 0.01115135
v -0.04614728 0.00447715 0.01115663
v -0.04614728 0.00331365 0.01404959
v -0.04614728 0.00350690 0.01295267
v -0.04614728 0.00340025 0.01279959
v -0.04614728 0.00513618 0.01147730
v -0.04614728 0.00525543 0.01162078
v -0.04614728 0.00534872 0.01178236
v -0.04614728 0.00515772 0.01299941
v -0.04614728 0.00501943 0.01312464
v -0.04614728 0.00539211 0.01404959
v -0.04614728 0.00486195 0.01322470
v -0.04614728 0.00413637 0.01332807
v -0.04614728 0.00395722 0.01327597
v -0.04614728 0.00542120 0.01251167
v -0.04614728 0.00536154 0.01268845
v -0.04614728 0.00527287 0.01285260
v -0.04614728 0.00468984 0.01329671
v -0.04614728 0.00450803 0.01333859
v -0.04614728 0.00432175 0.01334915
v -0.04614728 0.00378945 0.01319434
v -0.04614728 0.00363790 0.01308553
v -0.04314728 0.00390288 0.01147017
v -0.04314728 0.00371648 0.01161319
v -0.04314728 0.00319818 0.01024959
v -0.04314728 0.00357346 0.01179959
v -0.04314728 0.00204348 0.01224959
v -0.04314728 0.00348355 0.01201665
v -0.04314728 0.00345288 0.01224959
v -0.04314728 0.00348355 0.01248253
v -0.04314728 0.00357346 0.01269959
v -0.04314728 0.00319818 0.01424959
v -0.04314728 0.00371648 0.01288598
v -0.04314728 0.00390288 0.01302901
v -0.04314728 0.00480288 0.01147017
v -0.04314728 0.00458582 0.01138026
v -0.04314728 0.00550758 0.01024959
v -0.04314728 0.00435288 0.01134959
v -0.04314728 0.00411994 0.01138026
v -0.04314728 0.00411994 0.01311892
v -0.04314728 0.00435288 0.01314959
v -0.04314728 0.00550758 0.01424959
v -0.04314728 0.00458582 0.01311892
v -0.04314728 0.00480288 0.01302901
v -0.04314728 0.00525288 0.01224959
v -0.04314728 0.00522221 0.01201665
v -0.04314728 0.00666228 0.01224959
v -0.04314728 0.00513230 0.01179959
v -0.04314728 0.00498928 0.01161319
v -0.04314728 0.00498928 0.01288598
v -0.04314728 0.00513230 0.01269959
v -0.04314728 0.00522221 0.01248253
v -0.04594728 0.00319818 0.01424959
v -0.04594728 0.00550758 0.01424959
v -0.04594728 0.00666228 0.01224959
v -0.04594728 0.00550758 0.01024959
v -0.04594728 0.00319818 0.01024959
v -0.04594728 0.00204348 0.01224959
v -0.04594728 0.00513230 0.01179959
v -0.04594728 0.00516766 0.01186731
v -0.04594728 0.00522054 0.01201051
v -0.04594728 0.00522221 0.01201665
v -0.04594728 0.00524847 0.01216058
v -0.04594728 0.00525288 0.01224959
v -0.04594728 0.00525063 0.01231322
v -0.04594728 0.00522696 0.01246402
v -0.04594728 0.00517815 0.01260866
v -0.04594728 0.00522221 0.01248253
v -0.04594728 0.00498928 0.01288598
v -0.04594728 0.00501139 0.01286308
v -0.04594728 0.00510560 0.01274296
v -0.04594728 0.00513230 0.01269959
v -0.04594728 0.00489824 0.01296554
v -0.04594728 0.00480288 0.01302901
v -0.04594728 0.00476939 0.01304741
v -0.04594728 0.00462857 0.01310632
v -0.04594728 0.00447982 0.01314059
v -0.04594728 0.00458582 0.01311892
v -0.04594728 0.00411994 0.01311892
v -0.04594728 0.00417574 0.01313198
v -0.04594728 0.00432741 0.01314923
v -0.04594728 0.00435288 0.01314959
v -0.04594728 0.00402916 0.01308935
v -0.04594728 0.00390288 0.01302901
v -0.04594728 0.00389190 0.01302257
v -0.04594728 0.00376789 0.01293354
v -0.04594728 0.00366072 0.01282484
v -0.04594728 0.00371648 0.01288598
v -0.04594728 0.00346807 0.01241423
v -0.04594728 0.00348355 0.01248253
v -0.04594728 0.00350862 0.01256139
v -0.04594728 0.00357346 0.01269959
v -0.04594728 0.00346376 0.01211006
v -0.04594728 0.00345288 0.01224959
v -0.04594728 0.00345297 0.01226232
v -0.04594728 0.00357346 0.01179959
v -0.04594728 0.00356103 0.01182183
v -0.04594728 0.00350013 0.01196180
v -0.04594728 0.00348355 0.01201665
v -0.04594728 0.00364472 0.01169416
v -0.04594728 0.00371648 0.01161319
v -0.04594728 0.00374877 0.01158247
v -0.04594728 0.00387021 0.01148997
v -0.04594728 0.00400553 0.01141932
v -0.04594728 0.00390288 0.01147017
v -0.04594728 0.00435288 0.01134959
v -0.04594728 0.00430196 0.01135103
v -0.04594728 0.00415084 0.01137256
v -0.04594728 0.00411994 0.01138026
v -0.04594728 0.00445455 0.01135535
v -0.04594728 0.00458582 0.01138026
v -0.04594728 0.00460422 0.01138540
v -0.04594728 0.00474665 0.01144030
v -0.04594728 0.00487776 0.01151849
v -0.04594728 0.00480288 0.01147017
v -0.04594728 0.00509133 0.01173511
v -0.04594728 0.00499376 0.01161771
v -0.04594728 0.00498928 0.01161319
v -0.04602382 0.00345310 0.01241701
v -0.04602382 0.00343775 0.01226254
v -0.04602382 0.00344872 0.01210770
v -0.04602382 0.00348571 0.01195693
v -0.04602382 0.00354764 0.01181459
v -0.04602382 0.00363274 0.01168476
v -0.04602382 0.00373855 0.01157118
v -0.04602382 0.00386204 0.01147712
v -0.04602382 0.00399965 0.01140528
v -0.04602382 0.00414742 0.01135773
v -0.04602382 0.00430110 0.01133583
v -0.04602382 0.00445627 0.01134022
v -0.04602382 0.00460847 0.01137078
v -0.04602382 0.00475331 0.01142661
v -0.04602382 0.00488664 0.01150612
v -0.04602382 0.00500460 0.01160702
v -0.04602382 0.00510382 0.01172641
v -0.04602382 0.00518144 0.01186084
v -0.04602382 0.00523522 0.01200646
v -0.04602382 0.00526362 0.01215908
v -0.04602382 0.00526581 0.01231429
v -0.04602382 0.00524175 0.01246765
v -0.04602382 0.00519211 0.01261473
v -0.04602382 0.00511833 0.01275131
v -0.04602382 0.00502253 0.01287345
v -0.04602382 0.00490746 0.01297765
v -0.04602382 0.00477644 0.01306090
v -0.04602382 0.00463323 0.01312082
v -0.04602382 0.00448196 0.01315566
v -0.04602382 0.00432698 0.01316445
v -0.04602382 0.00417274 0.01314691
v -0.04602382 0.00402368 0.01310356
v -0.04602382 0.00388410 0.01303564
v -0.04602382 0.00375800 0.01294511
v -0.04602382 0.00364901 0.01283457
v -0.04602382 0.00349434 0.01256667
v -0.04602382 0.00356027 0.01270720
v -0.04608870 0.00361567 0.01286228
v -0.04608870 0.00372982 0.01297806
v -0.04608870 0.00386189 0.01307288
v -0.04608870 0.00400809 0.01314401
v -0.04608870 0.00416421 0.01318942
v -0.04608870 0.00432575 0.01320778
v -0.04608870 0.00448808 0.01319859
v -0.04608870 0.00464652 0.01316209
v -0.04608870 0.00479650 0.01309934
v -0.04608870 0.00493373 0.01301214
v -0.04608870 0.00505425 0.01290301
v -0.04608870 0.00515459 0.01277508
v -0.04608870 0.00523186 0.01263203
v -0.04608870 0.00528385 0.01247798
v -0.04608870 0.00530906 0.01231736
v -0.04608870 0.00530676 0.01215479
v -0.04608870 0.00527702 0.01199495
v -0.04608870 0.00522069 0.01184243
v -0.04608870 0.00513940 0.01170162
v -0.04608870 0.00503548 0.01157658
v -0.04608870 0.00491192 0.01147091
v -0.04608870 0.00477228 0.01138763
v -0.04608870 0.00462058 0.01132915
v -0.04608870 0.00446117 0.01129715
v -0.04608870 0.00429865 0.01129255
v -0.04608870 0.00413769 0.01131548
v -0.04608870 0.00398292 0.01136528
v -0.04608870 0.00383879 0.01144053
v -0.04608870 0.00370945 0.01153904
v -0.04608870 0.00359862 0.01165801
v -0.04608870 0.00350950 0.01179398
v -0.04608870 0.00344463 0.01194307
v -0.04608870 0.00340589 0.01210097
v -0.04608870 0.00339440 0.01226315
v -0.04608870 0.00341048 0.01242494
v -0.04608870 0.00345367 0.01258169
v -0.04608870 0.00352273 0.01272888
v -0.04613206 0.00356577 0.01290375
v -0.04613206 0.00368764 0.01302737
v -0.04613206 0.00382866 0.01312860
v -0.04613206 0.00398475 0.01320456
v -0.04613206 0.00415144 0.01325303
v -0.04613206 0.00432392 0.01327264
v -0.04613206 0.00449723 0.01326282
v -0.04613206 0.00466639 0.01322385
v -0.04613206 0.00482653 0.01315685
v -0.04613206 0.00497305 0.01306376
v -0.04613206 0.00510172 0.01294724
v -0.04613206 0.00520885 0.01281065
v -0.04613206 0.00529136 0.01265792
v -0.04613206 0.00534687 0.01249344
v -0.04613206 0.00537378 0.01232195
v -0.04613206 0.00537133 0.01214837
v -0.04613206 0.00533957 0.01197771
v -0.04613206 0.00527943 0.01181487
v -0.04613206 0.00519263 0.01166453
v -0.04613206 0.00508168 0.01153103
v -0.04613206 0.00494976 0.01141820
v -0.04613206 0.00480067 0.01132928
v -0.04613206 0.00463870 0.01126685
v -0.04613206 0.00446850 0.01123268
v -0.04613206 0.00429498 0.01122777
v -0.04613206 0.00412312 0.01125225
v -0.04613206 0.00395787 0.01130542
v -0.04613206 0.00380399 0.01138576
v -0.04613206 0.00366590 0.01149095
v -0.04613206 0.00354757 0.01161796
v -0.04613206 0.00345241 0.01176315
v -0.04613206 0.00338315 0.01192232
v -0.04613206 0.00334179 0.01209091
v -0.04613206 0.00332952 0.01226407
v -0.04613206 0.00334669 0.01243681
v -0.04613206 0.00339280 0.01260417
v -0.04613206 0.00346653 0.01276132
v -0.04604728 0.00663134 0.01224959
v -0.04612049 0.00544985 0.01034959
v -0.04612049 0.00654681 0.01224959
v -0.04599905 0.00665441 0.01224959
v -0.04599905 0.00550365 0.01025640
v -0.04604728 0.00549211 0.01027638
v -0.04599905 0.00320211 0.01025640
v -0.04604728 0.00321365 0.01027638
v -0.04612049 0.00325591 0.01034959
v -0.04599905 0.00550365 0.01424277
v -0.04604728 0.00549211 0.01422279
v -0.04612049 0.00544985 0.01414959
v -0.04599905 0.00205135 0.01224959
v -0.04604728 0.00207442 0.01224959
v -0.04612049 0.00215895 0.01224959
v -0.04599905 0.00320211 0.01424277
v -0.04604728 0.00321365 0.01422279
v -0.04612049 0.00325591 0.01414959
v -0.05014728 -0.00284849 -0.01295444
v -0.05014728 -0.00278987 -0.01281263
v -0.04993964 -0.00258088 -0.01288791
v -0.05014728 -0.00273253 -0.01261628
v -0.04993964 -0.00251587 -0.01266532
v -0.05014728 -0.00269975 -0.01241438
v -0.04993964 -0.00247870 -0.01243642
v -0.05014728 -0.00269203 -0.01220998
v -0.04993964 -0.00246995 -0.01220469
v -0.05014728 -0.00270948 -0.01200618
v -0.04993964 -0.00248974 -0.01197364
v -0.05014728 -0.00275185 -0.01180607
v -0.04993964 -0.00253777 -0.01174677
v -0.05014728 -0.00281849 -0.01161269
v -0.04993964 -0.00261332 -0.01152753
v -0.05014728 -0.00290839 -0.01142896
v -0.04993964 -0.00271524 -0.01131923
v -0.05014728 -0.00302018 -0.01125767
v -0.04993964 -0.00284198 -0.01112503
v -0.05014728 -0.00315218 -0.01110141
v -0.04993964 -0.00299163 -0.01094788
v -0.05014728 -0.00330238 -0.01096256
v -0.04993964 -0.00316191 -0.01079047
v -0.05014728 -0.00346850 -0.01084322
v -0.04993964 -0.00335025 -0.01065517
v -0.05014728 -0.00364803 -0.01074520
v -0.04993964 -0.00355378 -0.01054404
v -0.05014728 -0.00383824 -0.01066998
v -0.04993964 -0.00376943 -0.01045877
v -0.05014728 -0.00403626 -0.01061871
v -0.04993964 -0.00399392 -0.01040065
v -0.05014728 -0.00423907 -0.01059217
v -0.04993964 -0.00422386 -0.01037055
v -0.05014728 -0.00444361 -0.01059074
v -0.04993964 -0.00445575 -0.01036893
v -0.05014728 -0.00464678 -0.01061447
v -0.04993964 -0.00468608 -0.01039583
v -0.05014728 -0.00484549 -0.01066298
v -0.04993964 -0.00491136 -0.01045083
v -0.05014728 -0.00503673 -0.01073554
v -0.04993964 -0.00512817 -0.01053309
v -0.05014728 -0.00521761 -0.01083105
v -0.04993964 -0.00533323 -0.01064137
v -0.05014728 -0.00538537 -0.01094807
v -0.04993964 -0.00552343 -0.01077404
v -0.05014728 -0.00553749 -0.01108482
v -0.04993964 -0.00569589 -0.01092907
v -0.05014728 -0.00567165 -0.01123922
v -0.04993964 -0.00584798 -0.01110412
v -0.05014728 -0.00578582 -0.01140894
v -0.04993964 -0.00597742 -0.01129653
v -0.05014728 -0.00587826 -0.01159140
v -0.04993964 -0.00608222 -0.01150339
v -0.05014728 -0.00594758 -0.01178384
v -0.04993964 -0.00616082 -0.01172156
v -0.05014728 -0.00599273 -0.01198334
v -0.04993964 -0.00621200 -0.01194774
v -0.05014728 -0.00601302 -0.01218688
v -0.04993964 -0.00623500 -0.01217849
v -0.05014728 -0.00600814 -0.01239136
v -0.04993964 -0.00622947 -0.01241032
v -0.05014728 -0.00597818 -0.01259370
v -0.04993964 -0.00619550 -0.01263972
v -0.05014728 -0.00592357 -0.01279082
v -0.04993964 -0.00613359 -0.01286319
v -0.05014728 -0.00584515 -0.01297974
v -0.04993964 -0.00604469 -0.01307737
v -0.05014728 -0.00574411 -0.01315759
v -0.04993964 -0.00593014 -0.01327900
v -0.05014728 -0.00562199 -0.01332167
v -0.04993964 -0.00579168 -0.01346503
v -0.05014728 -0.00548062 -0.01346951
v -0.04993964 -0.00563142 -0.01363263
v -0.05014728 -0.00532216 -0.01359885
v -0.04993964 -0.00545177 -0.01377926
v -0.05014728 -0.00514901 -0.01370773
v -0.04993964 -0.00525546 -0.01390271
v -0.05014728 -0.00496378 -0.01379452
v -0.04993964 -0.00504547 -0.01400109
v -0.05014728 -0.00476930 -0.01385788
v -0.04993964 -0.00482498 -0.01407293
v -0.05014728 -0.00456850 -0.01389686
v -0.04993964 -0.00459733 -0.01411712
v -0.05014728 -0.00436444 -0.01391087
v -0.04993964 -0.00436598 -0.01413301
v -0.05014728 -0.00416020 -0.01389970
v -0.04993964 -0.00413443 -0.01412035
v -0.05014728 -0.00395888 -0.01386352
v -0.04993964 -0.00390620 -0.01407932
v -0.05014728 -0.00376353 -0.01380287
v -0.04993964 -0.00368473 -0.01401056
v -0.05014728 -0.00357712 -0.01371867
v -0.04993964 -0.00347339 -0.01391510
v -0.05014728 -0.00340247 -0.01361220
v -0.04993964 -0.00327538 -0.01379440
v -0.05014728 -0.00324222 -0.01348508
v -0.04993964 -0.00309371 -0.01365028
v -0.05014728 -0.00309881 -0.01333923
v -0.04993964 -0.00293113 -0.01348493
v -0.05014728 -0.00297441 -0.01317686
v -0.04993964 -0.00279009 -0.01330085
v -0.05014728 -0.00287091 -0.01300043
v -0.04993964 -0.00267275 -0.01310083
v -0.04970749 -0.00249757 -0.01318959
v -0.04970749 -0.00262715 -0.01341046
v -0.04970749 -0.00278289 -0.01361373
v -0.04970749 -0.00296242 -0.01379632
v -0.04970749 -0.00316304 -0.01395547
v -0.04970749 -0.00338169 -0.01408876
v -0.04970749 -0.00361506 -0.01419417
v -0.04970749 -0.00385962 -0.01427010
v -0.04970749 -0.00411166 -0.01431540
v -0.04970749 -0.00436735 -0.01432939
v -0.04970749 -0.00462282 -0.01431184
v -0.04970749 -0.00487420 -0.01426304
v -0.04970749 -0.00511768 -0.01418371
v -0.04970749 -0.00534957 -0.01407507
v -0.04970749 -0.00556634 -0.01393875
v -0.04970749 -0.00576472 -0.01377683
v -0.04970749 -0.00594170 -0.01359175
v -0.04970749 -0.00609459 -0.01338633
v -0.04970749 -0.00622109 -0.01316368
v -0.04970749 -0.00631926 -0.01292717
v -0.04970749 -0.00638762 -0.01268039
v -0.04970749 -0.00642514 -0.01242708
v -0.04970749 -0.00643124 -0.01217108
v -0.04970749 -0.00640584 -0.01191627
v -0.04970749 -0.00634932 -0.01166651
v -0.04970749 -0.00626253 -0.01142559
v -0.04970749 -0.00614680 -0.01119716
v -0.04970749 -0.00600387 -0.01098469
v -0.04970749 -0.00583592 -0.01079139
v -0.04970749 -0.00564548 -0.01062019
v -0.04970749 -0.00543545 -0.01047369
v -0.04970749 -0.00520901 -0.01035412
v -0.04970749 -0.00496959 -0.01026328
v -0.04970749 -0.00472082 -0.01020255
v -0.04970749 -0.00446647 -0.01017285
v -0.04970749 -0.00421040 -0.01017463
v -0.04970749 -0.00395649 -0.01020787
v -0.04970749 -0.00370860 -0.01027205
v -0.04970749 -0.00347046 -0.01036622
v -0.04970749 -0.00324571 -0.01048893
v -0.04970749 -0.00303773 -0.01063833
v -0.04970749 -0.00284970 -0.01081216
v -0.04970749 -0.00268445 -0.01100778
v -0.04970749 -0.00254449 -0.01122222
v -0.04970749 -0.00243194 -0.01145224
v -0.04970749 -0.00234852 -0.01169434
v -0.04970749 -0.00229548 -0.01194486
v -0.04970749 -0.00227363 -0.01220000
v -0.04970749 -0.00228329 -0.01245590
v -0.04970749 -0.00232433 -0.01270866
v -0.04970749 -0.00239612 -0.01295447
v -0.04945399 -0.00234777 -0.01326548
v -0.04945399 -0.00248781 -0.01350419
v -0.04945399 -0.00265612 -0.01372388
v -0.04945399 -0.00285015 -0.01392121
v -0.04945399 -0.00306697 -0.01409321
v -0.04945399 -0.00330327 -0.01423726
v -0.04945399 -0.00355549 -0.01435118
v -0.04945399 -0.00381979 -0.01443324
v -0.04945399 -0.00409218 -0.01448220
v -0.04945399 -0.00436852 -0.01449731
v -0.04945399 -0.00464462 -0.01447835
v -0.04945399 -0.00491630 -0.01442561
v -0.04945399 -0.00517943 -0.01433988
v -0.04945399 -0.00543004 -0.01422246
v -0.04945399 -0.00566432 -0.01407514
v -0.04945399 -0.00587872 -0.01390014
v -0.04945399 -0.00606999 -0.01370012
v -0.04945399 -0.00623523 -0.01347812
v -0.04945399 -0.00637193 -0.01323749
v -0.04945399 -0.00647803 -0.01298188
v -0.04945399 -0.00655191 -0.01271518
v -0.04945399 -0.00659246 -0.01244141
v -0.04945399 -0.00659906 -0.01216474
v -0.04945399 -0.00657160 -0.01188935
v -0.04945399 -0.00651052 -0.01161943
v -0.04945399 -0.00641673 -0.01135906
v -0.04945399 -0.00629165 -0.01111218
v -0.04945399 -0.00613718 -0.01088255
v -0.04945399 -0.00595566 -0.01067365
v -0.04945399 -0.00574985 -0.01048863
v -0.04945399 -0.00552286 -0.01033030
v -0.04945399 -0.00527813 -0.01020107
v -0.04945399 -0.00501938 -0.01010290
v -0.04945399 -0.00475053 -0.01003726
v -0.04945399 -0.00447564 -0.01000517
v -0.04945399 -0.00419890 -0.01000709
v -0.04945399 -0.00392449 -0.01004301
v -0.04945399 -0.00365657 -0.01011238
v -0.04945399 -0.00339921 -0.01021415
v -0.04945399 -0.00315631 -0.01034677
v -0.04945399 -0.00293155 -0.01050824
v -0.04945399 -0.00272833 -0.01069610
v -0.04945399 -0.00254973 -0.01090751
v -0.04945399 -0.00239847 -0.01113927
v -0.04945399 -0.00227684 -0.01138786
v -0.04945399 -0.00218668 -0.01164951
v -0.04945399 -0.00212936 -0.01192026
v -0.04945399 -0.00210574 -0.01219600
v -0.04945399 -0.00211619 -0.01247255
v -0.04945399 -0.00216054 -0.01274573
v -0.04945399 -0.00223813 -0.01301138
v -0.04918263 -0.00222539 -0.01332749
v -0.04918263 -0.00237398 -0.01358076
v -0.04918263 -0.00255256 -0.01381386
v -0.04918263 -0.00275844 -0.01402324
v -0.04918263 -0.00298848 -0.01420573
v -0.04918263 -0.00323921 -0.01435857
v -0.04918263 -0.00350682 -0.01447944
v -0.04918263 -0.00378726 -0.01456651
v -0.04918263 -0.00407627 -0.01461846
v -0.04918263 -0.00436947 -0.01463450
v -0.04918263 -0.00466242 -0.01461438
v -0.04918263 -0.00495068 -0.01455842
v -0.04918263 -0.00522988 -0.01446746
v -0.04918263 -0.00549578 -0.01434287
v -0.04918263 -0.00574436 -0.01418656
v -0.04918263 -0.00597184 -0.01400088
v -0.04918263 -0.00617479 -0.01378865
v -0.04918263 -0.00635011 -0.01355310
v -0.04918263 -0.00649516 -0.01329778
v -0.04918263 -0.00660773 -0.01302658
v -0.04918263 -0.00668612 -0.01274359
v -0.04918263 -0.00672915 -0.01245312
v -0.04918263 -0.00673615 -0.01215956
v -0.04918263 -0.00670702 -0.01186737
v -0.04918263 -0.00664221 -0.01158097
v -0.04918263 -0.00654269 -0.01130471
v -0.04918263 -0.00640997 -0.01104277
v -0.04918263 -0.00624608 -0.01079912
v -0.04918263 -0.00605348 -0.01057746
v -0.04918263 -0.00583511 -0.01038115
v -0.04918263 -0.00559427 -0.01021316
v -0.04918263 -0.00533460 -0.01007605
v -0.04918263 -0.00506006 -0.00997188
v -0.04918263 -0.00477480 -0.00990224
v -0.04918263 -0.00448314 -0.00986818
v -0.04918263 -0.00418950 -0.00987023
v -0.04918263 -0.00389834 -0.00990834
v -0.04918263 -0.00361408 -0.00998194
v -0.04918263 -0.00334101 -0.01008992
v -0.04918263 -0.00308328 -0.01023063
v -0.04918263 -0.00284480 -0.01040196
v -0.04918263 -0.00262917 -0.01060129
v -0.04918263 -0.00243968 -0.01082560
v -0.04918263 -0.00227919 -0.01107151
v -0.04918263 -0.00215014 -0.01133527
v -0.04918263 -0.00205447 -0.01161289
v -0.04918263 -0.00199365 -0.01190016
v -0.04918263 -0.00196859 -0.01219273
v -0.04918263 -0.00197968 -0.01248616
v -0.04918263 -0.00202674 -0.01277601
v -0.04918263 -0.00210906 -0.01305787
v -0.04889710 -0.00213211 -0.01337475
v -0.04889710 -0.00228722 -0.01363913
v -0.04889710 -0.00247363 -0.01388244
v -0.04889710 -0.00268853 -0.01410100
v -0.04889710 -0.00292866 -0.01429150
v -0.04889710 -0.00319039 -0.01445104
v -0.04889710 -0.00346973 -0.01457721
v -0.04889710 -0.00376246 -0.01466810
v -0.04889710 -0.00406414 -0.01472232
v -0.04889710 -0.00437020 -0.01473906
v -0.04889710 -0.00467600 -0.01471807
v -0.04889710 -0.00497689 -0.01465965
v -0.04889710 -0.00526833 -0.01456470
v -0.04889710 -0.00554589 -0.01443465
v -0.04889710 -0.00580537 -0.01427148
v -0.04889710 -0.00604283 -0.01407766
v -0.04889710 -0.00625467 -0.01385613
v -0.04889710 -0.00643768 -0.01361025
v -0.04889710 -0.00658908 -0.01334374
v -0.04889710 -0.00670659 -0.01306064
v -0.04889710 -0.00678842 -0.01276525
v -0.04889710 -0.00683333 -0.01246204
v -0.04889710 -0.00684064 -0.01215561
v -0.04889710 -0.00681023 -0.01185061
v -0.04889710 -0.00674258 -0.01155165
v -0.04889710 -0.00663870 -0.01126328
v -0.04889710 -0.00650017 -0.01098985
v -0.04889710 -0.00632908 -0.01073552
v -0.04889710 -0.00612805 -0.01050415
v -0.04889710 -0.00590010 -0.01029923
v -0.04889710 -0.00564869 -0.01012388
v -0.04889710 -0.00537765 -0.00998075
v -0.04889710 -0.00509107 -0.00987201
v -0.04889710 -0.00479329 -0.00979932
v -0.04889710 -0.00448885 -0.00976377
v -0.04889710 -0.00418234 -0.00976590
v -0.04889710 -0.00387842 -0.00980569
v -0.04889710 -0.00358168 -0.00988252
v -0.04889710 -0.00329664 -0.00999523
v -0.04889710 -0.00302762 -0.01014211
v -0.04889710 -0.00277868 -0.01032095
v -0.04889710 -0.00255360 -0.01052902
v -0.04889710 -0.00235580 -0.01076317
v -0.04889710 -0.00218827 -0.01101985
v -0.04889710 -0.00205356 -0.01129518
v -0.04889710 -0.00195370 -0.01158497
v -0.04889710 -0.00189021 -0.01188484
v -0.04889710 -0.00186405 -0.01219024
v -0.04889710 -0.00187562 -0.01249653
v -0.04889710 -0.00192475 -0.01279909
v -0.04889710 -0.00201068 -0.01309331
v -0.04860131 -0.00206921 -0.01340662
v -0.04860131 -0.00222871 -0.01367848
v -0.04860131 -0.00242040 -0.01392869
v -0.04860131 -0.00264139 -0.01415344
v -0.04860131 -0.00288832 -0.01434933
v -0.04860131 -0.00315746 -0.01451340
v -0.04860131 -0.00344471 -0.01464314
v -0.04860131 -0.00374574 -0.01473660
v -0.04860131 -0.00405596 -0.01479236
v -0.04860131 -0.00437069 -0.01480958
v -0.04860131 -0.00468515 -0.01478799
v -0.04860131 -0.00499457 -0.01472791
v -0.04860131 -0.00529426 -0.01463027
v -0.04860131 -0.00557968 -0.01449654
v -0.04860131 -0.00584651 -0.01432875
v -0.04860131 -0.00609069 -0.01412944
v -0.04860131 -0.00630854 -0.01390164
v -0.04860131 -0.00649673 -0.01364879
v -0.04860131 -0.00665243 -0.01337473
v -0.04860131 -0.00677326 -0.01308362
v -0.04860131 -0.00685741 -0.01277986
v -0.04860131 -0.00690359 -0.01246806
v -0.04860131 -0.00691111 -0.01215295
v -0.04860131 -0.00687984 -0.01183931
v -0.04860131 -0.00681027 -0.01153188
v -0.04860131 -0.00670344 -0.01123534
v -0.04860131 -0.00656099 -0.01095417
v -0.04860131 -0.00638506 -0.01069264
v -0.04860131 -0.00617833 -0.01045471
v -0.04860131 -0.00594392 -0.01024399
v -0.04860131 -0.00568540 -0.01006367
v -0.04860131 -0.00540667 -0.00991649
v -0.04860131 -0.00511197 -0.00980467
v -0.04860131 -0.00480577 -0.00972992
v -0.04860131 -0.00449270 -0.00969336
v -0.04860131 -0.00417751 -0.00969555
v -0.04860131 -0.00386498 -0.00973646
v -0.04860131 -0.00355984 -0.00981547
v -0.04860131 -0.00326673 -0.00993137
v -0.04860131 -0.00299008 -0.01008242
v -0.04860131 -0.00273409 -0.01026632
v -0.04860131 -0.00250264 -0.01048028
v -0.04860131 -0.00229923 -0.01072107
v -0.04860131 -0.00212696 -0.01098502
v -0.04860131 -0.00198843 -0.01126814
v -0.04860131 -0.00188574 -0.01156615
v -0.04860131 -0.00182046 -0.01187451
v -0.04860131 -0.00179356 -0.01218856
v -0.04860131 -0.00180546 -0.01250353
v -0.04860131 -0.00185597 -0.01281465
v -0.04860131 -0.00194434 -0.01311721
v -0.04829932 -0.00203754 -0.01342266
v -0.04829932 -0.00219925 -0.01369830
v -0.04829932 -0.00239360 -0.01395197
v -0.04829932 -0.00261766 -0.01417984
v -0.04829932 -0.00286801 -0.01437845
v -0.04829932 -0.00314088 -0.01454479
v -0.04829932 -0.00343212 -0.01467633
v -0.04829932 -0.00373732 -0.01477109
v -0.04829932 -0.00405185 -0.01482762
v -0.04829932 -0.00437094 -0.01484508
v -0.04829932 -0.00468976 -0.01482319
v -0.04829932 -0.00500347 -0.01476228
v -0.04829932 -0.00530732 -0.01466329
v -0.04829932 -0.00559670 -0.01452770
v -0.04829932 -0.00586722 -0.01435759
v -0.04829932 -0.00611479 -0.01415551
v -0.04829932 -0.00633565 -0.01392455
v -0.04829932 -0.00652646 -0.01366819
v -0.04829932 -0.00668431 -0.01339033
v -0.04829932 -0.00680683 -0.01309518
v -0.04829932 -0.00689214 -0.01278721
v -0.04829932 -0.00693896 -0.01247109
v -0.04829932 -0.00694658 -0.01215161
v -0.04829932 -0.00691488 -0.01183362
v -0.04829932 -0.00684435 -0.01152193
v -0.04829932 -0.00673604 -0.01122128
v -0.04829932 -0.00659161 -0.01093621
v -0.04829932 -0.00641324 -0.01067105
v -0.04829932 -0.00620364 -0.01042982
v -0.04829932 -0.00596598 -0.01021617
v -0.04829932 -0.00570388 -0.01003336
v -0.04829932 -0.00542129 -0.00988413
v -0.04829932 -0.00512250 -0.00977077
v -0.04829932 -0.00481205 -0.00969498
v -0.04829932 -0.00449464 -0.00965791
v -0.04829932 -0.00417508 -0.00966014
v -0.04829932 -0.00385821 -0.00970161
v -0.04829932 -0.00354884 -0.00978171
v -0.04829932 -0.00325166 -0.00989923
v -0.04829932 -0.00297118 -0.01005237
v -0.04829932 -0.00271164 -0.01023882
v -0.04829932 -0.00247698 -0.01045575
v -0.04829932 -0.00227075 -0.01069987
v -0.04829932 -0.00209609 -0.01096748
v -0.04829932 -0.00195564 -0.01125453
v -0.04829932 -0.00185153 -0.01155667
v -0.04829932 -0.00178534 -0.01186931
v -0.04829932 -0.00175807 -0.01218771
v -0.04829932 -0.00177013 -0.01250705
v -0.04829932 -0.00182134 -0.01282249
v -0.04829932 -0.00191094 -0.01312924
v -0.04799525 -0.00203754 -0.01342266
v -0.04799525 -0.00219925 -0.01369830
v -0.04799525 -0.00239360 -0.01395197
v -0.04799525 -0.00261766 -0.01417984
v -0.04799525 -0.00286801 -0.01437845
v -0.04799525 -0.00314088 -0.01454479
v -0.04799525 -0.00343212 -0.01467633
v -0.04799525 -0.00373732 -0.01477109
v -0.04799525 -0.00405185 -0.01482762
v -0.04799525 -0.00437094 -0.01484508
v -0.04799525 -0.00468976 -0.01482319
v -0.04799525 -0.00500347 -0.01476228
v -0.04799525 -0.00530732 -0.01466329
v -0.04799525 -0.00559670 -0.01452770
v -0.04799525 -0.00586722 -0.01435759
v -0.04799525 -0.00611479 -0.01415551
v -0.04799525 -0.00633565 -0.01392455
v -0.04799525 -0.00652646 -0.01366819
v -0.04799525 -0.00668431 -0.01339033
v -0.04799525 -0.00680683 -0.01309518
v -0.04799525 -0.00689214 -0.01278721
v -0.04799525 -0.00693896 -0.01247109
v -0.04799525 -0.00694658 -0.01215161
v -0.04799525 -0.00691488 -0.01183362
v -0.04799525 -0.00684435 -0.01152193
v -0.04799525 -0.00673604 -0.01122128
v -0.04799525 -0.00659161 -0.01093621
v -0.04799525 -0.00641324 -0.01067105
v -0.04799525 -0.00620364 -0.01042982
v -0.04799525 -0.00596598 -0.01021617
v -0.04799525 -0.00570388 -0.01003336
v -0.04799525 -0.00542129 -0.00988413
v -0.04799525 -0.00512250 -0.00977077
v -0.04799525 -0.00481205 -0.00969498
v -0.04799525 -0.00449464 -0.00965791
v -0.04799525 -0.00417508 -0.00966014
v -0.04799525 -0.00385821 -0.00970161
v -0.04799525 -0.00354884 -0.00978171
v -0.04799525 -0.00325166 -0.00989923
v -0.04799525 -0.00297118 -0.01005237
v -0.04799525 -0.00271164 -0.01023882
v -0.04799525 -0.00247698 -0.01045575
v -0.04799525 -0.00227075 -0.01069987
v -0.04799525 -0.00209609 -0.01096748
v -0.04799525 -0.00195564 -0.01125453
v -0.04799525 -0.00185153 -0.01155667
v -0.04799525 -0.00178534 -0.01186931
v -0.04799525 -0.00175807 -0.01218771
v -0.04799525 -0.00177013 -0.01250705
v -0.04799525 -0.00182134 -0.01282249
v -0.04799525 -0.00191094 -0.01312924
v -0.04769325 -0.00206921 -0.01340662
v -0.04769325 -0.00222871 -0.01367848
v -0.04769325 -0.00242040 -0.01392869
v -0.04769325 -0.00264139 -0.01415344
v -0.04769325 -0.00288832 -0.01434933
v -0.04769325 -0.00315746 -0.01451340
v -0.04769325 -0.00344471 -0.01464314
v -0.04769325 -0.00374574 -0.01473660
v -0.04769325 -0.00405596 -0.01479236
v -0.04769325 -0.00437069 -0.01480958
v -0.04769325 -0.00468515 -0.01478799
v -0.04769325 -0.00499457 -0.01472791
v -0.04769325 -0.00529426 -0.01463027
v -0.04769325 -0.00557968 -0.01449654
v -0.04769325 -0.00584651 -0.01432875
v -0.04769325 -0.00609069 -0.01412944
v -0.04769325 -0.00630854 -0.01390164
v -0.04769325 -0.00649673 -0.01364879
v -0.04769325 -0.00665243 -0.01337473
v -0.04769325 -0.00677326 -0.01308362
v -0.04769325 -0.00685741 -0.01277986
v -0.04769325 -0.00690359 -0.01246806
v -0.04769325 -0.00691111 -0.01215295
v -0.04769325 -0.00687984 -0.01183931
v -0.04769325 -0.00681027 -0.01153188
v -0.04769325 -0.00670344 -0.01123534
v -0.04769325 -0.00656099 -0.01095417
v -0.04769325 -0.00638506 -0.01069264
v -0.04769325 -0.00617833 -0.01045471
v -0.04769325 -0.00594392 -0.01024399
v -0.04769325 -0.00568540 -0.01006367
v -0.04769325 -0.00540667 -0.00991649
v -0.04769325 -0.00511197 -0.00980467
v -0.04769325 -0.00480577 -0.00972992
v -0.04769325 -0.00449270 -0.00969336
v -0.04769325 -0.00417751 -0.00969555
v -0.04769325 -0.00386498 -0.00973646
v -0.04769325 -0.00355984 -0.00981547
v -0.04769325 -0.00326673 -0.00993137
v -0.04769325 -0.00299008 -0.01008242
v -0.04769325 -0.00273409 -0.01026632
v -0.04769325 -0.00250264 -0.01048028
v -0.04769325 -0.00229923 -0.01072107
v -0.04769325 -0.00212696 -0.01098502
v -0.04769325 -0.00198843 -0.01126814
v -0.04769325 -0.00188574 -0.01156615
v -0.04769325 -0.00182046 -0.01187451
v -0.04769325 -0.00179356 -0.01218856
v -0.04769325 -0.00180546 -0.01250353
v -0.04769325 -0.00185597 -0.01281465
v -0.04769325 -0.00194434 -0.01311721
v -0.04739747 -0.00213211 -0.01337475
v -0.04739747 -0.00228722 -0.01363913
v -0.04739747 -0.00247363 -0.01388244
v -0.04739747 -0.00268853 -0.01410100
v -0.04739747 -0.00292866 -0.01429150
v -0.04739747 -0.00319039 -0.01445104
v -0.04739747 -0.00346973 -0.01457721
v -0.04739747 -0.00376246 -0.01466810
v -0.04739747 -0.00406414 -0.01472232
v -0.04739747 -0.00437020 -0.01473906
v -0.04739747 -0.00467600 -0.01471807
v -0.04739747 -0.00497689 -0.01465965
v -0.04739747 -0.00526833 -0.01456470
v -0.04739747 -0.00554589 -0.01443465
v -0.04739747 -0.00580537 -0.01427148
v -0.04739747 -0.00604283 -0.01407766
v -0.04739747 -0.00625467 -0.01385613
v -0.04739747 -0.00643768 -0.01361025
v -0.04739747 -0.00658908 -0.01334374
v -0.04739747 -0.00670659 -0.01306064
v -0.04739747 -0.00678842 -0.01276525
v -0.04739747 -0.00683333 -0.01246204
v -0.04739747 -0.00684064 -0.01215561
v -0.04739747 -0.00681023 -0.01185061
v -0.04739747 -0.00674258 -0.01155165
v -0.04739747 -0.00663870 -0.01126328
v -0.04739747 -0.00650017 -0.01098985
v -0.04739747 -0.00632908 -0.01073552
v -0.04739747 -0.00612805 -0.01050415
v -0.04739747 -0.00590010 -0.01029923
v -0.04739747 -0.00564869 -0.01012388
v -0.04739747 -0.00537765 -0.00998075
v -0.04739747 -0.00509107 -0.00987201
v -0.04739747 -0.00479329 -0.00979932
v -0.04739747 -0.00448885 -0.00976377
v -0.04739747 -0.00418234 -0.00976590
v -0.04739747 -0.00387842 -0.00980569
v -0.04739747 -0.00358168 -0.00988252
v -0.04739747 -0.00329664 -0.00999523
v -0.04739747 -0.00302762 -0.01014211
v -0.04739747 -0.00277868 -0.01032095
v -0.04739747 -0.00255360 -0.01052902
v -0.04739747 -0.00235580 -0.01076317
v -0.04739747 -0.00218827 -0.01101985
v -0.04739747 -0.00205356 -0.01129518
v -0.04739747 -0.00195370 -0.01158497
v -0.04739747 -0.00189021 -0.01188484
v -0.04739747 -0.00186405 -0.01219024
v -0.04739747 -0.00187562 -0.01249653
v -0.04739747 -0.00192475 -0.01279909
v -0.04739747 -0.00201068 -0.01309331
v -0.04711194 -0.00222539 -0.01332749
v -0.04711194 -0.00237398 -0.01358076
v -0.04711194 -0.00255256 -0.01381386
v -0.04711194 -0.00275844 -0.01402324
v -0.04711194 -0.00298848 -0.01420573
v -0.04711194 -0.00323921 -0.01435857
v -0.04711194 -0.00350682 -0.01447944
v -0.04711194 -0.00378726 -0.01456651
v -0.04711194 -0.00407627 -0.01461846
v -0.04711194 -0.00436947 -0.01463450
v -0.04711194 -0.00466242 -0.01461438
v -0.04711194 -0.00495068 -0.01455842
v -0.04711194 -0.00522988 -0.01446746
v -0.04711194 -0.00549578 -0.01434287
v -0.04711194 -0.00574436 -0.01418656
v -0.04711194 -0.00597184 -0.01400088
v -0.04711194 -0.00617479 -0.01378865
v -0.04711194 -0.00635011 -0.01355310
v -0.04711194 -0.00649516 -0.01329778
v -0.04711194 -0.00660773 -0.01302658
v -0.04711194 -0.00668612 -0.01274359
v -0.04711194 -0.00672915 -0.01245312
v -0.04711194 -0.00673615 -0.01215956
v -0.04711194 -0.00670702 -0.01186737
v -0.04711194 -0.00664221 -0.01158097
v -0.04711194 -0.00654269 -0.01130471
v -0.04711194 -0.00640997 -0.01104277
v -0.04711194 -0.00624608 -0.01079912
v -0.04711194 -0.00605348 -0.01057746
v -0.04711194 -0.00583511 -0.01038115
v -0.04711194 -0.00559427 -0.01021316
v -0.04711194 -0.00533460 -0.01007605
v -0.04711194 -0.00506006 -0.00997188
v -0.04711194 -0.00477480 -0.00990224
v -0.04711194 -0.00448314 -0.00986818
v -0.04711194 -0.00418950 -0.00987023
v -0.04711194 -0.00389834 -0.00990834
v -0.04711194 -0.00361408 -0.00998194
v -0.04711194 -0.00334101 -0.01008992
v -0.04711194 -0.00308328 -0.01023063
v -0.04711194 -0.00284480 -0.01040196
v -0.04711194 -0.00262917 -0.01060129
v -0.04711194 -0.00243968 -0.01082560
v -0.04711194 -0.00227919 -0.01107151
v -0.04711194 -0.00215014 -0.01133527
v -0.04711194 -0.00205447 -0.01161289
v -0.04711194 -0.00199365 -0.01190016
v -0.04711194 -0.00196859 -0.01219273
v -0.04711194 -0.00197968 -0.01248616
v -0.04711194 -0.00202674 -0.01277601
v -0.04711194 -0.00210906 -0.01305787
v -0.04684057 -0.00234777 -0.01326548
v -0.04684057 -0.00248781 -0.01350419
v -0.04684057 -0.00265612 -0.01372388
v -0.04684057 -0.00285015 -0.01392121
v -0.04684057 -0.00306697 -0.01409321
v -0.04684057 -0.00330327 -0.01423726
v -0.04684057 -0.00355549 -0.01435118
v -0.04684057 -0.00381979 -0.01443324
v -0.04684057 -0.00409218 -0.01448220
v -0.04684057 -0.00436852 -0.01449731
v -0.04684057 -0.00464462 -0.01447835
v -0.04684057 -0.00491630 -0.01442561
v -0.04684057 -0.00517943 -0.01433988
v -0.04684057 -0.00543004 -0.01422246
v -0.04684057 -0.00566432 -0.01407514
v -0.04684057 -0.00587872 -0.01390014
v -0.04684057 -0.00606999 -0.01370012
v -0.04684057 -0.00623523 -0.01347812
v -0.04684057 -0.00637193 -0.01323749
v -0.04684057 -0.00647803 -0.01298188
v -0.04684057 -0.00655191 -0.01271518
v -0.04684057 -0.00659246 -0.01244141
v -0.04684057 -0.00659906 -0.01216474
v -0.04684057 -0.00657160 -0.01188935
v -0.04684057 -0.00651052 -0.01161943
v -0.04684057 -0.00641673 -0.01135906
v -0.04684057 -0.00629165 -0.01111218
v -0.04684057 -0.00613718 -0.01088255
v -0.04684057 -0.00595566 -0.01067365
v -0.04684057 -0.00574985 -0.01048863
v -0.04684057 -0.00552286 -0.01033030
v -0.04684057 -0.00527813 -0.01020107
v -0.04684057 -0.00501938 -0.01010290
v -0.04684057 -0.00475053 -0.01003726
v -0.04684057 -0.00447564 -0.01000517
v -0.04684057 -0.00419890 -0.01000709
v -0.04684057 -0.00392449 -0.01004301
v -0.04684057 -0.00365657 -0.01011238
v -0.04684057 -0.00339921 -0.01021415
v -0.04684057 -0.00315631 -0.01034677
v -0.04684057 -0.00293155 -0.01050824
v -0.04684057 -0.00272833 -0.01069610
v -0.04684057 -0.00254973 -0.01090751
v -0.04684057 -0.00239847 -0.01113927
v -0.04684057 -0.00227684 -0.01138786
v -0.04684057 -0.00218668 -0.01164951
v -0.04684057 -0.00212936 -0.01192026
v -0.04684057 -0.00210574 -0.01219600
v -0.04684057 -0.00211619 -0.01247255
v -0.04684057 -0.00216054 -0.01274573
v -0.04684057 -0.00223813 -0.01301138
v -0.04658708 -0.00249757 -0.01318959
v -0.04658708 -0.00262715 -0.01341046
v -0.04658708 -0.00278289 -0.01361373
v -0.04658708 -0.00296242 -0.01379632
v -0.04658708 -0.00316304 -0.01395547
v -0.04658708 -0.00338169 -0.01408876
v -0.04658708 -0.00361506 -0.01419417
v -0.04658708 -0.00385962 -0.01427010
v -0.04658708 -0.00411166 -0.01431540
v -0.04658708 -0.00436735 -0.01432939
v -0.04658708 -0.00462282 -0.01431184
v -0.04658708 -0.00487420 -0.01426304
v -0.04658708 -0.00511768 -0.01418371
v -0.04658708 -0.00534957 -0.01407507
v -0.04658708 -0.00556634 -0.01393875
v -0.04658708 -0.00576472 -0.01377683
v -0.04658708 -0.00594170 -0.01359175
v -0.04658708 -0.00609459 -0.01338633
v -0.04658708 -0.00622109 -0.01316368
v -0.04658708 -0.00631926 -0.01292717
v -0.04658708 -0.00638762 -0.01268039
v -0.04658708 -0.00642514 -0.01242708
v -0.04658708 -0.00643124 -0.01217108
v -0.04658708 -0.00640584 -0.01191627
v -0.04658708 -0.00634932 -0.01166651
v -0.04658708 -0.00626253 -0.01142559
v -0.04658708 -0.00614680 -0.01119716
v -0.04658708 -0.00600387 -0.01098469
v -0.04658708 -0.00583592 -0.01079139
v -0.04658708 -0.00564548 -0.01062019
v -0.04658708 -0.00543545 -0.01047369
v -0.04658708 -0.00520901 -0.01035412
v -0.04658708 -0.00496959 -0.01026328
v -0.04658708 -0.00472082 -0.01020255
v -0.04658708 -0.00446647 -0.01017285
v -0.04658708 -0.00421040 -0.01017463
v -0.04658708 -0.00395649 -0.01020787
v -0.04658708 -0.00370860 -0.01027205
v -0.04658708 -0.00347046 -0.01036622
v -0.04658708 -0.00324571 -0.01048893
v -0.04658708 -0.00303773 -0.01063833
v -0.04658708 -0.00284970 -0.01081216
v -0.04658708 -0.00268445 -0.01100778
v -0.04658708 -0.00254449 -0.01122222
v -0.04658708 -0.00243194 -0.01145224
v -0.04658708 -0.00234852 -0.01169434
v -0.04658708 -0.00229548 -0.01194486
v -0.04658708 -0.00227363 -0.01220000
v -0.04658708 -0.00228329 -0.01245590
v -0.04658708 -0.00232433 -0.01270866
v -0.04658708 -0.00239612 -0.01295447
v -0.04635492 -0.00267275 -0.01310083
v -0.04635492 -0.00279009 -0.01330085
v -0.04635492 -0.00293113 -0.01348493
v -0.04635492 -0.00309371 -0.01365028
v -0.04635492 -0.00327538 -0.01379440
v -0.04635492 -0.00347339 -0.01391510
v -0.04635492 -0.00368473 -0.01401056
v -0.04635492 -0.00390620 -0.01407932
v -0.04635492 -0.00413443 -0.01412035
v -0.04635492 -0.00436598 -0.01413301
v -0.04635492 -0.00459733 -0.01411712
v -0.04635492 -0.00482498 -0.01407293
v -0.04635492 -0.00504547 -0.01400109
v -0.04635492 -0.00525546 -0.01390271
v -0.04635492 -0.00545177 -0.01377926
v -0.04635492 -0.00563142 -0.01363263
v -0.04635492 -0.00579168 -0.01346503
v -0.04635492 -0.00593014 -0.01327900
v -0.04635492 -0.00604469 -0.01307737
v -0.04635492 -0.00613359 -0.01286319
v -0.04635492 -0.00619550 -0.01263972
v -0.04635492 -0.00622947 -0.01241032
v -0.04635492 -0.00623500 -0.01217849
v -0.04635492 -0.00621200 -0.01194774
v -0.04635492 -0.00616082 -0.01172156
v -0.04635492 -0.00608222 -0.01150339
v -0.04635492 -0.00597742 -0.01129653
v -0.04635492 -0.00584798 -0.01110412
v -0.04635492 -0.00569589 -0.01092907
v -0.04635492 -0.00552343 -0.01077404
v -0.04635492 -0.00533323 -0.01064137
v -0.04635492 -0.00512817 -0.01053309
v -0.04635492 -0.00491136 -0.01045083
v -0.04635492 -0.00468608 -0.01039583
v -0.04635492 -0.00445575 -0.01036893
v -0.04635492 -0.00422386 -0.01037055
v -0.04635492 -0.00399392 -0.01040065
v -0.04635492 -0.00376943 -0.01045877
v -0.04635492 -0.00355378 -0.01054404
v -0.04635492 -0.00335025 -0.01065517
v -0.04635492 -0.00316191 -0.01079047
v -0.04635492 -0.00299163 -0.01094788
v -0.04635492 -0.00284198 -0.01112503
v -0.04635492 -0.00271524 -0.01131923
v -0.04635492 -0.00261332 -0.01152753
v -0.04635492 -0.00253777 -0.01174677
v -0.04635492 -0.00248974 -0.01197364
v -0.04635492 -0.00246995 -0.01220469
v -0.04635492 -0.00247870 -0.01243642
v -0.04635492 -0.00251587 -0.01266532
v -0.04635492 -0.00258088 -0.01288791
v -0.04614728 -0.00278987 -0.01281263
v -0.04614728 -0.00284849 -0.01295444
v -0.04614728 -0.00287091 -0.01300043
v -0.04614728 -0.00297441 -0.01317686
v -0.04614728 -0.00309881 -0.01333923
v -0.04614728 -0.00324222 -0.01348508
v -0.04614728 -0.00340247 -0.01361220
v -0.04614728 -0.00357712 -0.01371867
v -0.04614728 -0.00376353 -0.01380287
v -0.04614728 -0.00395888 -0.01386352
v -0.04614728 -0.00416020 -0.01389970
v -0.04614728 -0.00436444 -0.01391087
v -0.04614728 -0.00456850 -0.01389686
v -0.04614728 -0.00476930 -0.01385788
v -0.04614728 -0.00496378 -0.01379452
v -0.04614728 -0.00514901 -0.01370773
v -0.04614728 -0.00532216 -0.01359885
v -0.04614728 -0.00548062 -0.01346951
v -0.04614728 -0.00562199 -0.01332167
v -0.04614728 -0.00574411 -0.01315759
v -0.04614728 -0.00584515 -0.01297974
v -0.04614728 -0.00592357 -0.01279082
v -0.04614728 -0.00597818 -0.01259370
v -0.04614728 -0.00600814 -0.01239136
v -0.04614728 -0.00601302 -0.01218688
v -0.04614728 -0.00599273 -0.01198334
v -0.04614728 -0.00594758 -0.01178384
v -0.04614728 -0.00587826 -0.01159140
v -0.04614728 -0.00578582 -0.01140894
v -0.04614728 -0.00567165 -0.01123922
v -0.04614728 -0.00553749 -0.01108482
v -0.04614728 -0.00538537 -0.01094807
v -0.04614728 -0.00521761 -0.01083105
v -0.04614728 -0.00503673 -0.01073554
v -0.04614728 -0.00484549 -0.01066298
v -0.04614728 -0.00464678 -0.01061447
v -0.04614728 -0.00444361 -0.01059074
v -0.04614728 -0.00423907 -0.01059217
v -0.04614728 -0.00403626 -0.01061871
v -0.04614728 -0.00383824 -0.01066998
v -0.04614728 -0.00364803 -0.01074520
v -0.04614728 -0.00346850 -0.01084322
v -0.04614728 -0.00330238 -0.01096256
v -0.04614728 -0.00315218 -0.01110141
v -0.04614728 -0.00302018 -0.01125767
v -0.04614728 -0.00290839 -0.01142896
v -0.04614728 -0.00281849 -0.01161269
v -0.04614728 -0.00275185 -0.01180607
v -0.04614728 -0.00270948 -0.01200618
v -0.04614728 -0.00269203 -0.01220998
v -0.04614728 -0.00269975 -0.01241438
v -0.04614728 -0.00273253 -0.01261628
v -0.04614728 -0.00519221 -0.01170597
v -0.04614728 -0.00530775 -0.01195257
v -0.04614728 -0.00505590 -0.01296076
v -0.04614728 -0.00483796 -0.01312406
v -0.04614728 -0.00522170 -0.01274472
v -0.04614728 -0.00458404 -0.01322251
v -0.04614728 -0.00452847 -0.01126513
v -0.04614728 -0.00425635 -0.01125426
v -0.04614728 -0.00375325 -0.01144931
v -0.04614728 -0.00355957 -0.01164077
v -0.04614728 -0.00379962 -0.01308260
v -0.04614728 -0.00359539 -0.01290244
v -0.04614728 -0.00532307 -0.01249195
v -0.04614728 -0.00535248 -0.01222121
v -0.04614728 -0.00478756 -0.01134901
v -0.04614728 -0.00399139 -0.01131721
v -0.04614728 -0.00342473 -0.01187738
v -0.04614728 -0.00335873 -0.01214159
v -0.04614728 -0.00336646 -0.01241382
v -0.04614728 -0.00344734 -0.01267386
v -0.04614728 -0.00501442 -0.01149968
v -0.04614728 -0.00404488 -0.01320097
v -0.04614728 -0.00431298 -0.01324879
v -0.05014728 -0.00344734 -0.01267386
v -0.05014728 -0.00359539 -0.01290244
v -0.05014728 -0.00379962 -0.01308260
v -0.05014728 -0.00404488 -0.01320097
v -0.05014728 -0.00431298 -0.01324879
v -0.05014728 -0.00458404 -0.01322251
v -0.05014728 -0.00483796 -0.01312406
v -0.05014728 -0.00505590 -0.01296076
v -0.05014728 -0.00522170 -0.01274472
v -0.05014728 -0.00532307 -0.01249195
v -0.05014728 -0.00535248 -0.01222121
v -0.05014728 -0.00530775 -0.01195257
v -0.05014728 -0.00519221 -0.01170597
v -0.05014728 -0.00501442 -0.01149968
v -0.05014728 -0.00478756 -0.01134901
v -0.05014728 -0.00452847 -0.01126513
v -0.05014728 -0.00425635 -0.01125426
v -0.05014728 -0.00399139 -0.01131721
v -0.05014728 -0.00375325 -0.01144931
v -0.05014728 -0.00355957 -0.01164077
v -0.05014728 -0.00342473 -0.01187738
v -0.05014728 -0.00335873 -0.01214159
v -0.05014728 -0.00336646 -0.01241382
f 511 375 512
f 511 376 375
f 353 433 432
f 380 433 353
f 380 428 433
f 379 428 380
f 379 429 428
f 378 429 379
f 378 466 429
f 377 466 378
f 367 506 477
f 366 506 367
f 366 507 506
f 365 507 366
f 365 495 507
f 364 495 365
f 364 493 495
f 363 493 364
f 473 370 474
f 510 119 511
f 377 465 466
f 114 465 377
f 476 367 477
f 476 368 367
f 475 368 476
f 475 369 368
f 474 369 475
f 474 370 369
f 512 375 374
f 473 371 370
f 472 371 473
f 472 372 371
f 514 372 472
f 514 373 372
f 513 373 514
f 513 374 373
f 512 374 513
f 421 139 141
f 484 363 91
f 493 363 484
f 143 405 398
f 362 405 143
f 417 143 398
f 417 142 143
f 419 142 417
f 419 141 142
f 421 141 419
f 359 394 360
f 423 139 421
f 423 137 139
f 135 137 423
f 135 490 488
f 135 425 490
f 423 425 135
f 150 402 151
f 131 484 91
f 435 358 357
f 431 354 353
f 430 354 431
f 430 355 354
f 437 355 430
f 437 356 355
f 436 356 437
f 436 357 356
f 435 357 436
f 431 353 432
f 359 358 435
f 359 395 394
f 359 434 395
f 435 434 359
f 361 405 362
f 361 406 405
f 360 406 361
f 360 394 406
f 202 499 498
f 208 505 210
f 208 494 505
f 207 494 208
f 207 496 494
f 205 496 207
f 205 497 496
f 204 497 205
f 204 498 497
f 202 498 204
f 210 505 504
f 201 499 202
f 201 500 499
f 199 500 201
f 199 501 500
f 198 501 199
f 198 502 501
f 196 502 198
f 196 508 502
f 215 487 182
f 515 327 516
f 150 396 402
f 148 396 150
f 148 397 396
f 147 397 148
f 147 415 397
f 146 415 147
f 182 487 489
f 195 508 196
f 215 485 487
f 214 485 215
f 214 483 485
f 213 483 214
f 213 503 483
f 211 503 213
f 211 504 503
f 210 504 211
f 457 126 128
f 454 119 510
f 454 118 119
f 450 118 454
f 450 117 118
f 449 117 450
f 449 115 117
f 469 115 449
f 469 128 115
f 457 128 469
f 182 489 183
f 459 126 457
f 459 124 126
f 461 124 459
f 461 122 124
f 463 122 461
f 463 120 122
f 465 120 463
f 465 114 120
f 189 481 480
f 195 509 508
f 193 509 195
f 193 478 509
f 192 478 193
f 192 479 478
f 190 479 192
f 190 480 479
f 189 480 190
f 511 119 376
f 187 481 189
f 187 482 481
f 186 482 187
f 186 492 482
f 184 492 186
f 184 491 492
f 183 491 184
f 183 489 491
f 533 287 286
f 537 282 538
f 537 283 282
f 536 283 537
f 536 284 283
f 535 284 536
f 535 285 284
f 534 285 535
f 534 286 285
f 533 286 534
f 538 282 281
f 532 287 533
f 532 278 287
f 531 278 532
f 531 279 278
f 530 279 531
f 530 280 279
f 529 280 530
f 529 276 280
f 540 536 537
f 541 320 542
f 540 531 532
f 540 530 531
f 529 530 540
f 540 534 535
f 540 533 534
f 532 533 540
f 540 537 538
f 528 276 529
f 535 536 540
f 540 528 529
f 540 539 528
f 538 539 540
f 528 277 276
f 539 277 528
f 539 281 277
f 538 281 539
f 519 334 520
f 524 338 337
f 523 338 524
f 523 331 338
f 522 331 523
f 522 332 331
f 521 332 522
f 521 333 332
f 520 333 521
f 520 334 333
f 524 337 525
f 519 335 334
f 518 335 519
f 518 329 335
f 517 329 518
f 517 330 329
f 516 330 517
f 516 327 330
f 390 514 472
f 522 523 527
f 527 518 519
f 527 517 518
f 516 517 527
f 527 521 522
f 527 520 521
f 519 520 527
f 527 524 525
f 527 523 524
f 542 320 319
f 527 515 516
f 527 526 515
f 525 526 527
f 515 328 327
f 526 328 515
f 526 336 328
f 525 336 526
f 525 337 336
f 289 561 562
f 291 567 568
f 566 567 291
f 292 566 291
f 292 565 566
f 564 565 292
f 290 564 292
f 290 563 564
f 562 563 290
f 289 562 290
f 291 568 293
f 560 561 289
f 269 560 289
f 269 559 560
f 558 559 269
f 268 558 269
f 268 557 558
f 556 557 268
f 309 556 268
f 305 574 306
f 133 486 131
f 133 488 486
f 135 488 133
f 308 577 554
f 308 576 577
f 306 576 308
f 306 575 576
f 574 575 306
f 309 555 556
f 305 573 574
f 572 573 305
f 294 572 305
f 294 571 572
f 570 571 294
f 293 570 294
f 293 569 570
f 568 569 293
f 546 315 547
f 551 323 322
f 550 323 551
f 550 324 323
f 549 324 550
f 549 325 324
f 548 325 549
f 548 326 325
f 547 326 548
f 547 315 326
f 551 322 552
f 546 316 315
f 545 316 546
f 545 317 316
f 544 317 545
f 544 318 317
f 543 318 544
f 543 319 318
f 542 319 543
f 553 550 551
f 554 555 309
f 554 309 308
f 553 544 545
f 553 543 544
f 542 543 553
f 553 547 548
f 553 546 547
f 545 546 553
f 131 486 484
f 553 549 550
f 548 549 553
f 553 541 542
f 553 552 541
f 551 552 553
f 541 321 320
f 552 321 541
f 552 322 321
f 590 629 630
f 586 634 585
f 586 633 634
f 587 633 586
f 587 632 633
f 588 632 587
f 588 631 632
f 589 631 588
f 589 630 631
f 590 630 589
f 585 634 635
f 591 629 590
f 591 628 629
f 592 628 591
f 592 627 628
f 593 627 592
f 593 626 627
f 594 626 593
f 594 625 626
f 581 639 580
f 641 127 610
f 641 129 127
f 130 129 641
f 578 641 610
f 579 641 578
f 579 640 641
f 580 640 579
f 580 639 640
f 595 625 594
f 581 638 639
f 582 638 581
f 582 637 638
f 583 637 582
f 583 636 637
f 584 636 583
f 584 635 636
f 585 635 584
f 609 611 608
f 604 615 616
f 605 615 604
f 605 614 615
f 606 614 605
f 606 613 614
f 607 613 606
f 607 612 613
f 608 612 607
f 608 611 612
f 604 616 603
f 609 610 611
f 578 610 609
f 609 13 578
f 609 11 13
f 608 11 609
f 608 9 11
f 607 9 608
f 607 7 9
f 599 620 621
f 595 624 625
f 596 624 595
f 596 623 624
f 597 623 596
f 597 622 623
f 598 622 597
f 598 621 622
f 599 621 598
f 610 127 125
f 600 620 599
f 600 619 620
f 601 619 600
f 601 618 619
f 602 618 601
f 602 617 618
f 603 617 602
f 603 616 617
f 633 83 81
f 637 73 638
f 637 75 73
f 636 75 637
f 636 77 75
f 635 77 636
f 635 79 77
f 634 79 635
f 634 81 79
f 633 81 634
f 638 73 72
f 632 83 633
f 632 85 83
f 631 85 632
f 631 87 85
f 630 87 631
f 630 90 87
f 629 90 630
f 629 132 90
f 9 10 11
f 1 2 3
f 3 2 4
f 3 4 5
f 5 4 6
f 5 6 7
f 7 6 8
f 7 8 9
f 9 8 10
f 628 132 629
f 11 10 12
f 11 12 13
f 641 116 130
f 640 116 641
f 640 71 116
f 639 71 640
f 639 72 71
f 638 72 639
f 614 110 615
f 619 102 100
f 618 102 619
f 618 104 102
f 617 104 618
f 617 106 104
f 616 106 617
f 616 108 106
f 615 108 616
f 615 110 108
f 619 100 620
f 614 113 110
f 613 113 614
f 613 121 113
f 612 121 613
f 612 123 121
f 611 123 612
f 611 125 123
f 610 125 611
f 624 93 140
f 628 134 132
f 627 134 628
f 627 136 134
f 626 136 627
f 626 138 136
f 625 138 626
f 625 140 138
f 624 140 625
f 606 7 607
f 623 93 624
f 623 94 93
f 622 94 623
f 622 96 94
f 621 96 622
f 621 98 96
f 620 98 621
f 620 100 98
f 557 443 442
f 561 460 562
f 561 462 460
f 560 462 561
f 560 464 462
f 559 464 560
f 559 441 464
f 558 441 559
f 558 442 441
f 557 442 558
f 562 460 458
f 556 443 557
f 556 444 443
f 555 444 556
f 555 445 444
f 554 445 555
f 146 416 415
f 179 416 146
f 179 418 416
f 566 467 567
f 570 453 571
f 570 455 453
f 569 455 570
f 569 456 455
f 568 456 569
f 568 451 456
f 567 451 568
f 567 467 451
f 178 418 179
f 566 468 467
f 565 468 566
f 565 470 468
f 564 470 565
f 564 471 470
f 563 471 564
f 563 458 471
f 562 458 563
f 157 411 159
f 165 408 407
f 163 408 165
f 163 409 408
f 162 409 163
f 162 414 409
f 160 414 162
f 160 410 414
f 159 410 160
f 159 411 410
f 165 407 166
f 157 412 411
f 156 412 157
f 156 413 412
f 154 413 156
f 154 404 413
f 153 404 154
f 153 403 404
f 151 403 153
f 172 427 426
f 178 420 418
f 177 420 178
f 177 422 420
f 175 422 177
f 175 424 422
f 174 424 175
f 174 426 424
f 172 426 174
f 571 453 452
f 171 427 172
f 171 401 427
f 169 401 171
f 169 399 401
f 168 399 169
f 168 400 399
f 166 400 168
f 166 407 400
f 592 46 593
f 597 54 56
f 596 54 597
f 596 52 54
f 595 52 596
f 595 50 52
f 594 50 595
f 594 48 50
f 593 48 594
f 593 46 48
f 597 56 598
f 592 44 46
f 591 44 592
f 591 42 44
f 590 42 591
f 590 40 42
f 589 40 590
f 589 38 40
f 588 38 589
f 602 64 66
f 606 5 7
f 605 5 606
f 605 3 5
f 604 3 605
f 604 1 3
f 603 1 604
f 603 66 1
f 602 66 603
f 588 36 38
f 601 64 602
f 601 62 64
f 600 62 601
f 600 60 62
f 599 60 600
f 599 58 60
f 598 58 599
f 598 56 58
f 575 438 576
f 578 17 579
f 578 15 17
f 13 15 578
f 554 440 445
f 577 440 554
f 577 439 440
f 576 439 577
f 576 438 439
f 579 17 19
f 575 446 438
f 574 446 575
f 574 447 446
f 573 447 574
f 573 448 447
f 572 448 573
f 572 452 448
f 571 452 572
f 583 28 584
f 587 36 588
f 587 34 36
f 586 34 587
f 586 32 34
f 585 32 586
f 585 30 32
f 584 30 585
f 584 28 30
f 151 402 403
f 583 26 28
f 582 26 583
f 582 24 26
f 581 24 582
f 581 22 24
f 580 22 581
f 580 19 22
f 579 19 580
f 237 223 238
f 244 245 246
f 244 243 245
f 242 243 244
f 226 86 88
f 226 84 86
f 241 84 226
f 241 227 84
f 240 227 241
f 239 227 240
f 239 238 227
f 237 238 239
f 245 247 246
f 224 223 237
f 229 78 80
f 229 76 78
f 236 76 229
f 236 74 76
f 235 74 236
f 235 225 74
f 234 225 235
f 234 233 225
f 232 233 234
f 249 255 256
f 263 262 264
f 252 262 263
f 252 261 262
f 251 261 252
f 259 97 260
f 259 253 97
f 258 253 259
f 258 257 253
f 256 257 258
f 256 255 257
f 232 231 233
f 249 254 255
f 248 254 249
f 95 253 92
f 97 253 95
f 109 251 252
f 109 250 251
f 111 250 109
f 111 112 250
f 246 248 249
f 246 247 248
f 200 201 202
f 209 211 212
f 209 210 211
f 208 210 209
f 206 208 209
f 206 207 208
f 205 207 206
f 203 205 206
f 203 204 205
f 202 204 203
f 200 202 203
f 211 213 212
f 199 201 200
f 197 199 200
f 197 198 199
f 196 198 197
f 194 196 197
f 194 195 196
f 193 195 194
f 191 193 194
f 191 192 193
f 190 192 191
f 222 223 224
f 219 231 232
f 219 230 231
f 218 230 219
f 80 228 229
f 82 228 80
f 82 227 228
f 84 227 82
f 88 89 226
f 225 69 74
f 70 69 225
f 263 264 242
f 222 221 223
f 220 221 222
f 220 216 221
f 217 216 220
f 216 218 219
f 216 217 218
f 181 215 182
f 181 214 215
f 212 214 181
f 212 213 214
f 270 269 12
f 18 294 295
f 18 293 294
f 291 293 18
f 290 14 12
f 290 16 14
f 292 16 290
f 292 18 16
f 291 18 292
f 12 289 290
f 12 269 289
f 23 21 295
f 288 12 10
f 270 12 288
f 6 275 8
f 4 275 6
f 4 276 275
f 280 276 4
f 2 278 4
f 68 278 2
f 68 287 278
f 67 287 68
f 43 41 297
f 37 206 297
f 300 47 45
f 300 49 47
f 299 49 300
f 299 51 49
f 298 51 299
f 298 53 51
f 273 53 298
f 297 39 37
f 297 41 39
f 67 286 287
f 35 206 37
f 35 271 206
f 33 271 35
f 296 27 25
f 296 29 27
f 271 29 296
f 271 31 29
f 33 31 271
f 295 20 18
f 295 21 20
f 252 107 109
f 65 155 67
f 152 155 65
f 274 59 57
f 274 145 59
f 176 145 274
f 274 173 176
f 53 273 55
f 167 170 272
f 203 206 271
f 268 269 270
f 158 161 272
f 252 105 107
f 267 105 252
f 267 103 105
f 266 103 267
f 266 101 103
f 260 101 266
f 260 99 101
f 97 99 260
f 242 265 243
f 242 264 265
f 4 279 280
f 285 286 67
f 158 67 155
f 272 67 158
f 272 285 67
f 284 285 272
f 272 283 284
f 272 282 283
f 275 282 272
f 275 281 282
f 277 281 275
f 188 190 191
f 278 279 4
f 275 276 277
f 63 152 65
f 61 152 63
f 61 149 152
f 59 149 61
f 59 144 149
f 145 144 59
f 272 164 167
f 272 161 164
f 1 67 68
f 78 79 80
f 78 77 79
f 76 77 78
f 76 75 77
f 74 75 76
f 74 73 75
f 69 73 74
f 69 72 73
f 71 72 69
f 69 70 71
f 1 68 2
f 80 79 81
f 66 67 1
f 66 65 67
f 64 65 66
f 64 63 65
f 62 63 64
f 62 61 63
f 60 61 62
f 60 59 61
f 58 59 60
f 58 57 59
f 92 93 94
f 103 102 104
f 101 102 103
f 101 100 102
f 99 100 101
f 99 98 100
f 97 98 99
f 97 96 98
f 95 96 97
f 95 94 96
f 92 94 95
f 56 57 58
f 89 90 91
f 89 87 90
f 88 87 89
f 86 87 88
f 86 85 87
f 84 85 86
f 84 83 85
f 82 83 84
f 82 81 83
f 80 81 82
f 24 23 25
f 34 33 35
f 32 33 34
f 32 31 33
f 30 31 32
f 30 29 31
f 28 29 30
f 28 27 29
f 26 27 28
f 26 25 27
f 24 25 26
f 34 35 36
f 22 23 24
f 22 21 23
f 19 21 22
f 19 20 21
f 18 20 19
f 17 18 19
f 17 16 18
f 15 16 17
f 15 14 16
f 13 14 15
f 46 45 47
f 56 55 57
f 54 55 56
f 54 53 55
f 52 53 54
f 52 51 53
f 50 51 52
f 50 49 51
f 48 49 50
f 48 47 49
f 46 47 48
f 103 104 105
f 44 45 46
f 44 43 45
f 42 43 44
f 42 41 43
f 40 41 42
f 40 39 41
f 38 39 40
f 38 37 39
f 36 37 38
f 36 35 37
f 155 157 158
f 166 168 167
f 164 166 167
f 164 165 166
f 163 165 164
f 161 163 164
f 161 162 163
f 160 162 161
f 158 160 161
f 158 159 160
f 157 159 158
f 167 168 169
f 155 156 157
f 154 156 155
f 152 154 155
f 152 153 154
f 151 153 152
f 149 151 152
f 149 150 151
f 148 150 149
f 144 148 149
f 144 147 148
f 145 178 179
f 188 189 190
f 187 189 188
f 185 187 188
f 185 186 187
f 184 186 185
f 180 184 185
f 180 183 184
f 182 183 180
f 180 181 182
f 145 179 146
f 146 147 144
f 176 178 145
f 176 177 178
f 175 177 176
f 173 175 176
f 173 174 175
f 172 174 173
f 170 172 173
f 170 171 172
f 169 171 170
f 167 169 170
f 117 116 71
f 124 125 126
f 124 123 125
f 122 123 124
f 122 121 123
f 120 121 122
f 120 113 121
f 114 113 120
f 118 70 119
f 118 71 70
f 117 71 118
f 126 125 127
f 115 116 117
f 112 113 114
f 112 110 113
f 111 110 112
f 109 110 111
f 109 108 110
f 107 108 109
f 107 106 108
f 105 106 107
f 105 104 106
f 135 134 136
f 144 145 146
f 142 92 143
f 142 93 92
f 141 93 142
f 141 140 93
f 139 140 141
f 139 138 140
f 137 138 139
f 137 136 138
f 135 136 137
f 297 206 209
f 133 134 135
f 133 132 134
f 131 132 133
f 131 90 132
f 91 90 131
f 115 130 116
f 115 129 130
f 128 129 115
f 128 127 129
f 126 127 128
f 419 418 420
f 341 430 342
f 428 429 344
f 393 427 401
f 393 426 427
f 425 426 393
f 425 424 426
f 423 424 425
f 423 422 424
f 421 422 423
f 421 420 422
f 419 420 421
f 342 430 431
f 417 418 419
f 417 416 418
f 398 416 417
f 398 415 416
f 397 415 398
f 348 414 410
f 348 409 414
f 347 409 348
f 347 393 409
f 346 393 347
f 341 436 437
f 393 444 445
f 345 444 393
f 345 443 444
f 442 443 345
f 429 345 344
f 429 442 345
f 441 442 429
f 439 393 440
f 438 393 439
f 341 437 430
f 349 413 404
f 340 436 341
f 340 435 436
f 339 435 340
f 339 434 435
f 395 434 339
f 344 433 428
f 344 432 433
f 343 432 344
f 343 431 432
f 342 431 343
f 234 388 232
f 346 345 393
f 223 392 381
f 221 392 223
f 221 391 392
f 216 391 221
f 216 390 391
f 219 390 216
f 219 389 390
f 232 389 219
f 232 388 389
f 351 394 352
f 234 387 388
f 235 387 234
f 235 386 387
f 236 386 235
f 236 385 386
f 229 385 236
f 229 384 385
f 228 384 229
f 228 383 384
f 227 383 228
f 350 398 405
f 349 412 413
f 348 412 349
f 348 411 412
f 410 411 348
f 393 408 409
f 393 407 408
f 400 407 393
f 351 406 394
f 351 405 406
f 350 405 351
f 393 445 440
f 349 398 350
f 349 396 398
f 402 396 349
f 403 349 404
f 402 349 403
f 399 393 401
f 399 400 393
f 396 397 398
f 352 395 339
f 352 394 395
f 495 494 496
f 493 505 494
f 493 504 505
f 484 504 493
f 484 503 504
f 483 503 484
f 393 501 502
f 500 501 393
f 495 498 499
f 495 497 498
f 496 497 495
f 477 506 383
f 493 494 495
f 492 425 482
f 491 425 492
f 491 490 425
f 489 490 491
f 489 488 490
f 487 488 489
f 487 486 488
f 485 486 487
f 485 484 486
f 386 385 510
f 390 513 514
f 389 513 390
f 389 512 513
f 388 512 389
f 388 511 512
f 510 511 388
f 454 448 452
f 454 393 448
f 510 393 454
f 510 385 393
f 483 484 485
f 387 510 388
f 387 386 510
f 393 509 478
f 393 508 509
f 502 508 393
f 500 495 499
f 393 495 500
f 393 507 495
f 383 507 393
f 383 506 507
f 459 458 460
f 449 467 468
f 451 467 449
f 466 441 429
f 465 441 466
f 465 464 441
f 463 464 465
f 463 462 464
f 461 462 463
f 461 460 462
f 459 460 461
f 449 468 469
f 457 458 459
f 450 456 451
f 450 455 456
f 454 455 450
f 454 453 455
f 452 453 454
f 449 450 451
f 393 447 448
f 393 446 447
f 438 446 393
f 381 475 476
f 425 481 482
f 425 480 481
f 393 480 425
f 393 479 480
f 478 479 393
f 393 384 383
f 385 384 393
f 382 477 383
f 382 476 477
f 381 476 382
f 227 382 383
f 392 475 381
f 392 474 475
f 473 474 392
f 391 473 392
f 391 472 473
f 390 472 391
f 457 471 458
f 457 470 471
f 469 470 457
f 469 468 470
f 300 325 299
f 307 295 294
f 312 295 307
f 312 303 295
f 313 303 312
f 313 301 303
f 300 301 313
f 300 302 301
f 45 302 300
f 299 326 315
f 299 325 326
f 307 294 305
f 300 324 325
f 323 324 300
f 313 323 300
f 313 322 323
f 321 322 313
f 317 299 316
f 314 299 317
f 314 298 299
f 304 298 314
f 304 273 298
f 295 335 329
f 249 339 246
f 271 338 331
f 271 337 338
f 296 337 271
f 296 336 337
f 328 336 296
f 327 295 330
f 296 295 327
f 296 23 295
f 25 23 296
f 274 273 304
f 295 334 335
f 303 334 295
f 303 333 334
f 332 333 303
f 194 303 191
f 271 303 194
f 271 332 303
f 331 332 271
f 329 330 295
f 296 327 328
f 303 188 191
f 270 308 309
f 307 308 270
f 307 306 308
f 305 306 307
f 170 304 272
f 170 274 304
f 173 274 170
f 271 200 203
f 271 197 200
f 194 197 271
f 270 309 268
f 301 188 303
f 301 185 188
f 180 185 301
f 43 302 45
f 43 301 302
f 297 301 43
f 297 181 301
f 212 181 297
f 181 180 301
f 297 209 212
f 272 288 275
f 274 55 273
f 57 55 274
f 313 320 321
f 314 320 313
f 314 319 320
f 318 319 314
f 317 318 314
f 315 316 299
f 275 10 8
f 275 288 10
f 246 339 340
f 272 310 288
f 304 310 272
f 304 311 310
f 314 311 304
f 314 312 311
f 313 312 314
f 307 311 312
f 270 311 307
f 270 310 311
f 288 310 270
f 237 367 368
f 218 372 373
f 217 372 218
f 217 371 372
f 220 371 217
f 220 370 371
f 222 370 220
f 222 369 370
f 224 369 222
f 224 368 369
f 237 368 224
f 218 373 230
f 237 366 367
f 239 366 237
f 239 365 366
f 240 365 239
f 240 364 365
f 241 364 240
f 241 363 364
f 226 363 241
f 91 226 89
f 363 226 91
f 250 377 251
f 238 382 227
f 238 381 382
f 223 381 238
f 264 380 353
f 262 380 264
f 262 379 380
f 261 379 262
f 261 378 379
f 251 378 261
f 251 377 378
f 362 92 253
f 114 250 112
f 377 250 114
f 376 70 225
f 119 70 376
f 233 376 225
f 233 375 376
f 231 375 233
f 231 374 375
f 230 374 231
f 230 373 374
f 267 345 346
f 256 350 351
f 258 350 256
f 258 349 350
f 259 349 258
f 259 348 349
f 260 348 259
f 260 347 348
f 266 347 260
f 266 346 347
f 267 346 266
f 256 351 249
f 252 345 267
f 252 344 345
f 343 344 252
f 263 343 252
f 263 342 343
f 242 342 263
f 242 341 342
f 244 341 242
f 244 340 341
f 246 340 244
f 247 357 358
f 143 92 362
f 257 362 253
f 257 361 362
f 255 361 257
f 255 360 361
f 254 360 255
f 254 359 360
f 248 359 254
f 248 358 359
f 247 358 248
f 13 12 14
f 245 357 247
f 245 356 357
f 243 356 245
f 243 355 356
f 265 355 243
f 265 354 355
f 264 354 265
f 264 353 354
f 249 352 339
f 249 351 352
f 1285 1336 1337
f 1267 1319 1268
f 1267 1318 1319
f 1266 1318 1267
f 1290 1341 1342
f 1289 1341 1290
f 1289 1340 1341
f 1288 1340 1289
f 1296 1347 1348
f 1295 1347 1296
f 1295 1346 1347
f 1294 1346 1295
f 1286 1337 1338
f 1285 1337 1286
f 1268 1319 1320
f 1284 1336 1285
f 1292 1343 1344
f 1291 1343 1292
f 1291 1342 1343
f 1290 1342 1291
f 1249 1300 1301
f 1248 1300 1249
f 1248 1299 1300
f 1247 1299 1248
f 1256 1307 1308
f 1255 1307 1256
f 1255 1306 1307
f 1307 1359 1308
f 1306 1357 1358
f 1304 1356 1305
f 1313 1364 1365
f 1312 1364 1313
f 1312 1363 1364
f 1311 1363 1312
f 1302 1353 1354
f 1301 1353 1302
f 1301 1352 1353
f 1300 1352 1301
f 1309 1360 1361
f 1308 1360 1309
f 1308 1359 1360
f 1253 1305 1254
f 1266 1317 1318
f 1265 1317 1266
f 1265 1316 1317
f 1264 1316 1265
f 1272 1323 1324
f 1271 1323 1272
f 1271 1322 1323
f 1270 1322 1271
f 1294 1345 1346
f 1293 1345 1294
f 1293 1344 1345
f 1292 1344 1293
f 1258 1309 1310
f 1231 1283 1232
f 1239 1290 1291
f 1238 1290 1239
f 1238 1289 1290
f 1237 1289 1238
f 1262 1313 1314
f 1261 1313 1262
f 1261 1312 1313
f 1260 1312 1261
f 1235 1286 1287
f 1234 1286 1235
f 1234 1285 1286
f 1233 1285 1234
f 1232 1283 1284
f 1257 1309 1258
f 1257 1308 1309
f 1256 1308 1257
f 1264 1315 1316
f 1263 1315 1264
f 1263 1314 1315
f 1262 1314 1263
f 1253 1304 1305
f 1252 1304 1253
f 1252 1303 1304
f 1251 1303 1252
f 1260 1311 1312
f 1279 1331 1280
f 1278 1329 1330
f 1277 1329 1278
f 1277 1328 1329
f 1276 1328 1277
f 1251 1302 1303
f 1250 1302 1251
f 1250 1301 1302
f 1249 1301 1250
f 1274 1325 1326
f 1273 1325 1274
f 1273 1324 1325
f 1272 1324 1273
f 1280 1331 1332
f 1306 1358 1307
f 1279 1330 1331
f 1278 1330 1279
f 1270 1321 1322
f 1269 1321 1270
f 1269 1320 1321
f 1268 1320 1269
f 1276 1327 1328
f 1275 1327 1276
f 1275 1326 1327
f 1274 1326 1275
f 1233 1284 1285
f 1232 1284 1233
f 1316 1367 1368
f 1314 1366 1315
f 1314 1365 1366
f 1313 1365 1314
f 1321 1372 1373
f 1320 1372 1321
f 1320 1371 1372
f 1319 1371 1320
f 1343 1394 1395
f 1342 1394 1343
f 1342 1393 1394
f 1341 1393 1342
f 1317 1368 1369
f 1316 1368 1317
f 1315 1366 1367
f 1315 1367 1316
f 1339 1390 1391
f 1338 1390 1339
f 1338 1389 1390
f 1337 1389 1338
f 1345 1396 1397
f 1344 1396 1345
f 1344 1395 1396
f 1343 1395 1344
f 1335 1386 1387
f 1334 1386 1335
f 1334 1385 1386
f 1353 1405 1354
f 1336 1387 1388
f 1335 1387 1336
f 1359 1412 1413
f 1358 1412 1359
f 1358 1411 1412
f 1357 1411 1358
f 1333 1384 1385
f 1332 1384 1333
f 1332 1383 1384
f 1331 1383 1332
f 1355 1406 1407
f 1354 1406 1355
f 1354 1405 1406
f 1333 1385 1334
f 1361 1414 1415
f 1360 1414 1361
f 1360 1413 1414
f 1359 1413 1360
f 1351 1402 1403
f 1350 1402 1351
f 1350 1401 1402
f 1349 1401 1350
f 1357 1410 1411
f 1409 1410 1357
f 1408 1409 1357
f 1355 1407 1356
f 1288 1339 1340
f 1327 1379 1328
f 1319 1370 1371
f 1318 1370 1319
f 1318 1369 1370
f 1317 1369 1318
f 1325 1376 1377
f 1324 1376 1325
f 1324 1375 1376
f 1323 1375 1324
f 1282 1333 1334
f 1281 1333 1282
f 1281 1332 1333
f 1280 1332 1281
f 1328 1379 1380
f 1287 1339 1288
f 1287 1338 1339
f 1286 1338 1287
f 1311 1362 1363
f 1310 1362 1311
f 1310 1361 1362
f 1309 1361 1310
f 1284 1335 1336
f 1283 1335 1284
f 1283 1334 1335
f 1282 1334 1283
f 1307 1358 1359
f 1326 1378 1327
f 1341 1392 1393
f 1340 1392 1341
f 1340 1391 1392
f 1339 1391 1340
f 1298 1349 1350
f 1297 1349 1298
f 1297 1348 1349
f 1296 1348 1297
f 1304 1355 1356
f 1303 1355 1304
f 1303 1354 1355
f 1302 1354 1303
f 1327 1378 1379
f 1259 1311 1260
f 1326 1377 1378
f 1325 1377 1326
f 1300 1351 1352
f 1299 1351 1300
f 1299 1350 1351
f 1298 1350 1299
f 1323 1374 1375
f 1322 1374 1323
f 1322 1373 1374
f 1321 1373 1322
f 1329 1380 1381
f 1328 1380 1329
f 1175 1226 1227
f 1157 1209 1158
f 1157 1208 1209
f 1156 1208 1157
f 1180 1231 1232
f 1179 1231 1180
f 1179 1230 1231
f 1178 1230 1179
f 1154 1205 1206
f 1153 1205 1154
f 1153 1204 1205
f 1151 1203 1152
f 1176 1227 1228
f 1175 1227 1176
f 1158 1209 1210
f 1174 1226 1175
f 1182 1233 1234
f 1181 1233 1182
f 1181 1232 1233
f 1180 1232 1181
f 1172 1223 1224
f 1171 1223 1172
f 1171 1222 1223
f 1170 1222 1171
f 1178 1229 1230
f 1177 1229 1178
f 1177 1228 1229
f 1196 1248 1197
f 1195 1246 1247
f 1194 1246 1195
f 1170 1221 1222
f 1169 1221 1170
f 1169 1220 1221
f 1168 1220 1169
f 1192 1243 1244
f 1191 1243 1192
f 1191 1242 1243
f 1190 1242 1191
f 1198 1249 1250
f 1197 1249 1198
f 1197 1248 1249
f 1176 1228 1177
f 1188 1239 1240
f 1187 1239 1188
f 1187 1238 1239
f 1186 1238 1187
f 1194 1245 1246
f 1193 1245 1194
f 1193 1244 1245
f 1192 1244 1193
f 1151 1202 1203
f 1150 1202 1151
f 1150 1201 1202
f 1149 1201 1150
f 1147 1198 1199
f 1154 1206 1155
f 1162 1213 1214
f 1161 1213 1162
f 1161 1212 1213
f 1160 1212 1161
f 1119 1170 1171
f 1118 1170 1119
f 1118 1169 1170
f 1117 1169 1118
f 1125 1176 1177
f 1124 1176 1125
f 1124 1175 1176
f 1123 1175 1124
f 1155 1206 1207
f 1146 1198 1147
f 1146 1197 1198
f 1145 1197 1146
f 1121 1172 1173
f 1120 1172 1121
f 1120 1171 1172
f 1119 1171 1120
f 1143 1194 1195
f 1142 1194 1143
f 1142 1193 1194
f 1141 1193 1142
f 1149 1200 1201
f 1136 1188 1137
f 1135 1186 1187
f 1134 1186 1135
f 1134 1185 1186
f 1133 1185 1134
f 1141 1192 1193
f 1140 1192 1141
f 1140 1191 1192
f 1139 1191 1140
f 1164 1215 1216
f 1163 1215 1164
f 1163 1214 1215
f 1162 1214 1163
f 1137 1188 1189
f 1195 1247 1196
f 1136 1187 1188
f 1135 1187 1136
f 1160 1211 1212
f 1159 1211 1160
f 1159 1210 1211
f 1158 1210 1159
f 1166 1217 1218
f 1165 1217 1166
f 1165 1216 1217
f 1164 1216 1165
f 1156 1207 1208
f 668 667 669
f 1206 1257 1258
f 1236 1288 1237
f 1236 1287 1288
f 1235 1287 1236
f 1243 1294 1295
f 1242 1294 1243
f 1242 1293 1294
f 1241 1293 1242
f 1200 1251 1252
f 1199 1251 1200
f 1199 1250 1251
f 1198 1250 1199
f 1207 1258 1259
f 1206 1258 1207
f 1237 1288 1289
f 1205 1257 1206
f 1229 1280 1281
f 1228 1280 1229
f 1228 1279 1280
f 1227 1279 1228
f 1202 1253 1254
f 1201 1253 1202
f 1201 1252 1253
f 1200 1252 1201
f 1225 1276 1277
f 1224 1276 1225
f 1224 1275 1276
f 1243 1295 1244
f 1259 1310 1311
f 1258 1310 1259
f 1217 1268 1269
f 1216 1268 1217
f 1216 1267 1268
f 1215 1267 1216
f 1223 1274 1275
f 1222 1274 1223
f 1222 1273 1274
f 1221 1273 1222
f 1245 1296 1297
f 1244 1296 1245
f 1244 1295 1296
f 1223 1275 1224
f 1219 1270 1271
f 1218 1270 1219
f 1218 1269 1270
f 1217 1269 1218
f 1241 1292 1293
f 1240 1292 1241
f 1240 1291 1292
f 1239 1291 1240
f 1247 1298 1299
f 1246 1298 1247
f 1246 1297 1298
f 1245 1297 1246
f 1211 1262 1263
f 1184 1236 1185
f 1209 1260 1261
f 1208 1260 1209
f 1208 1259 1260
f 1207 1259 1208
f 1215 1266 1267
f 1214 1266 1215
f 1214 1265 1266
f 1213 1265 1214
f 1205 1256 1257
f 1204 1256 1205
f 1204 1255 1256
f 1202 1254 1203
f 1185 1236 1237
f 1210 1262 1211
f 1210 1261 1262
f 1209 1261 1210
f 1168 1219 1220
f 1167 1219 1168
f 1167 1218 1219
f 1166 1218 1167
f 1174 1225 1226
f 1173 1225 1174
f 1173 1224 1225
f 1172 1224 1173
f 1196 1247 1248
f 1183 1235 1184
f 1231 1282 1283
f 1230 1282 1231
f 1230 1281 1282
f 1229 1281 1230
f 1221 1272 1273
f 1220 1272 1221
f 1220 1271 1272
f 1219 1271 1220
f 1227 1278 1279
f 1226 1278 1227
f 1226 1277 1278
f 1225 1277 1226
f 1184 1235 1236
f 1336 1388 1337
f 1183 1234 1235
f 1182 1234 1183
f 1190 1241 1242
f 1189 1241 1190
f 1189 1240 1241
f 1188 1240 1189
f 1213 1264 1265
f 1212 1264 1213
f 1212 1263 1264
f 1211 1263 1212
f 1186 1237 1238
f 1185 1237 1186
f 657 655 1503
f 1494 695 693
f 1494 697 695
f 1493 697 1494
f 1467 1499 1475
f 1467 1498 1499
f 1466 1498 1467
f 1466 1497 1498
f 1478 1505 1479
f 1478 1504 1505
f 1477 1504 1478
f 1477 1503 1504
f 1503 653 1504
f 1503 655 653
f 711 709 1491
f 1484 737 1485
f 1468 1501 1469
f 1468 1500 1501
f 1475 1500 1468
f 1475 1499 1500
f 1497 679 1498
f 1499 673 671
f 1499 675 673
f 1498 675 1499
f 1497 683 681
f 1496 683 1497
f 1504 651 649
f 1491 709 707
f 727 1486 729
f 727 1487 1486
f 1490 711 1491
f 1490 713 711
f 715 713 1490
f 1501 661 1502
f 1500 669 667
f 1500 671 669
f 1499 671 1500
f 1501 665 663
f 1492 705 703
f 1492 707 705
f 1491 707 1492
f 1504 653 651
f 661 659 1502
f 1505 647 645
f 1505 649 647
f 1504 649 1505
f 1493 699 697
f 701 699 1493
f 1492 701 1493
f 703 701 1492
f 691 689 1495
f 1486 731 729
f 1486 733 731
f 1485 733 1486
f 1474 1440 1480
f 1479 1505 1483
f 663 661 1501
f 1483 741 1484
f 1483 743 741
f 642 743 1483
f 1476 1503 1477
f 1476 1502 1503
f 1469 1502 1476
f 1469 1501 1502
f 1489 717 715
f 719 717 1489
f 1488 719 1489
f 721 719 1488
f 642 1483 643
f 1474 1441 1440
f 1442 1441 1474
f 1472 1430 1429
f 1471 1412 1411
f 1413 1412 1471
f 1469 1452 1451
f 1469 1453 1452
f 1460 1495 1480
f 1460 1494 1495
f 1461 1494 1460
f 1461 1493 1494
f 1475 1448 1447
f 1463 1488 1489
f 1501 667 665
f 1500 667 1501
f 1502 657 1503
f 1502 659 657
f 1484 739 737
f 741 739 1484
f 1498 677 675
f 1498 679 677
f 1479 1483 1471
f 1481 1417 1416
f 1481 1418 1417
f 1482 1418 1481
f 1463 1489 1462
f 737 735 1485
f 1465 1488 1463
f 1465 1487 1488
f 723 1487 725
f 723 1488 1487
f 721 1488 723
f 1489 715 1490
f 1470 1485 1481
f 1470 1484 1485
f 1471 1484 1470
f 1471 1483 1484
f 643 1505 645
f 643 1483 1505
f 732 751 752
f 672 782 670
f 672 781 782
f 674 781 672
f 658 788 789
f 644 645 646
f 660 787 788
f 662 787 660
f 742 746 747
f 744 746 742
f 744 745 746
f 742 743 744
f 730 752 753
f 732 752 730
f 670 782 783
f 734 751 732
f 686 774 775
f 688 774 686
f 688 773 774
f 690 773 688
f 738 748 749
f 740 748 738
f 740 747 748
f 742 747 740
f 694 770 771
f 696 770 694
f 696 769 770
f 678 677 679
f 666 667 668
f 676 675 677
f 674 675 676
f 658 657 659
f 656 657 658
f 656 655 657
f 654 655 656
f 670 669 671
f 668 669 670
f 666 665 667
f 664 665 666
f 664 663 665
f 662 663 664
f 698 769 696
f 676 677 678
f 674 673 675
f 672 673 674
f 672 671 673
f 670 671 672
f 684 776 682
f 646 647 648
f 716 760 714
f 660 788 658
f 686 687 688
f 652 791 792
f 654 791 652
f 728 727 729
f 692 693 694
f 692 691 693
f 690 691 692
f 738 737 739
f 736 737 738
f 736 735 737
f 734 735 736
f 686 685 687
f 684 685 686
f 684 683 685
f 682 683 684
f 730 729 731
f 728 729 730
f 694 693 695
f 726 727 728
f 742 741 743
f 740 741 742
f 725 1487 727
f 693 1495 1494
f 691 1495 693
f 1497 681 679
f 1496 685 683
f 1496 687 685
f 1495 687 1496
f 1495 689 687
f 1485 735 733
f 718 759 716
f 682 776 777
f 644 643 645
f 734 733 735
f 732 733 734
f 662 661 663
f 660 661 662
f 740 739 741
f 738 739 740
f 722 721 723
f 720 721 722
f 720 719 721
f 718 719 720
f 716 759 760
f 1468 1448 1475
f 734 750 751
f 736 750 734
f 736 749 750
f 738 749 736
f 722 756 757
f 724 756 722
f 724 755 756
f 726 755 724
f 682 681 683
f 680 681 682
f 680 679 681
f 678 679 680
f 1362 1415 1416
f 1356 1306 1305
f 1356 1357 1306
f 1407 1357 1356
f 1399 1452 1453
f 1398 1452 1399
f 1398 1451 1452
f 1397 1451 1398
f 1405 1458 1459
f 1404 1458 1405
f 1404 1457 1458
f 1403 1457 1404
f 1363 1416 1417
f 1362 1416 1363
f 1305 1306 1255
f 1361 1415 1362
f 1369 1422 1423
f 1368 1422 1369
f 1368 1421 1422
f 1367 1421 1368
f 1391 1444 1445
f 1390 1444 1391
f 1390 1443 1444
f 1389 1443 1390
f 1365 1418 1419
f 1364 1418 1365
f 1364 1417 1418
f 1383 1437 1384
f 1050 1051 1000
f 1101 1051 1050
f 642 744 743
f 644 744 642
f 644 745 744
f 795 745 644
f 1379 1432 1433
f 1378 1432 1379
f 1378 1431 1432
f 1377 1431 1378
f 1385 1438 1439
f 1384 1438 1385
f 1384 1437 1438
f 1363 1417 1364
f 1407 1408 1357
f 1406 1408 1407
f 1406 1459 1408
f 1405 1459 1406
f 1381 1434 1435
f 1380 1434 1381
f 1380 1433 1434
f 1379 1433 1380
f 1403 1456 1457
f 1402 1456 1403
f 1402 1455 1456
f 1401 1455 1402
f 1367 1420 1421
f 1373 1427 1374
f 1349 1400 1401
f 1348 1400 1349
f 1348 1399 1400
f 1347 1399 1348
f 1371 1424 1425
f 1370 1424 1371
f 1370 1423 1424
f 1369 1423 1370
f 1377 1430 1431
f 1376 1430 1377
f 1376 1429 1430
f 1375 1429 1376
f 1374 1427 1428
f 1366 1420 1367
f 1366 1419 1420
f 1365 1419 1366
f 1373 1426 1427
f 1372 1426 1373
f 1372 1425 1426
f 1371 1425 1372
f 1331 1382 1383
f 1330 1382 1331
f 1330 1381 1382
f 1329 1381 1330
f 1337 1388 1389
f 1388 1442 1389
f 1387 1440 1441
f 1386 1440 1387
f 1386 1439 1440
f 1385 1439 1386
f 1393 1446 1447
f 1392 1446 1393
f 1392 1445 1446
f 1391 1445 1392
f 1383 1436 1437
f 1382 1436 1383
f 1382 1435 1436
f 1381 1435 1382
f 1389 1442 1443
f 1050 1000 999
f 1388 1441 1442
f 1387 1441 1388
f 1347 1398 1399
f 1346 1398 1347
f 1346 1397 1398
f 1345 1397 1346
f 1353 1404 1405
f 1352 1404 1353
f 1352 1403 1404
f 1351 1403 1352
f 1375 1428 1429
f 1374 1428 1375
f 1460 1437 1436
f 1480 1439 1438
f 1440 1439 1480
f 1465 1420 1482
f 1427 1464 1428
f 1470 1413 1471
f 1414 1413 1470
f 1451 1468 1469
f 1414 1470 1415
f 1479 1410 1409
f 1479 1411 1410
f 1471 1411 1479
f 1482 1419 1418
f 1420 1419 1482
f 1480 1438 1460
f 1460 1438 1437
f 1476 1453 1469
f 1476 1454 1453
f 1455 1454 1476
f 1475 1447 1446
f 1465 1421 1420
f 1422 1421 1465
f 1415 1481 1416
f 1415 1470 1481
f 1203 1204 1153
f 1254 1204 1203
f 1254 1255 1204
f 1481 1485 1486
f 1468 1449 1448
f 1450 1449 1468
f 1464 1491 1472
f 1464 1490 1491
f 1462 1490 1464
f 1462 1489 1490
f 1474 1497 1466
f 1474 1496 1497
f 1480 1496 1474
f 1480 1495 1496
f 1482 1487 1465
f 1482 1486 1487
f 1481 1486 1482
f 1305 1255 1254
f 1473 1493 1461
f 1473 1492 1493
f 1472 1492 1473
f 1472 1491 1492
f 1450 1468 1451
f 1444 1466 1467
f 1463 1422 1465
f 1463 1423 1422
f 1466 1442 1474
f 1466 1443 1442
f 1444 1443 1466
f 1461 1433 1473
f 1397 1450 1451
f 1459 1458 1478
f 1395 1448 1449
f 1394 1448 1395
f 1394 1447 1448
f 1393 1447 1394
f 1401 1454 1455
f 1400 1454 1401
f 1400 1453 1454
f 1399 1453 1400
f 1462 1424 1463
f 1425 1424 1462
f 1460 1435 1461
f 1436 1435 1460
f 1478 1458 1457
f 1396 1450 1397
f 1396 1449 1450
f 1395 1449 1396
f 795 796 745
f 846 796 795
f 846 847 796
f 897 847 846
f 1424 1423 1463
f 1426 1464 1427
f 1426 1462 1464
f 1425 1462 1426
f 999 1000 949
f 1467 1445 1444
f 897 898 847
f 948 898 897
f 948 949 898
f 999 949 948
f 1408 1479 1409
f 1408 1478 1479
f 1459 1478 1408
f 1477 1456 1455
f 1101 1102 1051
f 1152 1102 1101
f 1152 1153 1102
f 1203 1153 1152
f 1455 1476 1477
f 1155 1207 1156
f 1467 1446 1445
f 1475 1446 1467
f 1472 1431 1430
f 1473 1431 1472
f 1473 1432 1431
f 1433 1432 1473
f 1461 1434 1433
f 1435 1434 1461
f 1428 1472 1429
f 1428 1464 1472
f 1477 1457 1456
f 1478 1457 1477
f 844 895 896
f 826 878 827
f 826 877 878
f 825 877 826
f 850 901 902
f 849 901 850
f 849 900 901
f 848 900 849
f 856 907 908
f 855 907 856
f 855 906 907
f 854 906 855
f 845 896 897
f 844 896 845
f 827 878 879
f 843 895 844
f 852 903 904
f 851 903 852
f 851 902 903
f 850 902 851
f 809 860 861
f 808 860 809
f 808 859 860
f 807 859 808
f 815 866 867
f 814 866 815
f 814 865 866
f 866 918 867
f 865 916 917
f 864 916 865
f 872 923 924
f 871 923 872
f 871 922 923
f 870 922 871
f 862 913 914
f 861 913 862
f 861 912 913
f 860 912 861
f 868 919 920
f 867 919 868
f 867 918 919
f 813 865 814
f 825 876 877
f 824 876 825
f 824 875 876
f 823 875 824
f 831 882 883
f 830 882 831
f 830 881 882
f 829 881 830
f 854 905 906
f 853 905 854
f 853 904 905
f 852 904 853
f 817 868 869
f 790 842 791
f 799 850 851
f 798 850 799
f 798 849 850
f 797 849 798
f 821 872 873
f 820 872 821
f 820 871 872
f 819 871 820
f 794 845 846
f 793 845 794
f 793 844 845
f 792 844 793
f 791 842 843
f 816 868 817
f 816 867 868
f 815 867 816
f 823 874 875
f 822 874 823
f 822 873 874
f 821 873 822
f 813 864 865
f 812 864 813
f 812 863 864
f 811 863 812
f 819 870 871
f 838 890 839
f 837 888 889
f 836 888 837
f 836 887 888
f 835 887 836
f 811 862 863
f 810 862 811
f 810 861 862
f 809 861 810
f 833 884 885
f 832 884 833
f 832 883 884
f 831 883 832
f 839 890 891
f 865 917 866
f 838 889 890
f 837 889 838
f 829 880 881
f 828 880 829
f 828 879 880
f 827 879 828
f 835 886 887
f 834 886 835
f 834 885 886
f 833 885 834
f 792 843 844
f 791 843 792
f 875 926 927
f 1148 1200 1149
f 873 924 925
f 872 924 873
f 880 931 932
f 879 931 880
f 879 930 931
f 878 930 879
f 903 954 955
f 902 954 903
f 902 953 954
f 901 953 902
f 876 927 928
f 875 927 876
f 874 925 926
f 874 926 875
f 899 950 951
f 898 950 899
f 898 949 950
f 896 948 897
f 905 956 957
f 904 956 905
f 904 955 956
f 903 955 904
f 894 945 946
f 893 945 894
f 893 944 945
f 913 965 914
f 895 946 947
f 894 946 895
f 919 970 971
f 918 970 919
f 918 969 970
f 917 969 918
f 892 943 944
f 891 943 892
f 891 942 943
f 890 942 891
f 915 966 967
f 914 966 915
f 914 965 966
f 892 944 893
f 921 972 973
f 920 972 921
f 920 971 972
f 919 971 920
f 911 962 963
f 910 962 911
f 910 961 962
f 909 961 910
f 917 968 969
f 916 968 917
f 916 967 968
f 915 967 916
f 848 899 900
f 886 938 887
f 878 929 930
f 877 929 878
f 877 928 929
f 876 928 877
f 884 935 936
f 883 935 884
f 883 934 935
f 882 934 883
f 841 892 893
f 840 892 841
f 840 891 892
f 839 891 840
f 887 938 939
f 847 899 848
f 847 898 899
f 845 897 846
f 870 921 922
f 869 921 870
f 869 920 921
f 868 920 869
f 843 894 895
f 842 894 843
f 842 893 894
f 841 893 842
f 866 917 918
f 885 937 886
f 901 952 953
f 900 952 901
f 900 951 952
f 899 951 900
f 858 909 910
f 857 909 858
f 857 908 909
f 856 908 857
f 864 915 916
f 863 915 864
f 863 914 915
f 862 914 863
f 886 937 938
f 818 870 819
f 885 936 937
f 884 936 885
f 860 911 912
f 859 911 860
f 859 910 911
f 858 910 859
f 882 933 934
f 881 933 882
f 881 932 933
f 880 932 881
f 888 939 940
f 887 939 888
f 664 785 786
f 700 768 698
f 700 767 768
f 702 767 700
f 654 790 791
f 656 790 654
f 656 789 790
f 658 789 656
f 706 764 765
f 708 764 706
f 708 763 764
f 710 763 708
f 662 786 787
f 664 786 662
f 698 768 769
f 666 785 664
f 650 792 793
f 652 792 650
f 684 775 776
f 686 775 684
f 702 766 767
f 704 766 702
f 704 765 766
f 706 765 704
f 690 772 773
f 692 772 690
f 692 771 772
f 756 808 757
f 755 806 807
f 754 806 755
f 674 780 781
f 676 780 674
f 676 779 780
f 678 779 676
f 752 803 804
f 751 803 752
f 751 802 803
f 750 802 751
f 758 809 810
f 757 809 758
f 757 808 809
f 694 771 692
f 748 799 800
f 747 799 748
f 747 798 799
f 746 798 747
f 754 805 806
f 753 805 754
f 753 804 805
f 752 804 753
f 710 762 763
f 712 762 710
f 712 761 762
f 714 761 712
f 652 651 653
f 648 649 650
f 648 647 649
f 642 643 644
f 710 709 711
f 708 709 710
f 660 659 661
f 658 659 660
f 706 705 707
f 704 705 706
f 704 703 705
f 702 703 704
f 702 701 703
f 700 701 702
f 650 649 651
f 650 651 652
f 698 697 699
f 696 697 698
f 696 695 697
f 694 695 696
f 700 699 701
f 698 699 700
f 708 707 709
f 706 707 708
f 690 689 691
f 688 689 690
f 688 687 689
f 716 717 718
f 714 713 715
f 712 713 714
f 712 711 713
f 710 711 712
f 726 725 727
f 724 725 726
f 724 723 725
f 722 723 724
f 718 758 759
f 720 758 718
f 720 757 758
f 722 757 720
f 718 717 719
f 755 807 756
f 716 715 717
f 714 715 716
f 726 754 755
f 728 754 726
f 728 753 754
f 730 753 728
f 714 760 761
f 646 645 647
f 654 653 655
f 652 653 654
f 732 731 733
f 730 731 732
f 765 816 817
f 796 848 797
f 796 847 848
f 794 846 795
f 803 854 855
f 802 854 803
f 802 853 854
f 801 853 802
f 760 811 812
f 759 811 760
f 759 810 811
f 758 810 759
f 766 817 818
f 765 817 766
f 797 848 849
f 764 816 765
f 788 839 840
f 787 839 788
f 787 838 839
f 786 838 787
f 762 813 814
f 761 813 762
f 761 812 813
f 760 812 761
f 784 835 836
f 783 835 784
f 783 834 835
f 803 855 804
f 818 869 870
f 817 869 818
f 776 827 828
f 775 827 776
f 775 826 827
f 774 826 775
f 782 833 834
f 781 833 782
f 781 832 833
f 780 832 781
f 805 856 857
f 804 856 805
f 804 855 856
f 782 834 783
f 778 829 830
f 777 829 778
f 777 828 829
f 776 828 777
f 801 852 853
f 800 852 801
f 800 851 852
f 799 851 800
f 807 858 859
f 806 858 807
f 806 857 858
f 805 857 806
f 770 821 822
f 646 795 644
f 768 819 820
f 767 819 768
f 767 818 819
f 766 818 767
f 774 825 826
f 773 825 774
f 773 824 825
f 772 824 773
f 764 815 816
f 763 815 764
f 763 814 815
f 762 814 763
f 745 796 797
f 769 821 770
f 769 820 821
f 768 820 769
f 678 778 779
f 680 778 678
f 680 777 778
f 682 777 680
f 666 784 785
f 668 784 666
f 668 783 784
f 670 783 668
f 756 807 808
f 648 794 646
f 790 841 842
f 789 841 790
f 789 840 841
f 788 840 789
f 780 831 832
f 779 831 780
f 779 830 831
f 778 830 779
f 786 837 838
f 785 837 786
f 785 836 837
f 784 836 785
f 646 794 795
f 873 925 874
f 648 793 794
f 650 793 648
f 750 801 802
f 749 801 750
f 749 800 801
f 748 800 749
f 772 823 824
f 771 823 772
f 771 822 823
f 770 822 771
f 746 797 798
f 745 797 746
f 1065 1116 1117
f 1079 1131 1080
f 1079 1130 1131
f 1078 1130 1079
f 1037 1088 1089
f 1036 1088 1037
f 1036 1087 1088
f 1035 1087 1036
f 1043 1094 1095
f 1042 1094 1043
f 1042 1093 1094
f 1041 1093 1042
f 1066 1117 1118
f 1065 1117 1066
f 1080 1131 1132
f 1064 1116 1065
f 1039 1090 1091
f 1038 1090 1039
f 1038 1089 1090
f 1037 1089 1038
f 1062 1113 1114
f 1061 1113 1062
f 1061 1112 1113
f 1060 1112 1061
f 1068 1119 1120
f 1067 1119 1068
f 1067 1118 1119
f 1054 1106 1055
f 1053 1104 1105
f 1052 1104 1053
f 1060 1111 1112
f 1059 1111 1060
f 1059 1110 1111
f 1058 1110 1059
f 1082 1133 1134
f 1081 1133 1082
f 1081 1132 1133
f 1080 1132 1081
f 1056 1107 1108
f 1055 1107 1056
f 1055 1106 1107
f 1066 1118 1067
f 1078 1129 1130
f 1077 1129 1078
f 1077 1128 1129
f 1076 1128 1077
f 1084 1135 1136
f 1083 1135 1084
f 1083 1134 1135
f 1082 1134 1083
f 1074 1125 1126
f 1073 1125 1074
f 1073 1124 1125
f 1072 1124 1073
f 1005 1056 1057
f 1043 1095 1044
f 1052 1103 1104
f 1051 1103 1052
f 1051 1102 1103
f 1049 1101 1050
f 1041 1092 1093
f 1040 1092 1041
f 1040 1091 1092
f 1039 1091 1040
f 1047 1098 1099
f 1046 1098 1047
f 1046 1097 1098
f 1045 1097 1046
f 1044 1095 1096
f 1004 1056 1005
f 1004 1055 1056
f 1003 1055 1004
f 1011 1062 1063
f 1010 1062 1011
f 1010 1061 1062
f 1009 1061 1010
f 1033 1084 1085
f 1032 1084 1033
f 1032 1083 1084
f 1031 1083 1032
f 1007 1058 1059
f 1026 1078 1027
f 1058 1109 1110
f 1057 1109 1058
f 1057 1108 1109
f 1056 1108 1057
f 1064 1115 1116
f 1063 1115 1064
f 1063 1114 1115
f 1062 1114 1063
f 1021 1072 1073
f 1020 1072 1021
f 1020 1071 1072
f 1019 1071 1020
f 1027 1078 1079
f 1053 1105 1054
f 1026 1077 1078
f 1025 1077 1026
f 1049 1100 1101
f 1048 1100 1049
f 1048 1099 1100
f 1047 1099 1048
f 1023 1074 1075
f 1022 1074 1023
f 1022 1073 1074
f 1021 1073 1022
f 1045 1096 1097
f 895 947 896
f 1128 1179 1180
f 1126 1178 1127
f 1126 1177 1178
f 1125 1177 1126
f 1133 1184 1185
f 1132 1184 1133
f 1132 1183 1184
f 1131 1183 1132
f 1123 1174 1175
f 1122 1174 1123
f 1122 1173 1174
f 1121 1173 1122
f 1129 1180 1181
f 1128 1180 1129
f 1127 1178 1179
f 1127 1179 1128
f 1086 1137 1138
f 1085 1137 1086
f 1085 1136 1137
f 1084 1136 1085
f 1092 1143 1144
f 1091 1143 1092
f 1091 1142 1143
f 1090 1142 1091
f 1115 1166 1167
f 1114 1166 1115
f 1114 1165 1166
f 1100 1152 1101
f 1148 1199 1200
f 1147 1199 1148
f 1139 1190 1191
f 1138 1190 1139
f 1138 1189 1190
f 1137 1189 1138
f 1145 1196 1197
f 1144 1196 1145
f 1144 1195 1196
f 1143 1195 1144
f 1103 1154 1155
f 1102 1154 1103
f 1102 1153 1154
f 1113 1165 1114
f 1109 1160 1161
f 1108 1160 1109
f 1108 1159 1160
f 1107 1159 1108
f 1131 1182 1183
f 1130 1182 1131
f 1130 1181 1182
f 1129 1181 1130
f 1105 1156 1157
f 1104 1156 1105
f 1104 1155 1156
f 1103 1155 1104
f 1100 1151 1152
f 1074 1126 1075
f 1098 1149 1150
f 1097 1149 1098
f 1097 1148 1149
f 1096 1148 1097
f 1072 1123 1124
f 1071 1123 1072
f 1071 1122 1123
f 1070 1122 1071
f 1094 1145 1146
f 1093 1145 1094
f 1093 1144 1145
f 1092 1144 1093
f 1075 1126 1127
f 1099 1151 1100
f 1099 1150 1151
f 1098 1150 1099
f 1090 1141 1142
f 1089 1141 1090
f 1089 1140 1141
f 1088 1140 1089
f 1096 1147 1148
f 1095 1147 1096
f 1095 1146 1147
f 1094 1146 1095
f 1054 1105 1106
f 1106 1158 1107
f 1088 1139 1140
f 1087 1139 1088
f 1087 1138 1139
f 1086 1138 1087
f 1111 1162 1163
f 1110 1162 1111
f 1110 1161 1162
f 1109 1161 1110
f 1117 1168 1169
f 1116 1168 1117
f 1116 1167 1168
f 1115 1167 1116
f 1107 1158 1159
f 1044 1096 1045
f 1106 1157 1158
f 1105 1157 1106
f 1113 1164 1165
f 1112 1164 1113
f 1112 1163 1164
f 1111 1163 1112
f 1070 1121 1122
f 1069 1121 1070
f 1069 1120 1121
f 1068 1120 1069
f 1076 1127 1128
f 1075 1127 1076
f 923 974 975
f 962 1014 963
f 970 1021 1022
f 969 1021 970
f 969 1020 1021
f 968 1020 969
f 960 1011 1012
f 959 1011 960
f 959 1010 1011
f 958 1010 959
f 966 1017 1018
f 965 1017 966
f 965 1016 1017
f 964 1016 965
f 963 1014 1015
f 922 974 923
f 922 973 974
f 921 973 922
f 929 980 981
f 928 980 929
f 928 979 980
f 927 979 928
f 952 1003 1004
f 951 1003 952
f 951 1002 1003
f 950 1002 951
f 925 976 977
f 924 976 925
f 945 996 997
f 984 1036 985
f 976 1027 1028
f 975 1027 976
f 975 1026 1027
f 974 1026 975
f 982 1033 1034
f 1006 1058 1007
f 981 1032 1033
f 980 1032 981
f 939 990 991
f 938 990 939
f 938 989 990
f 937 989 938
f 924 975 976
f 944 996 945
f 944 995 996
f 943 995 944
f 968 1019 1020
f 967 1019 968
f 967 1018 1019
f 966 1018 967
f 941 992 993
f 940 992 941
f 940 991 992
f 939 991 940
f 964 1015 1016
f 963 1015 964
f 935 987 936
f 934 985 986
f 933 985 934
f 909 960 961
f 908 960 909
f 908 959 960
f 907 959 908
f 931 982 983
f 930 982 931
f 930 981 982
f 929 981 930
f 937 988 989
f 936 988 937
f 936 987 988
f 934 986 935
f 927 978 979
f 926 978 927
f 926 977 978
f 925 977 926
f 933 984 985
f 932 984 933
f 932 983 984
f 931 983 932
f 890 941 942
f 889 941 890
f 889 940 941
f 888 940 889
f 896 947 948
f 950 1001 1002
f 923 975 924
f 947 998 999
f 946 998 947
f 946 997 998
f 945 997 946
f 954 1005 1006
f 953 1005 954
f 953 1004 1005
f 952 1004 953
f 943 994 995
f 942 994 943
f 942 993 994
f 941 993 942
f 981 1033 982
f 949 1001 950
f 949 1000 1001
f 947 999 948
f 907 958 959
f 906 958 907
f 906 957 958
f 905 957 906
f 913 964 965
f 912 964 913
f 912 963 964
f 911 963 912
f 935 986 987
f 1009 1060 1061
f 972 1023 1024
f 1013 1065 1014
f 1014 1065 1066
f 1014 1066 1015
f 1015 1066 1067
f 1007 1059 1008
f 1008 1059 1060
f 1008 1060 1009
f 971 1023 972
f 1017 1069 1018
f 1018 1069 1070
f 1018 1070 1019
f 1019 1070 1071
f 1011 1063 1012
f 1012 1063 1064
f 1012 1064 1013
f 1013 1064 1065
f 1000 1051 1052
f 995 1046 1047
f 995 1047 996
f 996 1047 1048
f 972 1024 973
f 973 1024 1025
f 973 1025 974
f 974 1025 1026
f 998 1050 999
f 988 1040 989
f 1000 1052 1001
f 976 1028 977
f 977 1028 1029
f 977 1029 978
f 978 1029 1030
f 970 1022 971
f 971 1022 1023
f 1034 1086 1035
f 1030 1082 1031
f 1031 1082 1083
f 1023 1075 1024
f 1024 1075 1076
f 1024 1076 1025
f 1025 1076 1077
f 1033 1085 1034
f 1034 1085 1086
f 1030 1081 1082
f 1035 1086 1087
f 1027 1079 1028
f 1028 1079 1080
f 1028 1080 1029
f 1029 1080 1081
f 1005 1057 1006
f 1006 1057 1058
f 993 1044 1045
f 989 1040 1041
f 989 1041 990
f 990 1041 1042
f 1015 1067 1016
f 1016 1067 1068
f 1016 1068 1017
f 1017 1068 1069
f 992 1044 993
f 1001 1052 1053
f 993 1045 994
f 994 1045 1046
f 986 1038 987
f 987 1038 1039
f 987 1039 988
f 988 1039 1040
f 1029 1081 1030
f 982 1034 983
f 956 1007 1008
f 955 1007 956
f 955 1006 1007
f 954 1006 955
f 962 1013 1014
f 961 1013 962
f 961 1012 1013
f 960 1012 961
f 984 1035 1036
f 983 1035 984
f 983 1034 1035
f 1003 1054 1055
f 958 1009 1010
f 957 1009 958
f 957 1008 1009
f 956 1008 957
f 980 1031 1032
f 979 1031 980
f 979 1030 1031
f 978 1030 979
f 986 1037 1038
f 985 1037 986
f 985 1036 1037
f 992 1043 1044
f 1002 1053 1054
f 1002 1054 1003
f 994 1046 995
f 996 1048 997
f 997 1048 1049
f 1001 1053 1002
f 991 1043 992
f 991 1042 1043
f 990 1042 991
f 998 1049 1050
f 997 1049 998
f 1737 1532 1738
f 1738 1532 1513
f 1738 1513 1739
f 1739 1513 1511
f 1739 1511 1740
f 1748 1518 1517
f 1716 1754 1717
f 1741 1510 1528
f 1733 1520 1734
f 1734 1520 1519
f 1734 1519 1735
f 1735 1519 1534
f 1735 1534 1736
f 1744 1526 1509
f 1770 1529 1516
f 1737 1533 1532
f 1729 1543 1730
f 1730 1543 1542
f 1730 1542 1731
f 1731 1542 1541
f 1731 1541 1732
f 1708 1745 1746
f 1740 1510 1741
f 1733 1522 1520
f 1725 1544 1726
f 1726 1544 1538
f 1726 1538 1727
f 1727 1538 1536
f 1727 1536 1728
f 1736 1534 1533
f 1704 1742 1705
f 1729 1535 1543
f 1769 1772 1773
f 1758 1757 1512
f 1754 1523 1531
f 1754 1531 1755
f 1755 1531 1530
f 1756 1757 1758
f 1580 1759 1765
f 1732 1522 1733
f 1773 1767 1537
f 1773 1537 1529
f 1769 1773 1770
f 1752 1524 1753
f 1584 1579 1768
f 1768 1579 1771
f 1768 1771 1769
f 1769 1771 1772
f 1763 1770 1764
f 1764 1770 1516
f 1764 1516 1508
f 1579 1580 1765
f 1748 1517 1749
f 1771 1766 1772
f 1772 1766 1767
f 1772 1767 1773
f 1741 1528 1742
f 1508 1507 1509
f 1521 1520 1522
f 1506 1507 1508
f 1512 1527 1528
f 1765 1759 1756
f 1762 1768 1769
f 1579 1765 1771
f 1538 1544 1537
f 1537 1544 1545
f 1537 1545 1529
f 1529 1545 1546
f 1529 1546 1539
f 1540 1547 1529
f 1551 1565 1549
f 1549 1550 1551
f 1535 1536 1537
f 1537 1536 1538
f 1539 1540 1529
f 1522 1541 1521
f 1521 1541 1542
f 1521 1542 1537
f 1553 1556 1557
f 1566 1607 1567
f 1529 1530 1516
f 1516 1530 1531
f 1516 1531 1523
f 1513 1532 1512
f 1512 1532 1533
f 1512 1533 1521
f 1512 1528 1510
f 1529 1548 1530
f 1521 1533 1534
f 1523 1524 1516
f 1516 1524 1525
f 1516 1525 1514
f 1509 1526 1508
f 1508 1526 1527
f 1508 1527 1512
f 1537 1542 1543
f 1570 1576 1568
f 1568 1576 1577
f 1568 1577 1573
f 1573 1577 1578
f 1573 1578 1571
f 1588 1572 1589
f 1521 1534 1519
f 1580 1568 1581
f 1558 1567 1568
f 1568 1567 1569
f 1568 1569 1570
f 1571 1572 1573
f 1573 1572 1574
f 1583 1551 1584
f 1628 1549 1629
f 1563 1575 1561
f 1558 1559 1560
f 1561 1562 1563
f 1563 1562 1564
f 1563 1564 1551
f 1551 1564 1565
f 1519 1520 1521
f 1580 1558 1568
f 1558 1566 1567
f 1551 1550 1552
f 1551 1552 1553
f 1553 1552 1554
f 1553 1554 1555
f 1555 1556 1553
f 1573 1574 1563
f 1510 1511 1512
f 1558 1557 1559
f 1576 1597 1577
f 1577 1597 1598
f 1577 1598 1593
f 1595 1576 1599
f 1599 1576 1570
f 1611 1560 1559
f 1560 1566 1558
f 1601 1570 1569
f 1590 1571 1591
f 1591 1571 1578
f 1591 1578 1592
f 1577 1593 1578
f 1578 1593 1594
f 1566 1606 1607
f 1625 1624 1648
f 1576 1596 1597
f 1579 1553 1558
f 1585 1574 1586
f 1586 1574 1587
f 1587 1574 1588
f 1588 1574 1572
f 1529 1547 1548
f 1600 1570 1601
f 1589 1571 1590
f 1581 1568 1573
f 1581 1573 1582
f 1582 1573 1563
f 1582 1563 1583
f 1583 1563 1551
f 1578 1594 1592
f 1537 1543 1535
f 1584 1553 1579
f 1555 1619 1620
f 1555 1620 1556
f 1556 1620 1621
f 1556 1621 1615
f 1622 1623 1552
f 1565 1634 1635
f 1589 1572 1571
f 1554 1624 1625
f 1559 1613 1614
f 1559 1614 1612
f 1615 1616 1556
f 1556 1616 1617
f 1556 1617 1557
f 1628 1550 1549
f 1644 1643 1660
f 1554 1619 1555
f 1567 1608 1603
f 1605 1566 1609
f 1609 1566 1560
f 1609 1560 1610
f 1610 1560 1611
f 1579 1558 1580
f 1552 1624 1554
f 1557 1613 1559
f 1601 1569 1602
f 1567 1603 1569
f 1569 1603 1604
f 1569 1604 1602
f 1605 1606 1566
f 1557 1617 1618
f 1563 1574 1575
f 1567 1607 1608
f 1585 1642 1574
f 1574 1642 1643
f 1574 1643 1575
f 1575 1643 1644
f 1575 1644 1640
f 1651 1626 1627
f 1611 1559 1612
f 1645 1615 1621
f 1636 1564 1562
f 1636 1562 1637
f 1637 1562 1638
f 1638 1562 1561
f 1638 1561 1639
f 1648 1619 1625
f 1672 1602 1604
f 1561 1641 1639
f 1549 1630 1631
f 1549 1631 1629
f 1632 1633 1564
f 1564 1633 1634
f 1564 1634 1565
f 1599 1570 1600
f 1616 1615 1645
f 1632 1564 1636
f 1554 1625 1619
f 1622 1552 1626
f 1626 1552 1550
f 1626 1550 1627
f 1627 1550 1628
f 1575 1640 1561
f 1595 1596 1576
f 1565 1630 1549
f 1654 1633 1655
f 1655 1633 1632
f 1655 1632 1656
f 1656 1632 1636
f 1656 1636 1657
f 1662 1587 1663
f 1565 1635 1630
f 1657 1638 1639
f 1651 1629 1652
f 1652 1629 1631
f 1652 1631 1653
f 1653 1631 1630
f 1653 1630 1654
f 1660 1640 1644
f 1676 1686 1675
f 1654 1634 1633
f 1648 1623 1649
f 1649 1623 1622
f 1649 1622 1650
f 1650 1622 1626
f 1650 1626 1651
f 1552 1623 1624
f 1637 1638 1657
f 1651 1628 1629
f 1645 1621 1646
f 1646 1621 1620
f 1646 1620 1647
f 1647 1620 1619
f 1647 1619 1648
f 1654 1630 1635
f 1557 1618 1613
f 1648 1624 1623
f 1667 1594 1593
f 1667 1593 1668
f 1668 1593 1598
f 1598 1597 1668
f 1668 1597 1596
f 1674 1606 1675
f 1627 1628 1651
f 1669 1595 1670
f 1664 1588 1589
f 1664 1589 1665
f 1665 1589 1590
f 1590 1591 1665
f 1665 1591 1592
f 1671 1602 1672
f 1660 1702 1659
f 1666 1594 1667
f 1660 1642 1661
f 1661 1642 1585
f 1661 1585 1662
f 1585 1586 1662
f 1662 1586 1587
f 1617 1616 1645
f 1669 1596 1595
f 1663 1588 1664
f 1657 1639 1658
f 1658 1639 1641
f 1658 1641 1659
f 1659 1641 1640
f 1659 1640 1660
f 1665 1592 1666
f 1561 1640 1641
f 1660 1643 1642
f 1645 1680 1617
f 1617 1680 1681
f 1617 1681 1618
f 1618 1681 1679
f 1618 1679 1613
f 1672 1689 1690
f 1663 1587 1588
f 1679 1682 1683
f 1676 1605 1609
f 1676 1609 1677
f 1677 1609 1610
f 1610 1611 1677
f 1677 1611 1612
f 1676 1685 1686
f 1680 1718 1681
f 1678 1614 1679
f 1673 1604 1603
f 1673 1603 1674
f 1674 1603 1608
f 1608 1607 1674
f 1674 1607 1606
f 1657 1636 1637
f 1681 1682 1679
f 1675 1605 1676
f 1670 1595 1599
f 1670 1599 1671
f 1671 1599 1600
f 1600 1601 1671
f 1671 1601 1602
f 1677 1612 1678
f 1635 1634 1654
f 1672 1604 1673
f 1667 1695 1666
f 1666 1695 1696
f 1666 1696 1665
f 1665 1696 1697
f 1665 1697 1664
f 1656 1705 1706
f 1675 1606 1605
f 1663 1698 1699
f 1671 1691 1670
f 1670 1691 1692
f 1670 1692 1669
f 1669 1692 1693
f 1669 1693 1668
f 1660 1701 1702
f 1696 1734 1697
f 1667 1694 1695
f 1675 1687 1674
f 1674 1687 1688
f 1674 1688 1673
f 1673 1688 1689
f 1673 1689 1672
f 1668 1596 1669
f 1664 1698 1663
f 1671 1690 1691
f 1679 1683 1678
f 1678 1683 1684
f 1678 1684 1677
f 1677 1684 1685
f 1677 1685 1676
f 1668 1693 1694
f 1666 1592 1594
f 1675 1686 1687
f 1651 1711 1650
f 1650 1711 1712
f 1650 1712 1649
f 1649 1712 1713
f 1649 1713 1648
f 1684 1721 1722
f 1672 1690 1671
f 1647 1714 1715
f 1655 1707 1654
f 1654 1707 1708
f 1654 1708 1653
f 1653 1708 1709
f 1653 1709 1652
f 1680 1717 1718
f 1712 1750 1713
f 1651 1710 1711
f 1659 1703 1658
f 1658 1703 1704
f 1658 1704 1657
f 1657 1704 1705
f 1657 1705 1656
f 1613 1679 1614
f 1648 1714 1647
f 1655 1706 1707
f 1663 1699 1662
f 1662 1699 1700
f 1662 1700 1661
f 1661 1700 1701
f 1661 1701 1660
f 1652 1709 1710
f 1678 1612 1614
f 1659 1702 1703
f 1689 1727 1690
f 1690 1727 1728
f 1690 1728 1691
f 1691 1728 1729
f 1691 1729 1692
f 1700 1737 1738
f 1656 1706 1655
f 1693 1730 1731
f 1685 1723 1686
f 1686 1723 1724
f 1686 1724 1687
f 1687 1724 1725
f 1687 1725 1688
f 1696 1733 1734
f 1728 1535 1729
f 1689 1726 1727
f 1718 1719 1682
f 1682 1719 1720
f 1682 1720 1683
f 1683 1720 1721
f 1683 1721 1684
f 1664 1697 1698
f 1692 1730 1693
f 1685 1722 1723
f 1647 1715 1646
f 1646 1715 1716
f 1646 1716 1645
f 1645 1716 1717
f 1645 1717 1680
f 1688 1725 1726
f 1668 1694 1667
f 1681 1718 1682
f 1705 1743 1706
f 1706 1743 1744
f 1706 1744 1707
f 1707 1744 1745
f 1707 1745 1708
f 1716 1753 1754
f 1684 1722 1685
f 1709 1746 1747
f 1701 1739 1702
f 1702 1739 1740
f 1702 1740 1703
f 1703 1740 1741
f 1703 1741 1704
f 1712 1749 1750
f 1744 1509 1745
f 1705 1742 1743
f 1697 1735 1698
f 1698 1735 1736
f 1698 1736 1699
f 1699 1736 1737
f 1699 1737 1700
f 1648 1713 1714
f 1708 1746 1709
f 1701 1738 1739
f 1693 1731 1694
f 1694 1731 1732
f 1694 1732 1695
f 1695 1732 1733
f 1695 1733 1696
f 1704 1741 1742
f 1652 1710 1651
f 1697 1734 1735
f 1721 1540 1722
f 1722 1540 1539
f 1722 1539 1723
f 1723 1539 1546
f 1723 1546 1724
f 1732 1541 1522
f 1700 1738 1701
f 1725 1545 1544
f 1717 1755 1718
f 1718 1755 1719
f 1755 1530 1719
f 1719 1530 1548
f 1719 1548 1720
f 1728 1536 1535
f 1760 1762 1763
f 1721 1547 1540
f 1713 1751 1714
f 1714 1751 1752
f 1714 1752 1715
f 1715 1752 1753
f 1715 1753 1716
f 1692 1729 1730
f 1724 1545 1725
f 1717 1754 1755
f 1709 1747 1710
f 1710 1747 1748
f 1710 1748 1711
f 1711 1748 1749
f 1711 1749 1712
f 1720 1548 1547
f 1688 1726 1689
f 1713 1750 1751
f 1763 1769 1770
f 1584 1551 1553
f 1512 1511 1513
f 1514 1515 1516
f 1516 1515 1517
f 1516 1517 1508
f 1508 1517 1518
f 1508 1518 1506
f 1765 1756 1766
f 1766 1756 1758
f 1766 1758 1767
f 1767 1758 1521
f 1767 1521 1537
f 1583 1584 1768
f 1770 1773 1529
f 1762 1769 1763
f 1760 1763 1761
f 1761 1763 1764
f 1761 1764 1757
f 1757 1764 1508
f 1757 1508 1512
f 1580 1581 1759
f 1740 1511 1510
f 1771 1765 1766
f 1581 1582 1759
f 1759 1582 1760
f 1759 1760 1756
f 1756 1760 1761
f 1756 1761 1757
f 1582 1583 1762
f 1583 1768 1762
f 1736 1533 1737
f 1742 1528 1527
f 1742 1527 1743
f 1743 1527 1526
f 1743 1526 1744
f 1752 1525 1524
f 1720 1547 1721
f 1745 1509 1507
f 1745 1507 1746
f 1746 1507 1506
f 1746 1506 1747
f 1747 1506 1518
f 1747 1518 1748
f 1724 1546 1545
f 1758 1512 1521
f 1749 1517 1515
f 1749 1515 1750
f 1750 1515 1514
f 1750 1514 1751
f 1751 1514 1525
f 1751 1525 1752
f 1582 1762 1760
f 1753 1524 1523
f 1753 1523 1754
f 1553 1557 1558
f 2623 1841 1839
f 1843 1841 2623
f 2626 1827 1825
f 2626 1829 1827
f 2625 1829 2626
f 2622 1843 2623
f 2609 2636 2610
f 2617 1867 1865
f 1825 2627 2626
f 2625 1831 1829
f 1859 2619 2618
f 2632 1803 1801
f 2632 1801 1799
f 2633 1799 1797
f 2624 1839 1837
f 2623 1839 2624
f 2616 1871 1869
f 2616 1869 2617
f 1789 1787 2635
f 2635 1787 1785
f 2608 2635 2609
f 2612 2627 2628
f 2636 1783 1781
f 2628 1815 2629
f 2606 2629 2598
f 2598 2629 2630
f 2598 2630 2599
f 2599 2630 2631
f 1775 2637 1777
f 2607 2631 2632
f 2630 1809 1807
f 1873 1871 2616
f 2565 2564 2605
f 2605 2564 2563
f 2605 2563 2604
f 2604 2563 2562
f 2604 2562 2561
f 2574 2573 2606
f 2606 2573 2572
f 2546 2602 2547
f 2582 2581 2600
f 1847 1845 2622
f 2622 1845 1843
f 2629 1811 2630
f 2636 1781 2637
f 2637 1781 1779
f 2634 1791 1789
f 2634 1789 2635
f 2632 1799 2633
f 2635 1785 2636
f 2633 1797 1795
f 2631 1803 2632
f 1795 1793 2633
f 2633 1793 2634
f 2630 1807 2631
f 2631 1807 1805
f 2631 1805 1803
f 1857 2619 1859
f 1823 1821 2627
f 2636 1785 1783
f 2637 1779 1777
f 1793 1791 2634
f 2629 1815 1813
f 2629 1813 1811
f 1782 1781 1783
f 1830 1831 1832
f 1798 1799 1800
f 1790 1791 1792
f 1792 1791 1793
f 1792 1793 1794
f 1794 1793 1795
f 1794 1795 1796
f 1796 1795 1797
f 1796 1797 1798
f 1814 1813 1815
f 1862 1863 1864
f 1800 1799 1801
f 1800 1801 1802
f 1802 1801 1803
f 1802 1803 1804
f 1804 1803 1805
f 1804 1805 1806
f 1822 1823 1824
f 1824 1823 1825
f 1824 1825 1826
f 1826 1825 1827
f 1826 1827 1828
f 1828 1827 1829
f 1828 1829 1830
f 1846 1845 1847
f 1858 1887 1856
f 1832 1831 1833
f 1832 1833 1834
f 1834 1833 1835
f 1834 1835 1836
f 1836 1835 1837
f 1836 1837 1838
f 1790 1789 1791
f 1784 1783 1785
f 1784 1785 1786
f 1786 1785 1787
f 1786 1787 1788
f 1788 1787 1789
f 1788 1789 1790
f 1806 1805 1807
f 1854 1855 1856
f 1856 1855 1857
f 1856 1857 1858
f 1858 1857 1859
f 1858 1859 1860
f 1860 1859 1861
f 1860 1861 1862
f 1874 1878 1879
f 1826 1903 1824
f 1864 1863 1865
f 1864 1865 1866
f 1866 1865 1867
f 1866 1867 1868
f 1868 1867 1869
f 1868 1869 1870
f 1822 1821 1823
f 1816 1815 1817
f 1816 1817 1818
f 1818 1817 1819
f 1818 1819 1820
f 1820 1819 1821
f 1820 1821 1822
f 1838 1837 1839
f 1866 1883 1864
f 1864 1883 1884
f 1864 1884 1862
f 1862 1884 1885
f 1862 1885 1860
f 1860 1885 1886
f 1860 1886 1858
f 1842 1894 1895
f 1794 1919 1792
f 1856 1887 1888
f 1856 1888 1854
f 1854 1888 1889
f 1854 1889 1852
f 1852 1889 1890
f 1852 1890 1850
f 1854 1853 1855
f 1774 1775 1776
f 1776 1775 1777
f 1776 1777 1778
f 1778 1777 1779
f 1778 1779 1780
f 1780 1779 1781
f 1780 1781 1782
f 1798 1797 1799
f 1782 1783 1784
f 1848 1847 1849
f 1848 1849 1850
f 1850 1849 1851
f 1850 1851 1852
f 1852 1851 1853
f 1852 1853 1854
f 1870 1869 1871
f 1834 1899 1832
f 1832 1899 1900
f 1832 1900 1830
f 1830 1900 1901
f 1830 1901 1828
f 1828 1901 1902
f 1828 1902 1826
f 1810 1910 1911
f 1884 1936 1885
f 1824 1903 1904
f 1824 1904 1822
f 1822 1904 1905
f 1822 1905 1820
f 1820 1905 1906
f 1820 1906 1818
f 1866 1882 1883
f 1806 1807 1808
f 1808 1807 1809
f 1808 1809 1810
f 1810 1809 1811
f 1810 1811 1812
f 1812 1811 1813
f 1812 1813 1814
f 1830 1829 1831
f 1814 1815 1816
f 1872 1879 1880
f 1872 1880 1870
f 1870 1880 1881
f 1870 1881 1868
f 1868 1881 1882
f 1868 1882 1866
f 1850 1890 1891
f 1802 1915 1800
f 1800 1915 1916
f 1800 1916 1798
f 1798 1916 1917
f 1798 1917 1796
f 1796 1917 1918
f 1796 1918 1794
f 1778 1926 1927
f 1900 1952 1901
f 1792 1919 1920
f 1792 1920 1790
f 1790 1920 1921
f 1790 1921 1788
f 1788 1921 1922
f 1788 1922 1786
f 1834 1898 1899
f 1838 1839 1840
f 1840 1839 1841
f 1840 1841 1842
f 1842 1841 1843
f 1842 1843 1844
f 1844 1843 1845
f 1844 1845 1846
f 1862 1861 1863
f 1846 1847 1848
f 1840 1895 1896
f 1840 1896 1838
f 1838 1896 1897
f 1838 1897 1836
f 1836 1897 1898
f 1836 1898 1834
f 1818 1906 1907
f 1880 1932 1881
f 1881 1932 1933
f 1881 1933 1882
f 1882 1933 1934
f 1882 1934 1883
f 1883 1934 1935
f 1883 1935 1884
f 1892 1943 1944
f 1916 1968 1917
f 1885 1936 1937
f 1885 1937 1886
f 1886 1937 1938
f 1886 1938 1887
f 1887 1938 1939
f 1887 1939 1888
f 1802 1914 1915
f 1870 1871 1872
f 1872 1871 1873
f 1872 1873 1874
f 1874 1873 1875
f 1874 1875 1876
f 1876 1877 1878
f 1876 1878 1874
f 1858 1886 1887
f 1874 1879 1872
f 1808 1911 1912
f 1808 1912 1806
f 1806 1912 1913
f 1806 1913 1804
f 1804 1913 1914
f 1804 1914 1802
f 1786 1922 1923
f 1896 1948 1897
f 1897 1948 1949
f 1897 1949 1898
f 1898 1949 1950
f 1898 1950 1899
f 1899 1950 1951
f 1899 1951 1900
f 1908 1959 1960
f 1933 1985 1934
f 1901 1952 1953
f 1901 1953 1902
f 1902 1953 1954
f 1902 1954 1903
f 1903 1954 1955
f 1903 1955 1904
f 1880 1931 1932
f 1850 1891 1848
f 1848 1891 1892
f 1848 1892 1846
f 1846 1892 1893
f 1846 1893 1844
f 1844 1893 1894
f 1844 1894 1842
f 1826 1902 1903
f 1842 1895 1840
f 1877 1928 1929
f 1877 1929 1878
f 1878 1929 1930
f 1878 1930 1879
f 1879 1930 1931
f 1879 1931 1880
f 1888 1939 1940
f 1912 1964 1913
f 1913 1964 1965
f 1913 1965 1914
f 1914 1965 1966
f 1914 1966 1915
f 1915 1966 1967
f 1915 1967 1916
f 1924 1975 1976
f 1949 2001 1950
f 1917 1968 1969
f 1917 1969 1918
f 1918 1969 1970
f 1918 1970 1919
f 1919 1970 1971
f 1919 1971 1920
f 1896 1947 1948
f 1818 1907 1816
f 1816 1907 1908
f 1816 1908 1814
f 1814 1908 1909
f 1814 1909 1812
f 1812 1909 1910
f 1812 1910 1810
f 1794 1918 1919
f 1810 1911 1808
f 1893 1944 1945
f 1893 1945 1894
f 1894 1945 1946
f 1894 1946 1895
f 1895 1946 1947
f 1895 1947 1896
f 1904 1955 1956
f 1929 1981 1930
f 1930 1981 1982
f 1930 1982 1931
f 1931 1982 1983
f 1931 1983 1932
f 1932 1983 1984
f 1932 1984 1933
f 1941 1992 1993
f 1965 2017 1966
f 1934 1985 1986
f 1934 1986 1935
f 1935 1986 1987
f 1935 1987 1936
f 1936 1987 1988
f 1936 1988 1937
f 1912 1963 1964
f 1786 1923 1784
f 1784 1923 1924
f 1784 1924 1782
f 1782 1924 1925
f 1782 1925 1780
f 1780 1925 1926
f 1780 1926 1778
f 1884 1935 1936
f 1778 1927 1776
f 1909 1960 1961
f 1909 1961 1910
f 1910 1961 1962
f 1910 1962 1911
f 1911 1962 1963
f 1911 1963 1912
f 1920 1971 1972
f 1945 1997 1946
f 1946 1997 1998
f 1946 1998 1947
f 1947 1998 1999
f 1947 1999 1948
f 1948 1999 2000
f 1948 2000 1949
f 1957 2008 2009
f 1982 2034 1983
f 1950 2001 2002
f 1950 2002 1951
f 1951 2002 2003
f 1951 2003 1952
f 1952 2003 2004
f 1952 2004 1953
f 1929 1980 1981
f 1888 1940 1889
f 1889 1940 1941
f 1889 1941 1890
f 1890 1941 1942
f 1890 1942 1891
f 1891 1942 1943
f 1891 1943 1892
f 1900 1951 1952
f 1892 1944 1893
f 1925 1976 1977
f 1925 1977 1926
f 1926 1977 1978
f 1926 1978 1927
f 1928 1979 1980
f 1928 1980 1929
f 1937 1988 1989
f 1961 2013 1962
f 1962 2013 2014
f 1962 2014 1963
f 1963 2014 2015
f 1963 2015 1964
f 1964 2015 2016
f 1964 2016 1965
f 1973 2024 2025
f 1998 2050 1999
f 1966 2017 2018
f 1966 2018 1967
f 1967 2018 2019
f 1967 2019 1968
f 1968 2019 2020
f 1968 2020 1969
f 1945 1996 1997
f 1904 1956 1905
f 1905 1956 1957
f 1905 1957 1906
f 1906 1957 1958
f 1906 1958 1907
f 1907 1958 1959
f 1907 1959 1908
f 1916 1967 1968
f 1908 1960 1909
f 1942 1993 1994
f 1942 1994 1943
f 1943 1994 1995
f 1943 1995 1944
f 1944 1995 1996
f 1944 1996 1945
f 1953 2004 2005
f 1977 2029 1978
f 1979 2030 2031
f 1979 2031 1980
f 1980 2031 2032
f 1980 2032 1981
f 1981 2032 2033
f 1981 2033 1982
f 1990 2041 2042
f 2014 2066 2015
f 1983 2034 2035
f 1983 2035 1984
f 1984 2035 2036
f 1984 2036 1985
f 1985 2036 2037
f 1985 2037 1986
f 1961 2012 2013
f 1920 1972 1921
f 1921 1972 1973
f 1921 1973 1922
f 1922 1973 1974
f 1922 1974 1923
f 1923 1974 1975
f 1923 1975 1924
f 1933 1984 1985
f 1924 1976 1925
f 1958 2009 2010
f 1958 2010 1959
f 1959 2010 2011
f 1959 2011 1960
f 1960 2011 2012
f 1960 2012 1961
f 1969 2020 2021
f 1994 2046 1995
f 1995 2046 2047
f 1995 2047 1996
f 1996 2047 2048
f 1996 2048 1997
f 1997 2048 2049
f 1997 2049 1998
f 2006 2057 2058
f 2031 2083 2032
f 1999 2050 2051
f 1999 2051 2000
f 2000 2051 2052
f 2000 2052 2001
f 2001 2052 2053
f 2001 2053 2002
f 1977 2028 2029
f 1937 1989 1938
f 1938 1989 1990
f 1938 1990 1939
f 1939 1990 1991
f 1939 1991 1940
f 1940 1991 1992
f 1940 1992 1941
f 1949 2000 2001
f 1941 1993 1942
f 1974 2025 2026
f 1974 2026 1975
f 1975 2026 2027
f 1975 2027 1976
f 1976 2027 2028
f 1976 2028 1977
f 1986 2037 2038
f 2010 2062 2011
f 2011 2062 2063
f 2011 2063 2012
f 2012 2063 2064
f 2012 2064 2013
f 2013 2064 2065
f 2013 2065 2014
f 2022 2073 2074
f 2047 2099 2048
f 2015 2066 2067
f 2015 2067 2016
f 2016 2067 2068
f 2016 2068 2017
f 2017 2068 2069
f 2017 2069 2018
f 1994 2045 2046
f 1953 2005 1954
f 1954 2005 2006
f 1954 2006 1955
f 1955 2006 2007
f 1955 2007 1956
f 1956 2007 2008
f 1956 2008 1957
f 1965 2016 2017
f 1957 2009 1958
f 1991 2042 2043
f 1991 2043 1992
f 1992 2043 2044
f 1992 2044 1993
f 1993 2044 2045
f 1993 2045 1994
f 2002 2053 2054
f 2026 2078 2027
f 2027 2078 2079
f 2027 2079 2028
f 2028 2079 2080
f 2028 2080 2029
f 2030 2081 2082
f 2030 2082 2031
f 2039 2090 2091
f 2063 2115 2064
f 2032 2083 2084
f 2032 2084 2033
f 2033 2084 2085
f 2033 2085 2034
f 2034 2085 2086
f 2034 2086 2035
f 2010 2061 2062
f 1969 2021 1970
f 1970 2021 2022
f 1970 2022 1971
f 1971 2022 2023
f 1971 2023 1972
f 1972 2023 2024
f 1972 2024 1973
f 1982 2033 2034
f 1973 2025 1974
f 2007 2058 2059
f 2007 2059 2008
f 2008 2059 2060
f 2008 2060 2009
f 2009 2060 2061
f 2009 2061 2010
f 2018 2069 2070
f 2043 2095 2044
f 2044 2095 2096
f 2044 2096 2045
f 2045 2096 2097
f 2045 2097 2046
f 2046 2097 2098
f 2046 2098 2047
f 2055 2106 2107
f 2079 2131 2080
f 2048 2099 2100
f 2048 2100 2049
f 2049 2100 2101
f 2049 2101 2050
f 2050 2101 2102
f 2050 2102 2051
f 2026 2077 2078
f 1986 2038 1987
f 1987 2038 2039
f 1987 2039 1988
f 1988 2039 2040
f 1988 2040 1989
f 1989 2040 2041
f 1989 2041 1990
f 1998 2049 2050
f 1990 2042 1991
f 2023 2074 2075
f 2023 2075 2024
f 2024 2075 2076
f 2024 2076 2025
f 2025 2076 2077
f 2025 2077 2026
f 2035 2086 2087
f 2059 2111 2060
f 2060 2111 2112
f 2060 2112 2061
f 2061 2112 2113
f 2061 2113 2062
f 2062 2113 2114
f 2062 2114 2063
f 2071 2122 2123
f 2096 2148 2097
f 2064 2115 2116
f 2064 2116 2065
f 2065 2116 2117
f 2065 2117 2066
f 2066 2117 2118
f 2066 2118 2067
f 2043 2094 2095
f 2002 2054 2003
f 2003 2054 2055
f 2003 2055 2004
f 2004 2055 2056
f 2004 2056 2005
f 2005 2056 2057
f 2005 2057 2006
f 2014 2065 2066
f 2006 2058 2007
f 2040 2091 2092
f 2040 2092 2041
f 2041 2092 2093
f 2041 2093 2042
f 2042 2093 2094
f 2042 2094 2043
f 2051 2102 2103
f 2075 2127 2076
f 2076 2127 2128
f 2076 2128 2077
f 2077 2128 2129
f 2077 2129 2078
f 2078 2129 2130
f 2078 2130 2079
f 2088 2139 2140
f 2112 2164 2113
f 2081 2132 2133
f 2081 2133 2082
f 2082 2133 2134
f 2082 2134 2083
f 2083 2134 2135
f 2083 2135 2084
f 2059 2110 2111
f 2018 2070 2019
f 2019 2070 2071
f 2019 2071 2020
f 2020 2071 2072
f 2020 2072 2021
f 2021 2072 2073
f 2021 2073 2022
f 2031 2082 2083
f 2022 2074 2023
f 2056 2107 2108
f 2056 2108 2057
f 2057 2108 2109
f 2057 2109 2058
f 2058 2109 2110
f 2058 2110 2059
f 2067 2118 2119
f 2092 2144 2093
f 2093 2144 2145
f 2093 2145 2094
f 2094 2145 2146
f 2094 2146 2095
f 2095 2146 2147
f 2095 2147 2096
f 2104 2155 2156
f 2128 2180 2129
f 2097 2148 2149
f 2097 2149 2098
f 2098 2149 2150
f 2098 2150 2099
f 2099 2150 2151
f 2099 2151 2100
f 2075 2126 2127
f 2035 2087 2036
f 2036 2087 2088
f 2036 2088 2037
f 2037 2088 2089
f 2037 2089 2038
f 2038 2089 2090
f 2038 2090 2039
f 2047 2098 2099
f 2039 2091 2040
f 2072 2123 2124
f 2072 2124 2073
f 2073 2124 2125
f 2073 2125 2074
f 2074 2125 2126
f 2074 2126 2075
f 2084 2135 2136
f 2108 2160 2109
f 2109 2160 2161
f 2109 2161 2110
f 2110 2161 2162
f 2110 2162 2111
f 2111 2162 2163
f 2111 2163 2112
f 2120 2171 2172
f 2145 2197 2146
f 2113 2164 2165
f 2113 2165 2114
f 2114 2165 2166
f 2114 2166 2115
f 2115 2166 2167
f 2115 2167 2116
f 2092 2143 2144
f 2051 2103 2052
f 2052 2103 2104
f 2052 2104 2053
f 2053 2104 2105
f 2053 2105 2054
f 2054 2105 2106
f 2054 2106 2055
f 2063 2114 2115
f 2055 2107 2056
f 2089 2140 2141
f 2089 2141 2090
f 2090 2141 2142
f 2090 2142 2091
f 2091 2142 2143
f 2091 2143 2092
f 2100 2151 2152
f 2124 2176 2125
f 2125 2176 2177
f 2125 2177 2126
f 2126 2177 2178
f 2126 2178 2127
f 2127 2178 2179
f 2127 2179 2128
f 2137 2188 2189
f 2161 2213 2162
f 2129 2180 2181
f 2129 2181 2130
f 2130 2181 2182
f 2130 2182 2131
f 2132 2183 2184
f 2132 2184 2133
f 2108 2159 2160
f 2067 2119 2068
f 2068 2119 2120
f 2068 2120 2069
f 2069 2120 2121
f 2069 2121 2070
f 2070 2121 2122
f 2070 2122 2071
f 2079 2130 2131
f 2071 2123 2072
f 2105 2156 2157
f 2105 2157 2106
f 2106 2157 2158
f 2106 2158 2107
f 2107 2158 2159
f 2107 2159 2108
f 2116 2167 2168
f 2141 2193 2142
f 2142 2193 2194
f 2142 2194 2143
f 2143 2194 2195
f 2143 2195 2144
f 2144 2195 2196
f 2144 2196 2145
f 2153 2204 2205
f 2177 2229 2178
f 2146 2197 2198
f 2146 2198 2147
f 2147 2198 2199
f 2147 2199 2148
f 2148 2199 2200
f 2148 2200 2149
f 2124 2175 2176
f 2084 2136 2085
f 2085 2136 2137
f 2085 2137 2086
f 2086 2137 2138
f 2086 2138 2087
f 2087 2138 2139
f 2087 2139 2088
f 2096 2147 2148
f 2088 2140 2089
f 2121 2172 2173
f 2121 2173 2122
f 2122 2173 2174
f 2122 2174 2123
f 2123 2174 2175
f 2123 2175 2124
f 2133 2184 2185
f 2157 2209 2158
f 2158 2209 2210
f 2158 2210 2159
f 2159 2210 2211
f 2159 2211 2160
f 2160 2211 2212
f 2160 2212 2161
f 2169 2220 2221
f 2194 2246 2195
f 2162 2213 2214
f 2162 2214 2163
f 2163 2214 2215
f 2163 2215 2164
f 2164 2215 2216
f 2164 2216 2165
f 2141 2192 2193
f 2100 2152 2101
f 2101 2152 2153
f 2101 2153 2102
f 2102 2153 2154
f 2102 2154 2103
f 2103 2154 2155
f 2103 2155 2104
f 2112 2163 2164
f 2104 2156 2105
f 2138 2189 2190
f 2138 2190 2139
f 2139 2190 2191
f 2139 2191 2140
f 2140 2191 2192
f 2140 2192 2141
f 2149 2200 2201
f 2173 2225 2174
f 2174 2225 2226
f 2174 2226 2175
f 2175 2226 2227
f 2175 2227 2176
f 2176 2227 2228
f 2176 2228 2177
f 2186 2237 2238
f 2210 2262 2211
f 2178 2229 2230
f 2178 2230 2179
f 2179 2230 2231
f 2179 2231 2180
f 2180 2231 2232
f 2180 2232 2181
f 2157 2208 2209
f 2116 2168 2117
f 2117 2168 2169
f 2117 2169 2118
f 2118 2169 2170
f 2118 2170 2119
f 2119 2170 2171
f 2119 2171 2120
f 2128 2179 2180
f 2120 2172 2121
f 2154 2205 2206
f 2154 2206 2155
f 2155 2206 2207
f 2155 2207 2156
f 2156 2207 2208
f 2156 2208 2157
f 2165 2216 2217
f 2190 2242 2191
f 2191 2242 2243
f 2191 2243 2192
f 2192 2243 2244
f 2192 2244 2193
f 2193 2244 2245
f 2193 2245 2194
f 2202 2253 2254
f 2226 2278 2227
f 2195 2246 2247
f 2195 2247 2196
f 2196 2247 2248
f 2196 2248 2197
f 2197 2248 2249
f 2197 2249 2198
f 2173 2224 2225
f 2133 2185 2134
f 2134 2185 2186
f 2134 2186 2135
f 2135 2186 2187
f 2135 2187 2136
f 2136 2187 2188
f 2136 2188 2137
f 2145 2196 2197
f 2137 2189 2138
f 2170 2221 2222
f 2170 2222 2171
f 2171 2222 2223
f 2171 2223 2172
f 2172 2223 2224
f 2172 2224 2173
f 2181 2232 2233
f 2206 2258 2207
f 2207 2258 2259
f 2207 2259 2208
f 2208 2259 2260
f 2208 2260 2209
f 2209 2260 2261
f 2209 2261 2210
f 2218 2269 2270
f 2243 2295 2244
f 2211 2262 2263
f 2211 2263 2212
f 2212 2263 2264
f 2212 2264 2213
f 2213 2264 2265
f 2213 2265 2214
f 2190 2241 2242
f 2149 2201 2150
f 2150 2201 2202
f 2150 2202 2151
f 2151 2202 2203
f 2151 2203 2152
f 2152 2203 2204
f 2152 2204 2153
f 2161 2212 2213
f 2153 2205 2154
f 2187 2238 2239
f 2187 2239 2188
f 2188 2239 2240
f 2188 2240 2189
f 2189 2240 2241
f 2189 2241 2190
f 2198 2249 2250
f 2222 2274 2223
f 2223 2274 2275
f 2223 2275 2224
f 2224 2275 2276
f 2224 2276 2225
f 2225 2276 2277
f 2225 2277 2226
f 2235 2286 2287
f 2259 2311 2260
f 2227 2278 2279
f 2227 2279 2228
f 2228 2279 2280
f 2228 2280 2229
f 2229 2280 2281
f 2229 2281 2230
f 2206 2257 2258
f 2165 2217 2166
f 2166 2217 2218
f 2166 2218 2167
f 2167 2218 2219
f 2167 2219 2168
f 2168 2219 2220
f 2168 2220 2169
f 2177 2228 2229
f 2169 2221 2170
f 2203 2254 2255
f 2203 2255 2204
f 2204 2255 2256
f 2204 2256 2205
f 2205 2256 2257
f 2205 2257 2206
f 2214 2265 2266
f 2239 2291 2240
f 2240 2291 2292
f 2240 2292 2241
f 2241 2292 2293
f 2241 2293 2242
f 2242 2293 2294
f 2242 2294 2243
f 2251 2302 2303
f 2275 2327 2276
f 2244 2295 2296
f 2244 2296 2245
f 2245 2296 2297
f 2245 2297 2246
f 2246 2297 2298
f 2246 2298 2247
f 2222 2273 2274
f 2181 2233 2182
f 2183 2234 2235
f 2183 2235 2184
f 2184 2235 2236
f 2184 2236 2185
f 2185 2236 2237
f 2185 2237 2186
f 2194 2245 2246
f 2186 2238 2187
f 2219 2270 2271
f 2219 2271 2220
f 2220 2271 2272
f 2220 2272 2221
f 2221 2272 2273
f 2221 2273 2222
f 2230 2281 2282
f 2255 2307 2256
f 2256 2307 2308
f 2256 2308 2257
f 2257 2308 2309
f 2257 2309 2258
f 2258 2309 2310
f 2258 2310 2259
f 2267 2318 2319
f 2292 2344 2293
f 2260 2311 2312
f 2260 2312 2261
f 2261 2312 2313
f 2261 2313 2262
f 2262 2313 2314
f 2262 2314 2263
f 2239 2290 2291
f 2198 2250 2199
f 2199 2250 2251
f 2199 2251 2200
f 2200 2251 2252
f 2200 2252 2201
f 2201 2252 2253
f 2201 2253 2202
f 2210 2261 2262
f 2202 2254 2203
f 2236 2287 2288
f 2236 2288 2237
f 2237 2288 2289
f 2237 2289 2238
f 2238 2289 2290
f 2238 2290 2239
f 2247 2298 2299
f 2271 2323 2272
f 2272 2323 2324
f 2272 2324 2273
f 2273 2324 2325
f 2273 2325 2274
f 2274 2325 2326
f 2274 2326 2275
f 2283 2334 2335
f 2308 2360 2309
f 2276 2327 2328
f 2276 2328 2277
f 2277 2328 2329
f 2277 2329 2278
f 2278 2329 2330
f 2278 2330 2279
f 2255 2306 2307
f 2214 2266 2215
f 2215 2266 2267
f 2215 2267 2216
f 2216 2267 2268
f 2216 2268 2217
f 2217 2268 2269
f 2217 2269 2218
f 2226 2277 2278
f 2218 2270 2219
f 2252 2303 2304
f 2252 2304 2253
f 2253 2304 2305
f 2253 2305 2254
f 2254 2305 2306
f 2254 2306 2255
f 2263 2314 2315
f 2288 2340 2289
f 2289 2340 2341
f 2289 2341 2290
f 2290 2341 2342
f 2290 2342 2291
f 2291 2342 2343
f 2291 2343 2292
f 2300 2351 2352
f 2324 2376 2325
f 2293 2344 2345
f 2293 2345 2294
f 2294 2345 2346
f 2294 2346 2295
f 2295 2346 2347
f 2295 2347 2296
f 2271 2322 2323
f 2230 2282 2231
f 2231 2282 2283
f 2231 2283 2232
f 2232 2283 2284
f 2232 2284 2233
f 2234 2285 2286
f 2234 2286 2235
f 2243 2294 2295
f 2235 2287 2236
f 2268 2319 2320
f 2268 2320 2269
f 2269 2320 2321
f 2269 2321 2270
f 2270 2321 2322
f 2270 2322 2271
f 2279 2330 2331
f 2304 2356 2305
f 2305 2356 2357
f 2305 2357 2306
f 2306 2357 2358
f 2306 2358 2307
f 2307 2358 2359
f 2307 2359 2308
f 2316 2367 2368
f 2341 2393 2342
f 2309 2360 2361
f 2309 2361 2310
f 2310 2361 2362
f 2310 2362 2311
f 2311 2362 2363
f 2311 2363 2312
f 2288 2339 2340
f 2247 2299 2248
f 2248 2299 2300
f 2248 2300 2249
f 2249 2300 2301
f 2249 2301 2250
f 2250 2301 2302
f 2250 2302 2251
f 2259 2310 2311
f 2251 2303 2252
f 2285 2336 2337
f 2285 2337 2286
f 2286 2337 2338
f 2286 2338 2287
f 2287 2338 2339
f 2287 2339 2288
f 2296 2347 2348
f 2320 2372 2321
f 2321 2372 2373
f 2321 2373 2322
f 2322 2373 2374
f 2322 2374 2323
f 2323 2374 2375
f 2323 2375 2324
f 2332 2383 2384
f 2357 2409 2358
f 2325 2376 2377
f 2325 2377 2326
f 2326 2377 2378
f 2326 2378 2327
f 2327 2378 2379
f 2327 2379 2328
f 2304 2355 2356
f 2263 2315 2264
f 2264 2315 2316
f 2264 2316 2265
f 2265 2316 2317
f 2265 2317 2266
f 2266 2317 2318
f 2266 2318 2267
f 2275 2326 2327
f 2267 2319 2268
f 2301 2352 2353
f 2301 2353 2302
f 2302 2353 2354
f 2302 2354 2303
f 2303 2354 2355
f 2303 2355 2304
f 2312 2363 2364
f 2337 2389 2338
f 2338 2389 2390
f 2338 2390 2339
f 2339 2390 2391
f 2339 2391 2340
f 2340 2391 2392
f 2340 2392 2341
f 2349 2400 2401
f 2373 2425 2374
f 2342 2393 2394
f 2342 2394 2343
f 2343 2394 2395
f 2343 2395 2344
f 2344 2395 2396
f 2344 2396 2345
f 2320 2371 2372
f 2279 2331 2280
f 2280 2331 2332
f 2280 2332 2281
f 2281 2332 2333
f 2281 2333 2282
f 2282 2333 2334
f 2282 2334 2283
f 2292 2343 2344
f 2283 2335 2284
f 2317 2368 2369
f 2317 2369 2318
f 2318 2369 2370
f 2318 2370 2319
f 2319 2370 2371
f 2319 2371 2320
f 2328 2379 2380
f 2353 2405 2354
f 2354 2405 2406
f 2354 2406 2355
f 2355 2406 2407
f 2355 2407 2356
f 2356 2407 2408
f 2356 2408 2357
f 2365 2416 2417
f 2390 2442 2391
f 2358 2409 2410
f 2358 2410 2359
f 2359 2410 2411
f 2359 2411 2360
f 2360 2411 2412
f 2360 2412 2361
f 2337 2388 2389
f 2296 2348 2297
f 2297 2348 2349
f 2297 2349 2298
f 2298 2349 2350
f 2298 2350 2299
f 2299 2350 2351
f 2299 2351 2300
f 2308 2359 2360
f 2300 2352 2301
f 2333 2384 2385
f 2333 2385 2334
f 2334 2385 2386
f 2334 2386 2335
f 2336 2387 2388
f 2336 2388 2337
f 2345 2396 2397
f 2369 2421 2370
f 2370 2421 2422
f 2370 2422 2371
f 2371 2422 2423
f 2371 2423 2372
f 2372 2423 2424
f 2372 2424 2373
f 2381 2432 2433
f 2406 2458 2407
f 2374 2425 2426
f 2374 2426 2375
f 2375 2426 2427
f 2375 2427 2376
f 2376 2427 2428
f 2376 2428 2377
f 2353 2404 2405
f 2312 2364 2313
f 2313 2364 2365
f 2313 2365 2314
f 2314 2365 2366
f 2314 2366 2315
f 2315 2366 2367
f 2315 2367 2316
f 2324 2375 2376
f 2316 2368 2317
f 2350 2401 2402
f 2350 2402 2351
f 2351 2402 2403
f 2351 2403 2352
f 2352 2403 2404
f 2352 2404 2353
f 2361 2412 2413
f 2385 2437 2386
f 2387 2438 2439
f 2387 2439 2388
f 2388 2439 2440
f 2388 2440 2389
f 2389 2440 2441
f 2389 2441 2390
f 2398 2449 2450
f 2422 2474 2423
f 2391 2442 2443
f 2391 2443 2392
f 2392 2443 2444
f 2392 2444 2393
f 2393 2444 2445
f 2393 2445 2394
f 2369 2420 2421
f 2328 2380 2329
f 2329 2380 2381
f 2329 2381 2330
f 2330 2381 2382
f 2330 2382 2331
f 2331 2382 2383
f 2331 2383 2332
f 2341 2392 2393
f 2332 2384 2333
f 2366 2417 2418
f 2366 2418 2367
f 2367 2418 2419
f 2367 2419 2368
f 2368 2419 2420
f 2368 2420 2369
f 2377 2428 2429
f 2402 2454 2403
f 2403 2454 2455
f 2403 2455 2404
f 2404 2455 2456
f 2404 2456 2405
f 2405 2456 2457
f 2405 2457 2406
f 2414 2465 2466
f 2439 2491 2440
f 2407 2458 2459
f 2407 2459 2408
f 2408 2459 2460
f 2408 2460 2409
f 2409 2460 2461
f 2409 2461 2410
f 2385 2436 2437
f 2345 2397 2346
f 2346 2397 2398
f 2346 2398 2347
f 2347 2398 2399
f 2347 2399 2348
f 2348 2399 2400
f 2348 2400 2349
f 2357 2408 2409
f 2349 2401 2350
f 2382 2433 2434
f 2382 2434 2383
f 2383 2434 2435
f 2383 2435 2384
f 2384 2435 2436
f 2384 2436 2385
f 2394 2445 2446
f 2418 2470 2419
f 2419 2470 2471
f 2419 2471 2420
f 2420 2471 2472
f 2420 2472 2421
f 2421 2472 2473
f 2421 2473 2422
f 2430 2481 2482
f 2455 2507 2456
f 2423 2474 2475
f 2423 2475 2424
f 2424 2475 2476
f 2424 2476 2425
f 2425 2476 2477
f 2425 2477 2426
f 2402 2453 2454
f 2361 2413 2362
f 2362 2413 2414
f 2362 2414 2363
f 2363 2414 2415
f 2363 2415 2364
f 2364 2415 2416
f 2364 2416 2365
f 2373 2424 2425
f 2365 2417 2366
f 2399 2450 2451
f 2399 2451 2400
f 2400 2451 2452
f 2400 2452 2401
f 2401 2452 2453
f 2401 2453 2402
f 2410 2461 2462
f 2434 2486 2435
f 2435 2486 2487
f 2435 2487 2436
f 2436 2487 2488
f 2436 2488 2437
f 2438 2489 2490
f 2438 2490 2439
f 2447 2498 2499
f 2471 2523 2472
f 2440 2491 2492
f 2440 2492 2441
f 2441 2492 2493
f 2441 2493 2442
f 2442 2493 2494
f 2442 2494 2443
f 2418 2469 2470
f 2377 2429 2378
f 2378 2429 2430
f 2378 2430 2379
f 2379 2430 2431
f 2379 2431 2380
f 2380 2431 2432
f 2380 2432 2381
f 2390 2441 2442
f 2381 2433 2382
f 2415 2466 2467
f 2415 2467 2416
f 2416 2467 2468
f 2416 2468 2417
f 2417 2468 2469
f 2417 2469 2418
f 2426 2477 2478
f 2451 2503 2452
f 2452 2503 2504
f 2452 2504 2453
f 2453 2504 2505
f 2453 2505 2454
f 2454 2505 2506
f 2454 2506 2455
f 2463 2514 2515
f 2487 2539 2488
f 2456 2507 2508
f 2456 2508 2457
f 2457 2508 2509
f 2457 2509 2458
f 2458 2509 2510
f 2458 2510 2459
f 2434 2485 2486
f 2394 2446 2395
f 2395 2446 2447
f 2395 2447 2396
f 2396 2447 2448
f 2396 2448 2397
f 2397 2448 2449
f 2397 2449 2398
f 2406 2457 2458
f 2398 2450 2399
f 2431 2482 2483
f 2431 2483 2432
f 2432 2483 2484
f 2432 2484 2433
f 2433 2484 2485
f 2433 2485 2434
f 2443 2494 2495
f 2467 2519 2468
f 2468 2519 2520
f 2468 2520 2469
f 2469 2520 2521
f 2469 2521 2470
f 2470 2521 2522
f 2470 2522 2471
f 2479 2530 2531
f 2503 2557 2504
f 2472 2523 2524
f 2472 2524 2473
f 2473 2524 2525
f 2473 2525 2474
f 2474 2525 2526
f 2474 2526 2475
f 2451 2502 2503
f 2410 2462 2411
f 2411 2462 2463
f 2411 2463 2412
f 2412 2463 2464
f 2412 2464 2413
f 2413 2464 2465
f 2413 2465 2414
f 2422 2473 2474
f 2414 2466 2415
f 2448 2499 2500
f 2448 2500 2449
f 2449 2500 2501
f 2449 2501 2450
f 2450 2501 2502
f 2450 2502 2451
f 2459 2510 2511
f 2483 2535 2484
f 2484 2535 2536
f 2484 2536 2485
f 2485 2536 2537
f 2485 2537 2486
f 2486 2537 2538
f 2486 2538 2487
f 2495 2548 2549
f 2519 2573 2520
f 2540 2541 2489
f 2541 2542 2489
f 2489 2542 2543
f 2489 2543 2490
f 2490 2543 2544
f 2490 2544 2491
f 2467 2518 2519
f 2426 2478 2427
f 2427 2478 2479
f 2427 2479 2428
f 2428 2479 2480
f 2428 2480 2429
f 2429 2480 2481
f 2429 2481 2430
f 2439 2490 2491
f 2430 2482 2431
f 2464 2515 2516
f 2464 2516 2465
f 2465 2516 2517
f 2465 2517 2466
f 2466 2517 2518
f 2466 2518 2467
f 2475 2526 2527
f 2499 2553 2500
f 2500 2553 2554
f 2500 2554 2501
f 2501 2554 2555
f 2501 2555 2502
f 2502 2555 2556
f 2502 2556 2503
f 2511 2564 2565
f 2535 2589 2536
f 2504 2557 2558
f 2504 2558 2505
f 2505 2558 2559
f 2505 2559 2506
f 2506 2559 2560
f 2506 2560 2507
f 2483 2534 2535
f 2443 2495 2444
f 2444 2495 2496
f 2444 2496 2445
f 2445 2496 2497
f 2445 2497 2446
f 2446 2497 2498
f 2446 2498 2447
f 2455 2506 2507
f 2447 2499 2448
f 2480 2531 2532
f 2480 2532 2481
f 2481 2532 2533
f 2481 2533 2482
f 2482 2533 2534
f 2482 2534 2483
f 2491 2544 2545
f 2515 2569 2516
f 2516 2569 2570
f 2516 2570 2517
f 2517 2570 2571
f 2517 2571 2518
f 2518 2571 2572
f 2518 2572 2519
f 2527 2580 2581
f 1927 1877 1776
f 2520 2573 2574
f 2520 2574 2521
f 2521 2574 2575
f 2521 2575 2522
f 2522 2575 2576
f 2522 2576 2523
f 2499 2552 2553
f 2459 2511 2460
f 2460 2511 2512
f 2460 2512 2461
f 2461 2512 2513
f 2461 2513 2462
f 2462 2513 2514
f 2462 2514 2463
f 2471 2522 2523
f 2463 2515 2464
f 2496 2549 2550
f 2496 2550 2497
f 2497 2550 2551
f 2497 2551 2498
f 2498 2551 2552
f 2498 2552 2499
f 2507 2560 2561
f 2531 2585 2532
f 2532 2585 2586
f 2532 2586 2533
f 2533 2586 2587
f 2533 2587 2534
f 2534 2587 2588
f 2534 2588 2535
f 2335 2336 2285
f 2591 2590 2610
f 2536 2589 2590
f 2536 2590 2537
f 2537 2590 2591
f 2537 2591 2538
f 2538 2591 2540
f 2538 2540 2539
f 2515 2568 2569
f 2475 2527 2476
f 2476 2527 2528
f 2476 2528 2477
f 2477 2528 2529
f 2477 2529 2478
f 2478 2529 2530
f 2478 2530 2479
f 2487 2538 2539
f 2479 2531 2480
f 2512 2565 2566
f 2512 2566 2513
f 2513 2566 2567
f 2513 2567 2514
f 2514 2567 2568
f 2514 2568 2515
f 2523 2576 2577
f 2131 2081 2080
f 2080 2081 2030
f 2080 2030 2029
f 2029 2030 1979
f 2029 1979 1978
f 1978 1979 1928
f 1978 1928 1927
f 2582 2600 2583
f 2547 2602 2613
f 1776 1877 1876
f 1776 1876 1774
f 1774 1876 1875
f 2568 2567 2592
f 2592 2567 2593
f 2557 2556 2594
f 2531 2584 2585
f 2491 2545 2492
f 2492 2545 2546
f 2492 2546 2493
f 2493 2546 2547
f 2493 2547 2494
f 2494 2547 2548
f 2494 2548 2495
f 2503 2556 2557
f 2495 2549 2496
f 2528 2581 2582
f 2528 2582 2529
f 2529 2582 2583
f 2529 2583 2530
f 2530 2583 2584
f 2530 2584 2531
f 2539 2540 2489
f 2593 2565 2605
f 2576 2575 2598
f 2598 2575 2574
f 2598 2574 2606
f 2607 2578 2599
f 2599 2578 2577
f 2599 2577 2576
f 2606 2572 2612
f 2604 2623 2624
f 2610 2590 2589
f 2610 2589 2609
f 2609 2589 2588
f 2609 2588 2587
f 2591 2610 2540
f 2540 2610 2611
f 2131 2132 2081
f 2507 2561 2508
f 2508 2561 2562
f 2508 2562 2509
f 2509 2562 2563
f 2509 2563 2510
f 2510 2563 2564
f 2510 2564 2511
f 2519 2572 2573
f 2511 2565 2512
f 2284 2285 2234
f 2284 2234 2233
f 2233 2234 2183
f 2233 2183 2182
f 2182 2183 2132
f 2182 2132 2131
f 2594 2556 2595
f 2601 2585 2584
f 2601 2584 2583
f 2545 2544 2603
f 2603 2544 2543
f 2603 2543 2611
f 2611 2543 2542
f 2611 2542 2541
f 2611 2615 2603
f 1853 1851 2620
f 2547 2613 2548
f 2554 2553 2597
f 2597 2553 2552
f 2597 2552 2614
f 2572 2571 2612
f 2612 2571 2570
f 2593 2566 2565
f 2523 2577 2524
f 2524 2577 2578
f 2524 2578 2525
f 2525 2578 2579
f 2525 2579 2526
f 2526 2579 2580
f 2526 2580 2527
f 2535 2588 2589
f 2527 2581 2528
f 2546 2545 2602
f 2602 2545 2603
f 2559 2596 2560
f 2560 2596 2604
f 2560 2604 2561
f 2567 2566 2593
f 2540 2611 2541
f 2597 2619 2620
f 2597 2620 2595
f 2595 2620 2621
f 2595 2621 2594
f 2594 2621 2622
f 2594 2622 2596
f 2596 2622 2623
f 2599 2631 2607
f 2630 1811 1809
f 2604 2624 2605
f 2605 2624 2625
f 2605 2625 2593
f 2593 2625 2626
f 2593 2626 2592
f 2592 2626 2627
f 2608 2585 2601
f 2539 2489 2488
f 2488 2489 2438
f 2488 2438 2437
f 2437 2438 2387
f 2437 2387 2386
f 2386 2387 2336
f 2386 2336 2335
f 1927 1928 1877
f 2335 2285 2284
f 2600 2581 2580
f 2600 2580 2607
f 2607 2580 2579
f 2607 2579 2578
f 2587 2586 2608
f 2608 2586 2585
f 2612 2570 2592
f 2600 2633 2601
f 2601 2633 2634
f 2601 2634 2608
f 2608 2634 2635
f 1855 2619 1857
f 2609 2635 2636
f 2612 2628 2606
f 2606 2628 2629
f 1774 1875 2615
f 2610 2636 2637
f 2610 2637 2611
f 2611 2637 2615
f 1774 2615 1775
f 1775 2615 2637
f 2607 2632 2600
f 2600 2632 2633
f 2557 2594 2558
f 2558 2594 2596
f 2558 2596 2559
f 2556 2555 2595
f 2595 2555 2554
f 2595 2554 2597
f 2576 2598 2599
f 2587 2608 2609
f 2583 2600 2601
f 2603 2616 2602
f 2602 2616 2617
f 2602 2617 2613
f 2613 2617 2618
f 2613 2618 2614
f 2614 2618 2619
f 2592 2627 2612
f 1823 2627 1825
f 2617 1865 2618
f 2618 1865 1863
f 2618 1863 1861
f 2624 1837 1835
f 2627 1821 1819
f 2615 1873 2616
f 2615 1875 1873
f 2627 1819 2628
f 2628 1819 1817
f 2628 1817 1815
f 1835 1833 2624
f 2624 1833 2625
f 1833 1831 2625
f 1859 2618 1861
f 1869 1867 2617
f 2620 1851 2621
f 1851 1849 2621
f 2621 1849 1847
f 2621 1847 2622
f 1853 2620 1855
f 1855 2620 2619
f 2614 2619 2597
f 2592 2570 2569
f 2592 2569 2568
f 2552 2551 2614
f 2614 2551 2550
f 2614 2550 2613
f 2613 2550 2549
f 2613 2549 2548
f 2596 2623 2604
f 2603 2615 2616

