v -0.045217791 -0.007500000 -0.014206648
v -0.045217791 0.007500000 -0.014206648
v -0.045211367 0.007500000 -0.014402857
v -0.045192125 0.007500000 -0.014598226
v -0.045160146 0.007500000 -0.014791919
v -0.045115568 0.007500000 -0.014983105
v -0.045115568 -0.007500000 -0.014983105
v -0.045160146 -0.007500000 -0.014791919
v -0.045192125 -0.007500000 -0.014598226
v -0.045211367 -0.007500000 -0.014402857
v -0.012165102 0.007500000 0.009562069
v -0.012165102 -0.007500000 0.009562069
v -0.011955648 -0.007500000 0.009480351
v -0.011752902 -0.007500000 0.009383177
v -0.011558003 -0.007500000 0.009271091
v -0.011372045 -0.007500000 0.009144725
v -0.011196074 -0.007500000 0.009004786
v -0.011031076 -0.007500000 0.008852062
v -0.010877980 -0.007500000 0.008687410
v -0.010737644 -0.007500000 0.008511754
v -0.010610858 -0.007500000 0.008326083
v -0.010498333 -0.007500000 0.008131437
v -0.010400700 -0.007500000 0.007928911
v -0.010318510 -0.007500000 0.007719642
v -0.010252223 -0.007500000 0.007504805
v -0.010252223 0.007500000 0.007504805
v -0.010318510 0.007500000 0.007719642
v -0.010400700 0.007500000 0.007928911
v -0.010498333 0.007500000 0.008131437
v -0.010610858 0.007500000 0.008326083
v -0.010737644 0.007500000 0.008511754
v -0.010877980 0.007500000 0.008687410
v -0.011031076 0.007500000 0.008852062
v -0.011196074 0.007500000 0.009004786
v -0.011372045 0.007500000 0.009144725
v -0.011558003 0.007500000 0.009271091
v -0.011752902 0.007500000 0.009383177
v -0.011955648 0.007500000 0.009480351
v -0.040820013 0.007500000 -0.022633169
v -0.040820013 -0.007500000 -0.022633169
v -0.040770091 -0.007500000 -0.022851892
v -0.040736654 -0.007500000 -0.023073733
v -0.040719888 -0.007500000 -0.023297453
v -0.040719888 -0.007500000 -0.023521800
v -0.040736654 -0.007500000 -0.023745520
v -0.040770091 -0.007500000 -0.023967361
v -0.040820013 -0.007500000 -0.024186084
v -0.040886141 -0.007500000 -0.024400464
v -0.040968104 -0.007500000 -0.024609303
v -0.041065444 -0.007500000 -0.024811432
v -0.041177618 -0.007500000 -0.025005723
v -0.041303997 -0.007500000 -0.025191087
v -0.041443875 -0.007500000 -0.025366489
v -0.041596470 -0.007500000 -0.025530947
v -0.041760928 -0.007500000 -0.025683542
v -0.041936330 -0.007500000 -0.025823420
v -0.042121694 -0.007500000 -0.025949799
v -0.042315985 -0.007500000 -0.026061973
v -0.042518114 -0.007500000 -0.026159313
v -0.042726953 -0.007500000 -0.026241276
v -0.042941333 -0.007500000 -0.026307404
v -0.043160056 -0.007500000 -0.026357326
v -0.043381897 -0.007500000 -0.026390763
v -0.043605617 -0.007500000 -0.026407529
v -0.043829964 -0.007500000 -0.026407529
v -0.044053684 -0.007500000 -0.026390763
v -0.044275525 -0.007500000 -0.026357326
v -0.044494248 -0.007500000 -0.026307404
v -0.044708628 -0.007500000 -0.026241276
v -0.044917467 -0.007500000 -0.026159313
v -0.045119596 -0.007500000 -0.026061973
v -0.045313887 -0.007500000 -0.025949799
v -0.045499251 -0.007500000 -0.025823420
v -0.045674653 -0.007500000 -0.025683542
v -0.045839111 -0.007500000 -0.025530947
v -0.045991706 -0.007500000 -0.025366489
v -0.046131584 -0.007500000 -0.025191087
v -0.046257963 -0.007500000 -0.025005723
v -0.046370137 -0.007500000 -0.024811432
v -0.046467477 -0.007500000 -0.024609303
v -0.046549441 -0.007500000 -0.024400464
v -0.046615568 -0.007500000 -0.024186084
v -0.046615568 0.007500000 -0.024186084
v -0.046549441 0.007500000 -0.024400464
v -0.046467477 0.007500000 -0.024609303
v -0.046370137 0.007500000 -0.024811432
v -0.046257963 0.007500000 -0.025005723
v -0.046131584 0.007500000 -0.025191087
v -0.045991706 0.007500000 -0.025366489
v -0.045839111 0.007500000 -0.025530947
v -0.045674653 0.007500000 -0.025683542
v -0.045499251 0.007500000 -0.025823420
v -0.045313887 0.007500000 -0.025949799
v -0.045119596 0.007500000 -0.026061973
v -0.044917467 0.007500000 -0.026159313
v -0.044708628 0.007500000 -0.026241276
v -0.044494248 0.007500000 -0.026307404
v -0.044275525 0.007500000 -0.026357326
v -0.044053684 0.007500000 -0.026390763
v -0.043829964 0.007500000 -0.026407529
v -0.043605617 0.007500000 -0.026407529
v -0.043381897 0.007500000 -0.026390763
v -0.043160056 0.007500000 -0.026357326
v -0.042941333 0.007500000 -0.026307404
v -0.042726953 0.007500000 -0.026241276
v -0.042518114 0.007500000 -0.026159313
v -0.042315985 0.007500000 -0.026061973
v -0.042121694 0.007500000 -0.025949799
v -0.041936330 0.007500000 -0.025823420
v -0.041760928 0.007500000 -0.025683542
v -0.041596470 0.007500000 -0.025530947
v -0.041443875 0.007500000 -0.025366489
v -0.041303997 0.007500000 -0.025191087
v -0.041177618 0.007500000 -0.025005723
v -0.041065444 0.007500000 -0.024811432
v -0.040968104 0.007500000 -0.024609303
v -0.040886141 0.007500000 -0.024400464
v -0.040820013 0.007500000 -0.024186084
v -0.040770091 0.007500000 -0.023967361
v -0.040736654 0.007500000 -0.023745520
v -0.040719888 0.007500000 -0.023521800
v -0.040719888 0.007500000 -0.023297453
v -0.040736654 0.007500000 -0.023073733
v -0.040770091 0.007500000 -0.022851892
v -0.050115568 -0.007500000 -0.028686084
v -0.050051493 -0.007500000 -0.028894578
v -0.049972439 -0.007500000 -0.029097866
v -0.049878823 -0.007500000 -0.029294872
v -0.049771141 -0.007500000 -0.029484556
v -0.049649961 -0.007500000 -0.029665915
v -0.049515924 -0.007500000 -0.029837989
v -0.049369739 -0.007500000 -0.029999870
v -0.049212178 -0.007500000 -0.030150702
v -0.049044075 -0.007500000 -0.030289686
v -0.048866317 -0.007500000 -0.030416090
v -0.048679846 -0.007500000 -0.030529244
v -0.048485645 -0.007500000 -0.030628550
v -0.048284743 -0.007500000 -0.030713483
v -0.048078200 -0.007500000 -0.030783595
v -0.047867109 -0.007500000 -0.030838514
v -0.047652586 -0.007500000 -0.030877951
v -0.047435764 -0.007500000 -0.030901697
v -0.047217791 -0.007500000 -0.030909626
v -0.050115568 0.007500000 -0.028686084
v -0.050051493 0.007500000 -0.028894578
v -0.049972439 0.007500000 -0.029097866
v -0.049878823 0.007500000 -0.029294872
v -0.049771141 0.007500000 -0.029484556
v -0.049649961 0.007500000 -0.029665915
v -0.049515924 0.007500000 -0.029837989
v -0.049369739 0.007500000 -0.029999870
v -0.049212178 0.007500000 -0.030150702
v -0.049044075 0.007500000 -0.030289686
v -0.048866317 0.007500000 -0.030416090
v -0.048679846 0.007500000 -0.030529244
v -0.048485645 0.007500000 -0.030628550
v -0.048284743 0.007500000 -0.030713483
v -0.048078200 0.007500000 -0.030783595
v -0.047867109 0.007500000 -0.030838514
v -0.047652586 0.007500000 -0.030877951
v -0.047435764 0.007500000 -0.030901697
v -0.047217791 0.007500000 -0.030909626
v -0.046217791 0.000000000 0.032840374
v -0.050217791 0.000000000 0.032840374
v -0.050217791 -0.000130778 0.032835480
v -0.050217791 -0.000260824 0.032820828
v -0.050217791 -0.000389412 0.032796497
v -0.050217791 -0.000515822 0.032762626
v -0.050217791 -0.000639347 0.032719403
v -0.050217791 -0.000759297 0.032667069
v -0.050217791 -0.000875000 0.032605918
v -0.050217791 -0.000985810 0.032536291
v -0.050217791 -0.001091107 0.032458579
v -0.050217791 -0.001190302 0.032373214
v -0.050217791 -0.001282841 0.032280676
v -0.050217791 -0.001368205 0.032181481
v -0.050217791 -0.001445918 0.032076184
v -0.050217791 -0.001515544 0.031965374
v -0.050217791 -0.001576696 0.031849670
v -0.050217791 -0.001629029 0.031729720
v -0.050217791 -0.001672252 0.031606195
v -0.050217791 -0.001706124 0.031479785
v -0.050217791 -0.001730454 0.031351198
v -0.050217791 -0.001745107 0.031221151
v -0.050217791 -0.001750000 0.031090374
v -0.050217791 -0.001745107 0.030959596
v -0.050217791 -0.001730454 0.030829550
v -0.050217791 -0.001706124 0.030700962
v -0.050217791 -0.001672252 0.030574552
v -0.050217791 -0.001629029 0.030451027
v -0.050217791 -0.001576696 0.030331077
v -0.050217791 -0.001515544 0.030215374
v -0.050217791 -0.001445918 0.030104563
v -0.050217791 -0.001368205 0.029999266
v -0.050217791 -0.001282841 0.029900071
v -0.050217791 -0.001190302 0.029807533
v -0.050217791 -0.001091107 0.029722168
v -0.050217791 -0.000985810 0.029644456
v -0.050217791 -0.000875000 0.029574829
v -0.050217791 -0.000759297 0.029513678
v -0.050217791 -0.000639347 0.029461344
v -0.050217791 -0.000515822 0.029418121
v -0.050217791 -0.000389412 0.029384250
v -0.050217791 -0.000260824 0.029359920
v -0.050217791 -0.000130778 0.029345267
v -0.050217791 0.000000000 0.029340374
v -0.046217791 0.000000000 0.029340374
v -0.046217791 -0.000130778 0.032835480
v -0.046217791 -0.000260824 0.032820828
v -0.046217791 -0.000389412 0.032796497
v -0.046217791 -0.000515822 0.032762626
v -0.046217791 -0.000639347 0.032719403
v -0.046217791 -0.000759297 0.032667069
v -0.046217791 -0.000875000 0.032605918
v -0.046217791 -0.000985810 0.032536291
v -0.046217791 -0.001091107 0.032458579
v -0.046217791 -0.001190302 0.032373214
v -0.046217791 -0.001282841 0.032280676
v -0.046217791 -0.001368205 0.032181481
v -0.046217791 -0.001445918 0.032076184
v -0.046217791 -0.001515544 0.031965374
v -0.046217791 -0.001576696 0.031849670
v -0.046217791 -0.001629029 0.031729720
v -0.046217791 -0.001672252 0.031606195
v -0.046217791 -0.001706124 0.031479785
v -0.046217791 -0.001730454 0.031351198
v -0.046217791 -0.001745107 0.031221151
v -0.046217791 -0.001750000 0.031090374
v -0.046217791 -0.001745107 0.030959596
v -0.046217791 -0.001730454 0.030829550
v -0.046217791 -0.001706124 0.030700962
v -0.046217791 -0.001672252 0.030574552
v -0.046217791 -0.001629029 0.030451027
v -0.046217791 -0.001576696 0.030331077
v -0.046217791 -0.001515544 0.030215374
v -0.046217791 -0.001445918 0.030104563
v -0.046217791 -0.001368205 0.029999266
v -0.046217791 -0.001282841 0.029900071
v -0.046217791 -0.001190302 0.029807533
v -0.046217791 -0.001091107 0.029722168
v -0.046217791 -0.000985810 0.029644456
v -0.046217791 -0.000875000 0.029574829
v -0.046217791 -0.000759297 0.029513678
v -0.046217791 -0.000639347 0.029461344
v -0.046217791 -0.000515822 0.029418121
v -0.046217791 -0.000389412 0.029384250
v -0.046217791 -0.000260824 0.029359920
v -0.046217791 -0.000130778 0.029345267
v -0.017467791 0.000000000 0.051334415
v -0.017467791 0.000000000 0.059090374
v -0.017471286 -0.000093413 0.059090374
v -0.017481752 -0.000186303 0.059090374
v -0.017499131 -0.000278151 0.059090374
v -0.017523325 -0.000368444 0.059090374
v -0.017554198 -0.000456676 0.059090374
v -0.017591579 -0.000542355 0.059090374
v -0.017635259 -0.000625000 0.059090374
v -0.017684992 -0.000704150 0.059090374
v -0.017740501 -0.000779362 0.059090374
v -0.017801476 -0.000850216 0.059090374
v -0.017867575 -0.000916315 0.059090374
v -0.017938428 -0.000977289 0.059090374
v -0.018013640 -0.001032798 0.059090374
v -0.018092791 -0.001082532 0.059090374
v -0.018175436 -0.001126211 0.059090374
v -0.018261114 -0.001163592 0.059090374
v -0.018349347 -0.001194466 0.059090374
v -0.018439639 -0.001218660 0.059090374
v -0.018531488 -0.001236039 0.059090374
v -0.018624378 -0.001246505 0.059090374
v -0.018717791 -0.001250000 0.059090374
v -0.018811203 -0.001246505 0.059090374
v -0.018904093 -0.001236039 0.059090374
v -0.018995942 -0.001218660 0.059090374
v -0.019086235 -0.001194466 0.059090374
v -0.019174467 -0.001163592 0.059090374
v -0.019260145 -0.001126211 0.059090374
v -0.019342791 -0.001082532 0.059090374
v -0.019421941 -0.001032798 0.059090374
v -0.019497153 -0.000977289 0.059090374
v -0.019568006 -0.000916315 0.059090374
v -0.019634105 -0.000850216 0.059090374
v -0.019695080 -0.000779362 0.059090374
v -0.019750589 -0.000704150 0.059090374
v -0.019800322 -0.000625000 0.059090374
v -0.019844002 -0.000542355 0.059090374
v -0.019881383 -0.000456676 0.059090374
v -0.019912257 -0.000368444 0.059090374
v -0.019936450 -0.000278151 0.059090374
v -0.019953829 -0.000186303 0.059090374
v -0.019964295 -0.000093413 0.059090374
v -0.019967791 0.000000000 0.059090374
v -0.019967791 0.000000000 0.052887573
v -0.017468780 -0.000049509 0.051336234
v -0.017471583 -0.000097030 0.051341341
v -0.017475968 -0.000142531 0.051349253
v -0.017482100 -0.000188479 0.051360202
v -0.017491028 -0.000239887 0.051375952
v -0.017503000 -0.000294622 0.051396755
v -0.017518669 -0.000353117 0.051423415
v -0.017538804 -0.000415420 0.051456786
v -0.017564312 -0.000481658 0.051497720
v -0.017596052 -0.000551715 0.051546658
v -0.017639773 -0.000633305 0.051610798
v -0.017689595 -0.000711437 0.051679839
v -0.017756616 -0.000799345 0.051766718
v -0.017824877 -0.000874770 0.051848876
v -0.017898460 -0.000944202 0.051931168
v -0.017977309 -0.001007303 0.052012975
v -0.018061696 -0.001064087 0.052094021
v -0.018151889 -0.001114565 0.052174024
v -0.018247209 -0.001158144 0.052251934
v -0.018336872 -0.001190732 0.052319528
v -0.018420820 -0.001214364 0.052378204
v -0.018507951 -0.001232309 0.052434732
v -0.018598312 -0.001244277 0.052488987
v -0.018690828 -0.001249712 0.052540201
v -0.018775327 -0.001248676 0.052583359
v -0.018852252 -0.001242738 0.052619773
v -0.018930140 -0.001231798 0.052653961
v -0.019008353 -0.001215745 0.052685719
v -0.019086124 -0.001194502 0.052714796
v -0.019162758 -0.001168135 0.052741073
v -0.019238070 -0.001136589 0.052764672
v -0.019311966 -0.001099751 0.052785736
v -0.019384245 -0.001057463 0.052804365
v -0.019454150 -0.001010035 0.052820590
v -0.019520783 -0.000957968 0.052834441
v -0.019583680 -0.000901440 0.052846065
v -0.019642840 -0.000840466 0.052855742
v -0.019697941 -0.000775408 0.052863669
v -0.019748657 -0.000706629 0.052870046
v -0.019794664 -0.000634493 0.052875068
v -0.019835637 -0.000559363 0.052878934
v -0.019871312 -0.000481506 0.052881846
v -0.019901654 -0.000401070 0.052883988
v -0.019926423 -0.000318851 0.052885501
v -0.019945381 -0.000235644 0.052886522
v -0.019958596 -0.000151452 0.052887170
v -0.019965483 -0.000076084 0.052887478
v -0.024967791 0.000000000 0.052879939
v -0.024967791 0.000000000 0.059090374
v -0.024971286 -0.000093413 0.059090374
v -0.024981752 -0.000186303 0.059090374
v -0.024999131 -0.000278151 0.059090374
v -0.025023325 -0.000368444 0.059090374
v -0.025054198 -0.000456676 0.059090374
v -0.025091579 -0.000542355 0.059090374
v -0.025135259 -0.000625000 0.059090374
v -0.025184992 -0.000704150 0.059090374
v -0.025240501 -0.000779362 0.059090374
v -0.025301476 -0.000850216 0.059090374
v -0.025367575 -0.000916315 0.059090374
v -0.025438428 -0.000977289 0.059090374
v -0.025513640 -0.001032798 0.059090374
v -0.025592791 -0.001082532 0.059090374
v -0.025675436 -0.001126211 0.059090374
v -0.025761114 -0.001163592 0.059090374
v -0.025849347 -0.001194466 0.059090374
v -0.025939639 -0.001218660 0.059090374
v -0.026031488 -0.001236039 0.059090374
v -0.026124378 -0.001246505 0.059090374
v -0.026217791 -0.001250000 0.059090374
v -0.026311203 -0.001246505 0.059090374
v -0.026404093 -0.001236039 0.059090374
v -0.026495942 -0.001218660 0.059090374
v -0.026586235 -0.001194466 0.059090374
v -0.026674467 -0.001163592 0.059090374
v -0.026760145 -0.001126211 0.059090374
v -0.026842791 -0.001082532 0.059090374
v -0.026921941 -0.001032798 0.059090374
v -0.026997153 -0.000977289 0.059090374
v -0.027068006 -0.000916315 0.059090374
v -0.027134105 -0.000850216 0.059090374
v -0.027195080 -0.000779362 0.059090374
v -0.027250589 -0.000704150 0.059090374
v -0.027300322 -0.000625000 0.059090374
v -0.027344002 -0.000542355 0.059090374
v -0.027381383 -0.000456676 0.059090374
v -0.027412257 -0.000368444 0.059090374
v -0.027436450 -0.000278151 0.059090374
v -0.027453829 -0.000186303 0.059090374
v -0.027464295 -0.000093413 0.059090374
v -0.027467791 0.000000000 0.059090374
v -0.027467791 0.000000000 0.051089331
v -0.024971269 -0.000093447 0.052879654
v -0.024980299 -0.000176545 0.052878875
v -0.024993150 -0.000250527 0.052877711
v -0.025010474 -0.000323796 0.052876064
v -0.025032308 -0.000396241 0.052873847
v -0.025058457 -0.000467291 0.052870972
v -0.025088708 -0.000536350 0.052867355
v -0.025123001 -0.000603166 0.052862884
v -0.025161309 -0.000667801 0.052857413
v -0.025203399 -0.000730006 0.052850815
v -0.025249038 -0.000789535 0.052842963
v -0.025297992 -0.000846138 0.052833732
v -0.025350029 -0.000899569 0.052822994
v -0.025404916 -0.000949577 0.052810623
v -0.025462484 -0.000995982 0.052796471
v -0.025522710 -0.001038862 0.052780354
v -0.025585051 -0.001077979 0.052762266
v -0.025648901 -0.001113041 0.052742220
v -0.025713858 -0.001143919 0.052720185
v -0.025779925 -0.001170799 0.052696053
v -0.025846900 -0.001193708 0.052669779
v -0.025914568 -0.001212665 0.052641323
v -0.025982336 -0.001227619 0.052610801
v -0.026049775 -0.001238641 0.052578366
v -0.026116707 -0.001245879 0.052544107
v -0.026182955 -0.001249482 0.052508110
v -0.026248341 -0.001249599 0.052470462
v -0.026312686 -0.001246379 0.052431251
v -0.026375812 -0.001239970 0.052390563
v -0.026437589 -0.001230521 0.052348468
v -0.026498007 -0.001218171 0.052305027
v -0.026556982 -0.001203071 0.052260374
v -0.026614422 -0.001185367 0.052214645
v -0.026688465 -0.001157969 0.052152237
v -0.026768040 -0.001122367 0.052080439
v -0.026843453 -0.001082155 0.052007336
v -0.026915092 -0.001037472 0.051932839
v -0.026983001 -0.000988465 0.051857230
v -0.027047099 -0.000935321 0.051780904
v -0.027107305 -0.000878224 0.051704258
v -0.027163540 -0.000817417 0.051627688
v -0.027215758 -0.000753125 0.051551666
v -0.027263954 -0.000684803 0.051476780
v -0.027308124 -0.000611813 0.051403624
v -0.027348263 -0.000533512 0.051332793
v -0.027384250 -0.000449366 0.051265125
v -0.027407349 -0.000384152 0.051219348
v -0.027424304 -0.000326941 0.051184489
v -0.027437978 -0.000271371 0.051155513
v -0.027447454 -0.000224482 0.051134955
v -0.027454578 -0.000181024 0.051119240
v -0.027460605 -0.000133442 0.051105747
v -0.027464539 -0.000089657 0.051096819
v -0.027466963 -0.000045138 0.051091251
v -0.012367791 0.000000000 -0.024409626
v -0.012367791 0.000000000 -0.029409626
v -0.009067791 0.000000000 -0.029409626
v -0.009072404 -0.000123305 -0.029409626
v -0.009086220 -0.000245920 -0.029409626
v -0.009109160 -0.000367160 -0.029409626
v -0.009141095 -0.000486346 -0.029409626
v -0.009181849 -0.000602813 -0.029409626
v -0.009231192 -0.000715908 -0.029409626
v -0.009288849 -0.000825000 -0.029409626
v -0.009354497 -0.000929478 -0.029409626
v -0.009427769 -0.001028758 -0.029409626
v -0.009508255 -0.001122285 -0.029409626
v -0.009595506 -0.001209536 -0.029409626
v -0.009689032 -0.001290022 -0.029409626
v -0.009788312 -0.001363294 -0.029409626
v -0.009892791 -0.001428942 -0.029409626
v -0.010001882 -0.001486599 -0.029409626
v -0.010114978 -0.001535942 -0.029409626
v -0.010231445 -0.001576695 -0.029409626
v -0.010350631 -0.001608631 -0.029409626
v -0.010471871 -0.001631571 -0.029409626
v -0.010594486 -0.001645386 -0.029409626
v -0.010717791 -0.001650000 -0.029409626
v -0.010841095 -0.001645386 -0.029409626
v -0.010963710 -0.001631571 -0.029409626
v -0.011084950 -0.001608631 -0.029409626
v -0.011204137 -0.001576695 -0.029409626
v -0.011320603 -0.001535942 -0.029409626
v -0.011433699 -0.001486599 -0.029409626
v -0.011542791 -0.001428942 -0.029409626
v -0.011647269 -0.001363294 -0.029409626
v -0.011746549 -0.001290022 -0.029409626
v -0.011840076 -0.001209536 -0.029409626
v -0.011927326 -0.001122285 -0.029409626
v -0.012007813 -0.001028758 -0.029409626
v -0.012081085 -0.000929478 -0.029409626
v -0.012146732 -0.000825000 -0.029409626
v -0.012204389 -0.000715908 -0.029409626
v -0.012253732 -0.000602813 -0.029409626
v -0.012294486 -0.000486346 -0.029409626
v -0.012326422 -0.000367160 -0.029409626
v -0.012349361 -0.000245920 -0.029409626
v -0.012363177 -0.000123305 -0.029409626
v -0.009067791 0.000000000 -0.024409626
v -0.012363177 -0.000123305 -0.024409626
v -0.012349361 -0.000245920 -0.024409626
v -0.012326422 -0.000367160 -0.024409626
v -0.012294486 -0.000486346 -0.024409626
v -0.012253732 -0.000602813 -0.024409626
v -0.012204389 -0.000715908 -0.024409626
v -0.012146732 -0.000825000 -0.024409626
v -0.012081085 -0.000929478 -0.024409626
v -0.012007813 -0.001028758 -0.024409626
v -0.011927326 -0.001122285 -0.024409626
v -0.011840076 -0.001209536 -0.024409626
v -0.011746549 -0.001290022 -0.024409626
v -0.011647269 -0.001363294 -0.024409626
v -0.011542791 -0.001428942 -0.024409626
v -0.011433699 -0.001486599 -0.024409626
v -0.011320603 -0.001535942 -0.024409626
v -0.011204137 -0.001576695 -0.024409626
v -0.011084950 -0.001608631 -0.024409626
v -0.010963710 -0.001631571 -0.024409626
v -0.010841095 -0.001645386 -0.024409626
v -0.010717791 -0.001650000 -0.024409626
v -0.010594486 -0.001645386 -0.024409626
v -0.010471871 -0.001631571 -0.024409626
v -0.010350631 -0.001608631 -0.024409626
v -0.010231445 -0.001576695 -0.024409626
v -0.010114978 -0.001535942 -0.024409626
v -0.010001882 -0.001486599 -0.024409626
v -0.009892791 -0.001428942 -0.024409626
v -0.009788312 -0.001363294 -0.024409626
v -0.009689032 -0.001290022 -0.024409626
v -0.009595506 -0.001209536 -0.024409626
v -0.009508255 -0.001122285 -0.024409626
v -0.009427769 -0.001028758 -0.024409626
v -0.009354497 -0.000929478 -0.024409626
v -0.009288849 -0.000825000 -0.024409626
v -0.009231192 -0.000715908 -0.024409626
v -0.009181849 -0.000602813 -0.024409626
v -0.009141095 -0.000486346 -0.024409626
v -0.009109160 -0.000367160 -0.024409626
v -0.009086220 -0.000245920 -0.024409626
v -0.009072404 -0.000123305 -0.024409626
v -0.003880792 0.000625000 -0.002903352
v -0.001369385 0.000625000 -0.002230423
v -0.001357296 0.000623252 -0.002275538
v -0.001345275 0.000618019 -0.002320400
v -0.001333389 0.000609330 -0.002364759
v -0.001321705 0.000597233 -0.002408367
v -0.001310287 0.000581796 -0.002450980
v -0.001299199 0.000563106 -0.002492360
v -0.001288504 0.000541266 -0.002532274
v -0.001278261 0.000516399 -0.002570501
v -0.001268528 0.000488645 -0.002606826
v -0.001259359 0.000458157 -0.002641045
v -0.001250805 0.000425108 -0.002672969
v -0.001242914 0.000389681 -0.002702417
v -0.001235731 0.000352075 -0.002729226
v -0.001229295 0.000312500 -0.002753245
v -0.001223642 0.000271177 -0.002774341
v -0.001218805 0.000228338 -0.002792395
v -0.001214810 0.000184222 -0.002807305
v -0.001211679 0.000139076 -0.002818990
v -0.001209430 0.000093151 -0.002827383
v -0.001208075 0.000046706 -0.002832438
v -0.001207623 -0.000000000 -0.002834126
v -0.001208075 -0.000046706 -0.002832438
v -0.001209430 -0.000093151 -0.002827383
v -0.001211679 -0.000139076 -0.002818990
v -0.001214810 -0.000184222 -0.002807305
v -0.001218805 -0.000228338 -0.002792395
v -0.001223642 -0.000271177 -0.002774341
v -0.001229295 -0.000312500 -0.002753245
v -0.001235731 -0.000352075 -0.002729226
v -0.001242914 -0.000389681 -0.002702417
v -0.001250805 -0.000425108 -0.002672969
v -0.001259359 -0.000458157 -0.002641045
v -0.001268528 -0.000488645 -0.002606826
v -0.001278261 -0.000516399 -0.002570501
v -0.001288504 -0.000541266 -0.002532274
v -0.001299199 -0.000563106 -0.002492360
v -0.001310287 -0.000581796 -0.002450980
v -0.001321705 -0.000597233 -0.002408367
v -0.001333389 -0.000609330 -0.002364759
v -0.001345275 -0.000618019 -0.002320400
v -0.001357296 -0.000623252 -0.002275538
v -0.001369385 -0.000625000 -0.002230423
v -0.003880792 -0.000625000 -0.002903352
v -0.003868703 -0.000623252 -0.002948467
v -0.003856683 -0.000618019 -0.002993330
v -0.003844797 -0.000609330 -0.003037689
v -0.003833112 -0.000597233 -0.003081297
v -0.003821694 -0.000581796 -0.003123910
v -0.003810606 -0.000563106 -0.003165289
v -0.003799911 -0.000541266 -0.003205204
v -0.003789668 -0.000516399 -0.003243431
v -0.003779935 -0.000488645 -0.003279755
v -0.003770766 -0.000458157 -0.003313975
v -0.003762212 -0.000425108 -0.003345898
v -0.003754321 -0.000389681 -0.003375347
v -0.003747138 -0.000352075 -0.003402156
v -0.003740702 -0.000312500 -0.003426175
v -0.003735049 -0.000271177 -0.003447270
v -0.003730212 -0.000228338 -0.003465324
v -0.003726217 -0.000184222 -0.003480235
v -0.003723086 -0.000139076 -0.003491920
v -0.003720837 -0.000093151 -0.003500313
v -0.003719482 -0.000046706 -0.003505368
v -0.003719030 0.000000000 -0.003507056
v -0.003719482 0.000046706 -0.003505368
v -0.003720837 0.000093151 -0.003500313
v -0.003723086 0.000139076 -0.003491920
v -0.003726217 0.000184222 -0.003480235
v -0.003730212 0.000228338 -0.003465324
v -0.003735049 0.000271177 -0.003447270
v -0.003740702 0.000312500 -0.003426175
v -0.003747138 0.000352075 -0.003402156
v -0.003754321 0.000389681 -0.003375347
v -0.003762212 0.000425108 -0.003345898
v -0.003770766 0.000458157 -0.003313975
v -0.003779935 0.000488645 -0.003279755
v -0.003789668 0.000516399 -0.003243431
v -0.003799911 0.000541266 -0.003205204
v -0.003810606 0.000563106 -0.003165289
v -0.003821694 0.000581796 -0.003123910
v -0.003833112 0.000597233 -0.003081297
v -0.003844797 0.000609330 -0.003037689
v -0.003856683 0.000618019 -0.002993330
v -0.003868703 0.000623252 -0.002948467
v 0.000869898 -0.000514215 -0.020633169
v 0.000879143 -0.000486933 -0.020668525
v 0.000888059 -0.000454686 -0.020704412
v 0.000895431 -0.000422159 -0.020735612
v 0.000902327 -0.000385124 -0.020766248
v 0.000908033 -0.000347678 -0.020792826
v 0.000913206 -0.000305935 -0.020818002
v 0.000917334 -0.000264555 -0.020838879
v 0.000920917 -0.000219256 -0.020857577
v 0.000923598 -0.000175208 -0.020872004
v 0.000925703 -0.000127937 -0.020883685
v 0.000927043 -0.000082862 -0.020891346
v 0.000927760 -0.000040152 -0.020895568
v 0.000927975 0.000000113 -0.020896866
v 0.000927784 0.000037882 -0.020895706
v 0.000927250 0.000073156 -0.020892553
v 0.000925949 0.000120951 -0.020885073
v 0.000923943 0.000168455 -0.020873891
v 0.000921218 0.000214831 -0.020859177
v 0.000917802 0.000259233 -0.020841289
v 0.000914198 0.000296777 -0.020822956
v 0.000909221 0.000338854 -0.020798514
v 0.000903275 0.000379374 -0.020770588
v 0.000896677 0.000415982 -0.020741044
v 0.000888835 0.000451532 -0.020707628
v 0.000880191 0.000483471 -0.020672650
v 0.000875196 0.000499248 -0.020653217
v 0.000869898 0.000514215 -0.020633169
v 0.000860757 0.000536902 -0.020599055
v 0.000851243 0.000557167 -0.020563547
v 0.000841398 0.000574918 -0.020526805
v 0.000831267 0.000590077 -0.020488995
v 0.000820895 0.000602573 -0.020450287
v 0.000810330 0.000612352 -0.020410856
v 0.000799618 0.000619368 -0.020370881
v 0.000788809 0.000623590 -0.020330540
v 0.000777951 0.000625000 -0.020290017
v 0.003289358 0.000625000 -0.019617088
v 0.003301447 0.000623252 -0.019662202
v 0.003313467 0.000618019 -0.019707065
v 0.003325353 0.000609330 -0.019751424
v 0.003337038 0.000597233 -0.019795032
v 0.003348456 0.000581796 -0.019837645
v 0.003359544 0.000563106 -0.019879025
v 0.003370239 0.000541266 -0.019918939
v 0.003380482 0.000516399 -0.019957166
v 0.003390215 0.000488645 -0.019993491
v 0.003399384 0.000458157 -0.020027710
v 0.003407938 0.000425108 -0.020059634
v 0.003415829 0.000389681 -0.020089082
v 0.003423012 0.000352075 -0.020115891
v 0.003429448 0.000312500 -0.020139910
v 0.003435100 0.000271177 -0.020161006
v 0.003439938 0.000228338 -0.020179059
v 0.003443933 0.000184222 -0.020193970
v 0.003447064 0.000139076 -0.020205655
v 0.003449313 0.000093151 -0.020214048
v 0.003450668 0.000046706 -0.020219103
v 0.003451120 -0.000000000 -0.020220791
v 0.003450668 -0.000046706 -0.020219103
v 0.003449313 -0.000093151 -0.020214048
v 0.003447064 -0.000139076 -0.020205655
v 0.003443933 -0.000184222 -0.020193970
v 0.003439938 -0.000228338 -0.020179059
v 0.003435100 -0.000271177 -0.020161006
v 0.003429448 -0.000312500 -0.020139910
v 0.003423012 -0.000352075 -0.020115891
v 0.003415829 -0.000389681 -0.020089082
v 0.003407938 -0.000425108 -0.020059634
v 0.003399384 -0.000458157 -0.020027710
v 0.003390215 -0.000488645 -0.019993491
v 0.003380482 -0.000516399 -0.019957166
v 0.003370239 -0.000541266 -0.019918939
v 0.003359544 -0.000563106 -0.019879025
v 0.003348456 -0.000581796 -0.019837645
v 0.003337038 -0.000597233 -0.019795032
v 0.003325353 -0.000609330 -0.019751424
v 0.003313467 -0.000618019 -0.019707065
v 0.003301447 -0.000623252 -0.019662202
v 0.003289358 -0.000625000 -0.019617088
v 0.000777951 -0.000625000 -0.020290017
v 0.000788809 -0.000623590 -0.020330540
v 0.000799618 -0.000619368 -0.020370881
v 0.000810330 -0.000612352 -0.020410856
v 0.000820895 -0.000602573 -0.020450287
v 0.000831267 -0.000590077 -0.020488995
v 0.000841398 -0.000574918 -0.020526805
v 0.000851243 -0.000557167 -0.020563547
v 0.000860757 -0.000536902 -0.020599055
v -0.037367791 -0.000000000 -0.022049665
v -0.037367791 0.000000000 -0.029409626
v -0.034067791 0.000000000 -0.029409626
v -0.034072404 -0.000123305 -0.029409626
v -0.034086220 -0.000245920 -0.029409626
v -0.034109160 -0.000367160 -0.029409626
v -0.034141095 -0.000486346 -0.029409626
v -0.034181849 -0.000602813 -0.029409626
v -0.034231192 -0.000715908 -0.029409626
v -0.034288849 -0.000825000 -0.029409626
v -0.034354497 -0.000929478 -0.029409626
v -0.034427769 -0.001028758 -0.029409626
v -0.034508255 -0.001122285 -0.029409626
v -0.034595506 -0.001209536 -0.029409626
v -0.034689032 -0.001290022 -0.029409626
v -0.034788312 -0.001363294 -0.029409626
v -0.034892791 -0.001428942 -0.029409626
v -0.035001882 -0.001486599 -0.029409626
v -0.035114978 -0.001535942 -0.029409626
v -0.035231445 -0.001576695 -0.029409626
v -0.035350631 -0.001608631 -0.029409626
v -0.035471871 -0.001631571 -0.029409626
v -0.035594486 -0.001645386 -0.029409626
v -0.035717791 -0.001650000 -0.029409626
v -0.035841095 -0.001645386 -0.029409626
v -0.035963710 -0.001631571 -0.029409626
v -0.036084950 -0.001608631 -0.029409626
v -0.036204137 -0.001576695 -0.029409626
v -0.036320603 -0.001535942 -0.029409626
v -0.036433699 -0.001486599 -0.029409626
v -0.036542791 -0.001428942 -0.029409626
v -0.036647269 -0.001363294 -0.029409626
v -0.036746549 -0.001290022 -0.029409626
v -0.036840076 -0.001209536 -0.029409626
v -0.036927326 -0.001122285 -0.029409626
v -0.037007813 -0.001028758 -0.029409626
v -0.037081085 -0.000929478 -0.029409626
v -0.037146732 -0.000825000 -0.029409626
v -0.037204389 -0.000715908 -0.029409626
v -0.037253732 -0.000602813 -0.029409626
v -0.037294486 -0.000486346 -0.029409626
v -0.037326422 -0.000367160 -0.029409626
v -0.037349361 -0.000245920 -0.029409626
v -0.037363177 -0.000123305 -0.029409626
v -0.034067791 -0.000000000 -0.024394431
v -0.037367156 -0.000045318 -0.022051094
v -0.037365086 -0.000093758 -0.022055720
v -0.037361261 -0.000145954 -0.022064191
v -0.037355599 -0.000199664 -0.022076595
v -0.037347439 -0.000258062 -0.022094251
v -0.037337446 -0.000314924 -0.022115574
v -0.037325757 -0.000370063 -0.022140135
v -0.037308088 -0.000439895 -0.022176451
v -0.037285617 -0.000514303 -0.022221354
v -0.037254178 -0.000601701 -0.022281983
v -0.037215081 -0.000693325 -0.022354004
v -0.037159458 -0.000803001 -0.022450632
v -0.037097613 -0.000905345 -0.022551345
v -0.037029781 -0.001000943 -0.022654844
v -0.036956199 -0.001090381 -0.022759830
v -0.036877156 -0.001174106 -0.022865038
v -0.036792870 -0.001251919 -0.022969783
v -0.036703119 -0.001323762 -0.023073848
v -0.036607652 -0.001389611 -0.023177030
v -0.036506218 -0.001449443 -0.023279124
v -0.036398921 -0.001502883 -0.023379540
v -0.036286242 -0.001549067 -0.023477419
v -0.036168345 -0.001587373 -0.023572331
v -0.036045394 -0.001617180 -0.023663848
v -0.035917535 -0.001637861 -0.023751553
v -0.035798390 -0.001647998 -0.023826916
v -0.035688799 -0.001649734 -0.023891243
v -0.035581489 -0.001644366 -0.023949805
v -0.035476472 -0.001632277 -0.024003082
v -0.035370383 -0.001613020 -0.024053041
v -0.035263532 -0.001586241 -0.024099594
v -0.035157932 -0.001552134 -0.024142030
v -0.035054221 -0.001510698 -0.024180361
v -0.034952510 -0.001461787 -0.024214831
v -0.034852761 -0.001404995 -0.024245697
v -0.034756036 -0.001340668 -0.024272966
v -0.034672687 -0.001276815 -0.024294388
v -0.034601163 -0.001214656 -0.024311243
v -0.034533093 -0.001148183 -0.024326007
v -0.034468746 -0.001077687 -0.024338830
v -0.034408387 -0.001003455 -0.024349865
v -0.034352283 -0.000925776 -0.024359265
v -0.034300702 -0.000844940 -0.024367180
v -0.034253910 -0.000761236 -0.024373764
v -0.034212134 -0.000674881 -0.024379172
v -0.034175319 -0.000585754 -0.024383573
v -0.034143651 -0.000494384 -0.024387078
v -0.034117376 -0.000401433 -0.024389787
v -0.034096687 -0.000307495 -0.024391804
v -0.034081523 -0.000212677 -0.024393219
v -0.034071917 -0.000116962 -0.024394078
v -0.034068824 -0.000058647 -0.024394345
v -0.045217791 0.000000000 -0.003309626
v -0.048217791 -0.000000000 -0.003309626
v -0.048217791 -0.000082203 -0.003312702
v -0.048217791 -0.000163946 -0.003321913
v -0.048217791 -0.000244773 -0.003337206
v -0.048217791 -0.000324231 -0.003358496
v -0.048217791 -0.000401875 -0.003385665
v -0.048217791 -0.000477272 -0.003418561
v -0.048217791 -0.000550000 -0.003456998
v -0.048217791 -0.000619652 -0.003500764
v -0.048217791 -0.000685839 -0.003549612
v -0.048217791 -0.000748190 -0.003603269
v -0.048217791 -0.000806357 -0.003661436
v -0.048217791 -0.000860015 -0.003723788
v -0.048217791 -0.000908863 -0.003789974
v -0.048217791 -0.000952628 -0.003859626
v -0.048217791 -0.000991066 -0.003932354
v -0.048217791 -0.001023961 -0.004007751
v -0.048217791 -0.001051130 -0.004085396
v -0.048217791 -0.001072421 -0.004164853
v -0.048217791 -0.001087714 -0.004245680
v -0.048217791 -0.001096924 -0.004327423
v -0.048217791 -0.001100000 -0.004409626
v -0.048217791 -0.001096924 -0.004491830
v -0.048217791 -0.001087714 -0.004573573
v -0.048217791 -0.001072421 -0.004654399
v -0.048217791 -0.001051130 -0.004733857
v -0.048217791 -0.001023961 -0.004811502
v -0.048217791 -0.000991066 -0.004886899
v -0.048217791 -0.000952628 -0.004959626
v -0.048217791 -0.000908863 -0.005029279
v -0.048217791 -0.000860015 -0.005095465
v -0.048217791 -0.000806357 -0.005157816
v -0.048217791 -0.000748190 -0.005215984
v -0.048217791 -0.000685839 -0.005269641
v -0.048217791 -0.000619652 -0.005318489
v -0.048217791 -0.000550000 -0.005362254
v -0.048217791 -0.000477272 -0.005400692
v -0.048217791 -0.000401875 -0.005433588
v -0.048217791 -0.000324231 -0.005460757
v -0.048217791 -0.000244773 -0.005482047
v -0.048217791 -0.000163946 -0.005497340
v -0.048217791 -0.000082203 -0.005506551
v -0.048217791 -0.000000000 -0.005509626
v -0.045217791 0.000000000 -0.005509626
v -0.045217791 -0.000082203 -0.005506551
v -0.045217791 -0.000163946 -0.005497340
v -0.045217791 -0.000244773 -0.005482047
v -0.045217791 -0.000324231 -0.005460757
v -0.045217791 -0.000401875 -0.005433588
v -0.045217791 -0.000477272 -0.005400692
v -0.045217791 -0.000550000 -0.005362254
v -0.045217791 -0.000619652 -0.005318489
v -0.045217791 -0.000685839 -0.005269641
v -0.045217791 -0.000748190 -0.005215984
v -0.045217791 -0.000806357 -0.005157816
v -0.045217791 -0.000860015 -0.005095465
v -0.045217791 -0.000908863 -0.005029279
v -0.045217791 -0.000952628 -0.004959626
v -0.045217791 -0.000991066 -0.004886899
v -0.045217791 -0.001023961 -0.004811502
v -0.045217791 -0.001051130 -0.004733857
v -0.045217791 -0.001072421 -0.004654399
v -0.045217791 -0.001087714 -0.004573573
v -0.045217791 -0.001096924 -0.004491830
v -0.045217791 -0.001100000 -0.004409626
v -0.045217791 -0.001096924 -0.004327423
v -0.045217791 -0.001087714 -0.004245680
v -0.045217791 -0.001072421 -0.004164853
v -0.045217791 -0.001051130 -0.004085396
v -0.045217791 -0.001023961 -0.004007751
v -0.045217791 -0.000991066 -0.003932354
v -0.045217791 -0.000952628 -0.003859626
v -0.045217791 -0.000908863 -0.003789974
v -0.045217791 -0.000860015 -0.003723788
v -0.045217791 -0.000806357 -0.003661436
v -0.045217791 -0.000748190 -0.003603269
v -0.045217791 -0.000685839 -0.003549612
v -0.045217791 -0.000619652 -0.003500764
v -0.045217791 -0.000550000 -0.003456998
v -0.045217791 -0.000477272 -0.003418561
v -0.045217791 -0.000401875 -0.003385665
v -0.045217791 -0.000324231 -0.003358496
v -0.045217791 -0.000244773 -0.003337206
v -0.045217791 -0.000163946 -0.003321913
v -0.045217791 -0.000082203 -0.003312702
v -0.045217791 0.000000000 0.008690374
v -0.048217791 -0.000000000 0.008690374
v -0.048217791 -0.000082203 0.008687298
v -0.048217791 -0.000163946 0.008678087
v -0.048217791 -0.000244773 0.008662794
v -0.048217791 -0.000324231 0.008641504
v -0.048217791 -0.000401875 0.008614335
v -0.048217791 -0.000477272 0.008581439
v -0.048217791 -0.000550000 0.008543002
v -0.048217791 -0.000619652 0.008499236
v -0.048217791 -0.000685839 0.008450388
v -0.048217791 -0.000748190 0.008396731
v -0.048217791 -0.000806357 0.008338564
v -0.048217791 -0.000860015 0.008276212
v -0.048217791 -0.000908863 0.008210026
v -0.048217791 -0.000952628 0.008140374
v -0.048217791 -0.000991066 0.008067646
v -0.048217791 -0.001023961 0.007992249
v -0.048217791 -0.001051130 0.007914604
v -0.048217791 -0.001072421 0.007835147
v -0.048217791 -0.001087714 0.007754320
v -0.048217791 -0.001096924 0.007672577
v -0.048217791 -0.001100000 0.007590374
v -0.048217791 -0.001096924 0.007508170
v -0.048217791 -0.001087714 0.007426427
v -0.048217791 -0.001072421 0.007345601
v -0.048217791 -0.001051130 0.007266143
v -0.048217791 -0.001023961 0.007188498
v -0.048217791 -0.000991066 0.007113101
v -0.048217791 -0.000952628 0.007040374
v -0.048217791 -0.000908863 0.006970721
v -0.048217791 -0.000860015 0.006904535
v -0.048217791 -0.000806357 0.006842184
v -0.048217791 -0.000748190 0.006784016
v -0.048217791 -0.000685839 0.006730359
v -0.048217791 -0.000619652 0.006681511
v -0.048217791 -0.000550000 0.006637746
v -0.048217791 -0.000477272 0.006599308
v -0.048217791 -0.000401875 0.006566412
v -0.048217791 -0.000324231 0.006539243
v -0.048217791 -0.000244773 0.006517953
v -0.048217791 -0.000163946 0.006502660
v -0.048217791 -0.000082203 0.006493449
v -0.048217791 0.000000000 0.006490374
v -0.045217791 0.000000000 0.006490374
v -0.045217791 -0.000082203 0.006493449
v -0.045217791 -0.000163946 0.006502660
v -0.045217791 -0.000244773 0.006517953
v -0.045217791 -0.000324231 0.006539243
v -0.045217791 -0.000401875 0.006566412
v -0.045217791 -0.000477272 0.006599308
v -0.045217791 -0.000550000 0.006637746
v -0.045217791 -0.000619652 0.006681511
v -0.045217791 -0.000685839 0.006730359
v -0.045217791 -0.000748190 0.006784016
v -0.045217791 -0.000806357 0.006842184
v -0.045217791 -0.000860015 0.006904535
v -0.045217791 -0.000908863 0.006970721
v -0.045217791 -0.000952628 0.007040374
v -0.045217791 -0.000991066 0.007113101
v -0.045217791 -0.001023961 0.007188498
v -0.045217791 -0.001051130 0.007266143
v -0.045217791 -0.001072421 0.007345601
v -0.045217791 -0.001087714 0.007426427
v -0.045217791 -0.001096924 0.007508170
v -0.045217791 -0.001100000 0.007590374
v -0.045217791 -0.001096924 0.007672577
v -0.045217791 -0.001087714 0.007754320
v -0.045217791 -0.001072421 0.007835147
v -0.045217791 -0.001051130 0.007914604
v -0.045217791 -0.001023961 0.007992249
v -0.045217791 -0.000991066 0.008067646
v -0.045217791 -0.000952628 0.008140374
v -0.045217791 -0.000908863 0.008210026
v -0.045217791 -0.000860015 0.008276212
v -0.045217791 -0.000806357 0.008338564
v -0.045217791 -0.000748190 0.008396731
v -0.045217791 -0.000685839 0.008450388
v -0.045217791 -0.000619652 0.008499236
v -0.045217791 -0.000550000 0.008543002
v -0.045217791 -0.000477272 0.008581439
v -0.045217791 -0.000401875 0.008614335
v -0.045217791 -0.000324231 0.008641504
v -0.045217791 -0.000244773 0.008662794
v -0.045217791 -0.000163946 0.008678087
v -0.045217791 -0.000082203 0.008687298
v -0.045217791 -0.000000000 -0.009259626
v -0.048717791 -0.000000000 -0.009259626
v -0.048717791 -0.000123305 -0.009264240
v -0.048717791 -0.000245920 -0.009278056
v -0.048717791 -0.000367160 -0.009300995
v -0.048717791 -0.000486346 -0.009332931
v -0.048717791 -0.000602813 -0.009373685
v -0.048717791 -0.000715908 -0.009423028
v -0.048717791 -0.000825000 -0.009480685
v -0.048717791 -0.000929478 -0.009546332
v -0.048717791 -0.001028758 -0.009619604
v -0.048717791 -0.001122285 -0.009700091
v -0.048717791 -0.001209536 -0.009787341
v -0.048717791 -0.001290022 -0.009880868
v -0.048717791 -0.001363294 -0.009980148
v -0.048717791 -0.001428942 -0.010084626
v -0.048717791 -0.001486599 -0.010193718
v -0.048717791 -0.001535942 -0.010306814
v -0.048717791 -0.001576695 -0.010423280
v -0.048717791 -0.001608631 -0.010542467
v -0.048717791 -0.001631571 -0.010663707
v -0.048717791 -0.001645386 -0.010786322
v -0.048717791 -0.001650000 -0.010909626
v -0.048717791 -0.001645386 -0.011032931
v -0.048717791 -0.001631571 -0.011155546
v -0.048717791 -0.001608631 -0.011276786
v -0.048717791 -0.001576695 -0.011395972
v -0.048717791 -0.001535942 -0.011512439
v -0.048717791 -0.001486599 -0.011625535
v -0.048717791 -0.001428942 -0.011734626
v -0.048717791 -0.001363294 -0.011839105
v -0.048717791 -0.001290022 -0.011938385
v -0.048717791 -0.001209536 -0.012031911
v -0.048717791 -0.001122285 -0.012119162
v -0.048717791 -0.001028758 -0.012199648
v -0.048717791 -0.000929478 -0.012272920
v -0.048717791 -0.000825000 -0.012338568
v -0.048717791 -0.000715908 -0.012396225
v -0.048717791 -0.000602813 -0.012445568
v -0.048717791 -0.000486346 -0.012486322
v -0.048717791 -0.000367160 -0.012518257
v -0.048717791 -0.000245920 -0.012541197
v -0.048717791 -0.000123305 -0.012555013
v -0.048717791 -0.000000000 -0.012559626
v -0.045217791 -0.000000000 -0.012559626
v -0.045217791 -0.000123305 -0.012555013
v -0.045217791 -0.000245920 -0.012541197
v -0.045217791 -0.000367160 -0.012518257
v -0.045217791 -0.000486346 -0.012486322
v -0.045217791 -0.000602813 -0.012445568
v -0.045217791 -0.000715908 -0.012396225
v -0.045217791 -0.000825000 -0.012338568
v -0.045217791 -0.000929478 -0.012272920
v -0.045217791 -0.001028758 -0.012199648
v -0.045217791 -0.001122285 -0.012119162
v -0.045217791 -0.001209536 -0.012031911
v -0.045217791 -0.001290022 -0.011938385
v -0.045217791 -0.001363294 -0.011839105
v -0.045217791 -0.001428942 -0.011734626
v -0.045217791 -0.001486599 -0.011625535
v -0.045217791 -0.001535942 -0.011512439
v -0.045217791 -0.001576695 -0.011395972
v -0.045217791 -0.001608631 -0.011276786
v -0.045217791 -0.001631571 -0.011155546
v -0.045217791 -0.001645386 -0.011032931
v -0.045217791 -0.001650000 -0.010909626
v -0.045217791 -0.001645386 -0.010786322
v -0.045217791 -0.001631571 -0.010663707
v -0.045217791 -0.001608631 -0.010542467
v -0.045217791 -0.001576695 -0.010423280
v -0.045217791 -0.001535942 -0.010306814
v -0.045217791 -0.001486599 -0.010193718
v -0.045217791 -0.001428942 -0.010084626
v -0.045217791 -0.001363294 -0.009980148
v -0.045217791 -0.001290022 -0.009880868
v -0.045217791 -0.001209536 -0.009787341
v -0.045217791 -0.001122285 -0.009700091
v -0.045217791 -0.001028758 -0.009619604
v -0.045217791 -0.000929478 -0.009546332
v -0.045217791 -0.000825000 -0.009480685
v -0.045217791 -0.000715908 -0.009423028
v -0.045217791 -0.000602813 -0.009373685
v -0.045217791 -0.000486346 -0.009332931
v -0.045217791 -0.000367160 -0.009300995
v -0.045217791 -0.000245920 -0.009278056
v -0.045217791 -0.000123305 -0.009264240
v -0.045217791 0.000000000 0.015740374
v -0.048717791 0.000000000 0.015740374
v -0.048717791 -0.000123305 0.015735760
v -0.048717791 -0.000245920 0.015721944
v -0.048717791 -0.000367160 0.015699005
v -0.048717791 -0.000486346 0.015667069
v -0.048717791 -0.000602813 0.015626315
v -0.048717791 -0.000715908 0.015576972
v -0.048717791 -0.000825000 0.015519315
v -0.048717791 -0.000929478 0.015453668
v -0.048717791 -0.001028758 0.015380396
v -0.048717791 -0.001122285 0.015299909
v -0.048717791 -0.001209536 0.015212659
v -0.048717791 -0.001290022 0.015119132
v -0.048717791 -0.001363294 0.015019852
v -0.048717791 -0.001428942 0.014915374
v -0.048717791 -0.001486599 0.014806282
v -0.048717791 -0.001535942 0.014693186
v -0.048717791 -0.001576695 0.014576720
v -0.048717791 -0.001608631 0.014457533
v -0.048717791 -0.001631571 0.014336293
v -0.048717791 -0.001645386 0.014213678
v -0.048717791 -0.001650000 0.014090374
v -0.048717791 -0.001645386 0.013967069
v -0.048717791 -0.001631571 0.013844454
v -0.048717791 -0.001608631 0.013723214
v -0.048717791 -0.001576695 0.013604028
v -0.048717791 -0.001535942 0.013487561
v -0.048717791 -0.001486599 0.013374465
v -0.048717791 -0.001428942 0.013265374
v -0.048717791 -0.001363294 0.013160895
v -0.048717791 -0.001290022 0.013061615
v -0.048717791 -0.001209536 0.012968089
v -0.048717791 -0.001122285 0.012880838
v -0.048717791 -0.001028758 0.012800352
v -0.048717791 -0.000929478 0.012727080
v -0.048717791 -0.000825000 0.012661432
v -0.048717791 -0.000715908 0.012603775
v -0.048717791 -0.000602813 0.012554432
v -0.048717791 -0.000486346 0.012513678
v -0.048717791 -0.000367160 0.012481743
v -0.048717791 -0.000245920 0.012458803
v -0.048717791 -0.000123305 0.012444987
v -0.048717791 0.000000000 0.012440374
v -0.045217791 0.000000000 0.012440374
v -0.045217791 -0.000123305 0.012444987
v -0.045217791 -0.000245920 0.012458803
v -0.045217791 -0.000367160 0.012481743
v -0.045217791 -0.000486346 0.012513678
v -0.045217791 -0.000602813 0.012554432
v -0.045217791 -0.000715908 0.012603775
v -0.045217791 -0.000825000 0.012661432
v -0.045217791 -0.000929478 0.012727080
v -0.045217791 -0.001028758 0.012800352
v -0.045217791 -0.001122285 0.012880838
v -0.045217791 -0.001209536 0.012968089
v -0.045217791 -0.001290022 0.013061615
v -0.045217791 -0.001363294 0.013160895
v -0.045217791 -0.001428942 0.013265374
v -0.045217791 -0.001486599 0.013374465
v -0.045217791 -0.001535942 0.013487561
v -0.045217791 -0.001576695 0.013604028
v -0.045217791 -0.001608631 0.013723214
v -0.045217791 -0.001631571 0.013844454
v -0.045217791 -0.001645386 0.013967069
v -0.045217791 -0.001650000 0.014090374
v -0.045217791 -0.001645386 0.014213678
v -0.045217791 -0.001631571 0.014336293
v -0.045217791 -0.001608631 0.014457533
v -0.045217791 -0.001576695 0.014576720
v -0.045217791 -0.001535942 0.014693186
v -0.045217791 -0.001486599 0.014806282
v -0.045217791 -0.001428942 0.014915374
v -0.045217791 -0.001363294 0.015019852
v -0.045217791 -0.001290022 0.015119132
v -0.045217791 -0.001209536 0.015212659
v -0.045217791 -0.001122285 0.015299909
v -0.045217791 -0.001028758 0.015380396
v -0.045217791 -0.000929478 0.015453668
v -0.045217791 -0.000825000 0.015519315
v -0.045217791 -0.000715908 0.015576972
v -0.045217791 -0.000602813 0.015626315
v -0.045217791 -0.000486346 0.015667069
v -0.045217791 -0.000367160 0.015699005
v -0.045217791 -0.000245920 0.015721944
v -0.045217791 -0.000123305 0.015735760
v -0.045095089 -0.002500000 0.042912972
v -0.045095089 0.002500000 0.042912972
v -0.045143967 0.002500000 0.042716671
v -0.045179505 0.002500000 0.042517521
v -0.045201541 0.002500000 0.042316430
v -0.045209975 0.002500000 0.042114310
v -0.045204767 0.002500000 0.041912082
v -0.045185943 0.002500000 0.041710664
v -0.045153587 0.002500000 0.041510973
v -0.045107848 0.002500000 0.041313916
v -0.045107848 -0.002500000 0.041313916
v -0.045153587 -0.002500000 0.041510973
v -0.045185943 -0.002500000 0.041710664
v -0.045204767 -0.002500000 0.041912082
v -0.045209975 -0.002500000 0.042114310
v -0.045201541 -0.002500000 0.042316430
v -0.045179505 -0.002500000 0.042517521
v -0.045143967 -0.002500000 0.042716671
v -0.033217791 0.002500000 0.052090374
v -0.033217791 -0.002500000 0.052090374
v -0.032999817 -0.002500000 0.052082444
v -0.032782995 -0.002500000 0.052058698
v -0.032568472 -0.002500000 0.052019262
v -0.032357381 -0.002500000 0.051964342
v -0.032150838 -0.002500000 0.051894230
v -0.031949936 -0.002500000 0.051809297
v -0.031755735 -0.002500000 0.051709991
v -0.031569264 -0.002500000 0.051596837
v -0.031391506 -0.002500000 0.051470434
v -0.031223403 -0.002500000 0.051331449
v -0.031065842 -0.002500000 0.051180617
v -0.030919657 -0.002500000 0.051018736
v -0.030785620 -0.002500000 0.050846662
v -0.030664441 -0.002500000 0.050665303
v -0.030556758 -0.002500000 0.050475619
v -0.030463142 -0.002500000 0.050278613
v -0.030384088 -0.002500000 0.050075325
v -0.030320013 -0.002500000 0.049866831
v -0.030320013 0.002500000 0.049866831
v -0.030384088 0.002500000 0.050075325
v -0.030463142 0.002500000 0.050278613
v -0.030556758 0.002500000 0.050475619
v -0.030664441 0.002500000 0.050665303
v -0.030785620 0.002500000 0.050846662
v -0.030919657 0.002500000 0.051018736
v -0.031065842 0.002500000 0.051180617
v -0.031223403 0.002500000 0.051331449
v -0.031391506 0.002500000 0.051470434
v -0.031569264 0.002500000 0.051596837
v -0.031755735 0.002500000 0.051709991
v -0.031949936 0.002500000 0.051809297
v -0.032150838 0.002500000 0.051894230
v -0.032357381 0.002500000 0.051964342
v -0.032568472 0.002500000 0.052019262
v -0.032782995 0.002500000 0.052058698
v -0.032999817 0.002500000 0.052082444
v -0.010217791 0.000000000 0.059090374
v -0.010217791 0.000000000 0.055890374
v -0.010211499 -0.000168143 0.055890374
v -0.010192660 -0.000335345 0.055890374
v -0.010161378 -0.000500672 0.055890374
v -0.010117829 -0.000663199 0.055890374
v -0.010062256 -0.000822017 0.055890374
v -0.009994971 -0.000976238 0.055890374
v -0.009916348 -0.001125000 0.055890374
v -0.009826828 -0.001267470 0.055890374
v -0.009726911 -0.001402852 0.055890374
v -0.009617157 -0.001530389 0.055890374
v -0.009498179 -0.001649367 0.055890374
v -0.009370643 -0.001759121 0.055890374
v -0.009235261 -0.001859037 0.055890374
v -0.009092791 -0.001948557 0.055890374
v -0.008944029 -0.002027180 0.055890374
v -0.008789808 -0.002094466 0.055890374
v -0.008630990 -0.002150039 0.055890374
v -0.008468463 -0.002193588 0.055890374
v -0.008303136 -0.002224869 0.055890374
v -0.008135933 -0.002243709 0.055890374
v -0.007967791 -0.002250000 0.055890374
v -0.007799648 -0.002243709 0.055890374
v -0.007632445 -0.002224869 0.055890374
v -0.007467118 -0.002193588 0.055890374
v -0.007304591 -0.002150039 0.055890374
v -0.007145773 -0.002094466 0.055890374
v -0.006991552 -0.002027180 0.055890374
v -0.006842791 -0.001948557 0.055890374
v -0.006700320 -0.001859037 0.055890374
v -0.006564939 -0.001759121 0.055890374
v -0.006437402 -0.001649367 0.055890374
v -0.006318424 -0.001530389 0.055890374
v -0.006208670 -0.001402852 0.055890374
v -0.006108753 -0.001267470 0.055890374
v -0.006019233 -0.001125000 0.055890374
v -0.005940611 -0.000976238 0.055890374
v -0.005873325 -0.000822017 0.055890374
v -0.005817752 -0.000663199 0.055890374
v -0.005774203 -0.000500672 0.055890374
v -0.005742921 -0.000335345 0.055890374
v -0.005724082 -0.000168143 0.055890374
v -0.005717791 0.000000000 0.055890374
v -0.005717791 0.000000000 0.059090374
v -0.005724082 -0.000168143 0.059090374
v -0.005742921 -0.000335345 0.059090374
v -0.005774203 -0.000500672 0.059090374
v -0.005817752 -0.000663199 0.059090374
v -0.005873325 -0.000822017 0.059090374
v -0.005940611 -0.000976238 0.059090374
v -0.006019233 -0.001125000 0.059090374
v -0.006108753 -0.001267470 0.059090374
v -0.006208670 -0.001402852 0.059090374
v -0.006318424 -0.001530389 0.059090374
v -0.006437402 -0.001649367 0.059090374
v -0.006564939 -0.001759121 0.059090374
v -0.006700320 -0.001859037 0.059090374
v -0.006842791 -0.001948557 0.059090374
v -0.006991552 -0.002027180 0.059090374
v -0.007145773 -0.002094466 0.059090374
v -0.007304591 -0.002150039 0.059090374
v -0.007467118 -0.002193588 0.059090374
v -0.007632445 -0.002224869 0.059090374
v -0.007799648 -0.002243709 0.059090374
v -0.007967791 -0.002250000 0.059090374
v -0.008135933 -0.002243709 0.059090374
v -0.008303136 -0.002224869 0.059090374
v -0.008468463 -0.002193588 0.059090374
v -0.008630990 -0.002150039 0.059090374
v -0.008789808 -0.002094466 0.059090374
v -0.008944029 -0.002027180 0.059090374
v -0.009092791 -0.001948557 0.059090374
v -0.009235261 -0.001859037 0.059090374
v -0.009370643 -0.001759121 0.059090374
v -0.009498179 -0.001649367 0.059090374
v -0.009617157 -0.001530389 0.059090374
v -0.009726911 -0.001402852 0.059090374
v -0.009826828 -0.001267470 0.059090374
v -0.009916348 -0.001125000 0.059090374
v -0.009994971 -0.000976238 0.059090374
v -0.010062256 -0.000822017 0.059090374
v -0.010117829 -0.000663199 0.059090374
v -0.010161378 -0.000500672 0.059090374
v -0.010192660 -0.000335345 0.059090374
v -0.010211499 -0.000168143 0.059090374
v 0.000183529 0.005175000 -0.008025978
v 0.000171441 0.005176748 -0.007980863
v 0.000159420 0.005181981 -0.007936000
v 0.000147534 0.005190670 -0.007891641
v 0.000135849 0.005202767 -0.007848033
v 0.000124431 0.005218204 -0.007805420
v 0.000113344 0.005236894 -0.007764040
v 0.000102649 0.005258734 -0.007724126
v 0.000092406 0.005283601 -0.007685899
v 0.000082673 0.005311355 -0.007649575
v 0.000073503 0.005341843 -0.007615355
v 0.000064950 0.005374892 -0.007583432
v 0.000057059 0.005410319 -0.007553983
v 0.000049876 0.005447925 -0.007527174
v 0.000043440 0.005487500 -0.007503155
v 0.000037787 0.005528823 -0.007482059
v 0.000032950 0.005571662 -0.007464006
v 0.000028954 0.005615778 -0.007449095
v 0.000025823 0.005660924 -0.007437410
v 0.000023574 0.005706849 -0.007429017
v 0.000022220 0.005753294 -0.007423962
v 0.000021768 0.005800000 -0.007422274
v 0.000022220 0.005846706 -0.007423962
v 0.000023574 0.005893151 -0.007429017
v 0.000025823 0.005939076 -0.007437410
v 0.000028954 0.005984222 -0.007449095
v 0.000032950 0.006028338 -0.007464006
v 0.000037787 0.006071177 -0.007482059
v 0.000043440 0.006112500 -0.007503155
v 0.000049876 0.006152075 -0.007527174
v 0.000057059 0.006189681 -0.007553983
v 0.000064950 0.006225108 -0.007583432
v 0.000073503 0.006258157 -0.007615355
v 0.000082673 0.006288645 -0.007649575
v 0.000092406 0.006316399 -0.007685899
v 0.000102649 0.006341266 -0.007724126
v 0.000113344 0.006363106 -0.007764040
v 0.000124431 0.006381796 -0.007805420
v 0.000135849 0.006397233 -0.007848033
v 0.000147534 0.006409330 -0.007891641
v 0.000159420 0.006418019 -0.007936000
v 0.000171441 0.006423252 -0.007980863
v 0.000183529 0.006425000 -0.008025978
v 0.002018789 0.005175000 -0.007534221
v 0.002006700 0.005176748 -0.007489107
v 0.001994679 0.005181981 -0.007444244
v 0.001982793 0.005190670 -0.007399885
v 0.001971108 0.005202767 -0.007356277
v 0.001959690 0.005218204 -0.007313664
v 0.001948603 0.005236894 -0.007272284
v 0.001937908 0.005258734 -0.007232370
v 0.001927665 0.005283601 -0.007194143
v 0.001917932 0.005311355 -0.007157818
v 0.001908763 0.005341843 -0.007123599
v 0.001900209 0.005374892 -0.007091675
v 0.001892318 0.005410319 -0.007062227
v 0.001885135 0.005447925 -0.007035418
v 0.001878699 0.005487500 -0.007011399
v 0.001873046 0.005528823 -0.006990303
v 0.001868209 0.005571662 -0.006972250
v 0.001864213 0.005615778 -0.006957339
v 0.001861082 0.005660924 -0.006945654
v 0.001858833 0.005706849 -0.006937261
v 0.001857479 0.005753294 -0.006932206
v 0.001857027 0.005800000 -0.006930518
v 0.001857479 0.005846706 -0.006932206
v 0.001858833 0.005893151 -0.006937261
v 0.001861082 0.005939076 -0.006945654
v 0.001864213 0.005984222 -0.006957339
v 0.001868209 0.006028338 -0.006972250
v 0.001873046 0.006071177 -0.006990303
v 0.001878699 0.006112500 -0.007011399
v 0.001885135 0.006152075 -0.007035418
v 0.001892318 0.006189681 -0.007062227
v 0.001900209 0.006225108 -0.007091675
v 0.001908763 0.006258157 -0.007123599
v 0.001917932 0.006288645 -0.007157818
v 0.001927665 0.006316399 -0.007194143
v 0.001937908 0.006341266 -0.007232370
v 0.001948603 0.006363106 -0.007272284
v 0.001959690 0.006381796 -0.007313664
v 0.001971108 0.006397233 -0.007356277
v 0.001982793 0.006409330 -0.007399885
v 0.001994679 0.006418019 -0.007444244
v 0.002006700 0.006423252 -0.007489107
v 0.002018789 0.006425000 -0.007534221
v 0.000183529 -0.006425000 -0.008025978
v 0.000171441 -0.006423252 -0.007980863
v 0.000159420 -0.006418019 -0.007936000
v 0.000147534 -0.006409330 -0.007891641
v 0.000135849 -0.006397233 -0.007848033
v 0.000124431 -0.006381796 -0.007805420
v 0.000113344 -0.006363106 -0.007764040
v 0.000102649 -0.006341266 -0.007724126
v 0.000092406 -0.006316399 -0.007685899
v 0.000082673 -0.006288645 -0.007649575
v 0.000073503 -0.006258157 -0.007615355
v 0.000064950 -0.006225108 -0.007583432
v 0.000057059 -0.006189681 -0.007553983
v 0.000049876 -0.006152075 -0.007527174
v 0.000043440 -0.006112500 -0.007503155
v 0.000037787 -0.006071177 -0.007482059
v 0.000032950 -0.006028338 -0.007464006
v 0.000028954 -0.005984222 -0.007449095
v 0.000025823 -0.005939076 -0.007437410
v 0.000023574 -0.005893151 -0.007429017
v 0.000022220 -0.005846706 -0.007423962
v 0.000021768 -0.005800000 -0.007422274
v 0.000022220 -0.005753294 -0.007423962
v 0.000023574 -0.005706849 -0.007429017
v 0.000025823 -0.005660924 -0.007437410
v 0.000028954 -0.005615778 -0.007449095
v 0.000032950 -0.005571662 -0.007464006
v 0.000037787 -0.005528823 -0.007482059
v 0.000043440 -0.005487500 -0.007503155
v 0.000049876 -0.005447925 -0.007527174
v 0.000057059 -0.005410319 -0.007553983
v 0.000064950 -0.005374892 -0.007583432
v 0.000073503 -0.005341843 -0.007615355
v 0.000082673 -0.005311355 -0.007649575
v 0.000092406 -0.005283601 -0.007685899
v 0.000102649 -0.005258734 -0.007724126
v 0.000113344 -0.005236894 -0.007764040
v 0.000124431 -0.005218204 -0.007805420
v 0.000135849 -0.005202767 -0.007848033
v 0.000147534 -0.005190670 -0.007891641
v 0.000159420 -0.005181981 -0.007936000
v 0.000171441 -0.005176748 -0.007980863
v 0.000183529 -0.005175000 -0.008025978
v 0.002018789 -0.006425000 -0.007534221
v 0.002006700 -0.006423252 -0.007489107
v 0.001994679 -0.006418019 -0.007444244
v 0.001982793 -0.006409330 -0.007399885
v 0.001971108 -0.006397233 -0.007356277
v 0.001959690 -0.006381796 -0.007313664
v 0.001948603 -0.006363106 -0.007272284
v 0.001937908 -0.006341266 -0.007232370
v 0.001927665 -0.006316399 -0.007194143
v 0.001917932 -0.006288645 -0.007157818
v 0.001908763 -0.006258157 -0.007123599
v 0.001900209 -0.006225108 -0.007091675
v 0.001892318 -0.006189681 -0.007062227
v 0.001885135 -0.006152075 -0.007035418
v 0.001878699 -0.006112500 -0.007011399
v 0.001873046 -0.006071177 -0.006990303
v 0.001868209 -0.006028338 -0.006972250
v 0.001864213 -0.005984222 -0.006957339
v 0.001861082 -0.005939076 -0.006945654
v 0.001858833 -0.005893151 -0.006937261
v 0.001857479 -0.005846706 -0.006932206
v 0.001857027 -0.005800000 -0.006930518
v 0.001857479 -0.005753294 -0.006932206
v 0.001858833 -0.005706849 -0.006937261
v 0.001861082 -0.005660924 -0.006945654
v 0.001864213 -0.005615778 -0.006957339
v 0.001868209 -0.005571662 -0.006972250
v 0.001873046 -0.005528823 -0.006990303
v 0.001878699 -0.005487500 -0.007011399
v 0.001885135 -0.005447925 -0.007035418
v 0.001892318 -0.005410319 -0.007062227
v 0.001900209 -0.005374892 -0.007091675
v 0.001908763 -0.005341843 -0.007123599
v 0.001917932 -0.005311355 -0.007157818
v 0.001927665 -0.005283601 -0.007194143
v 0.001937908 -0.005258734 -0.007232370
v 0.001948603 -0.005236894 -0.007272284
v 0.001959690 -0.005218204 -0.007313664
v 0.001971108 -0.005202767 -0.007356277
v 0.001982793 -0.005190670 -0.007399885
v 0.001994679 -0.005181981 -0.007444244
v 0.002006700 -0.005176748 -0.007489107
v 0.002018789 -0.005175000 -0.007534221
v -0.018317791 0.000000000 -0.028909626
v -0.018817791 0.000000000 -0.029409626
v -0.015617791 0.000000000 -0.029409626
v -0.015622264 -0.000119568 -0.029409626
v -0.015635661 -0.000238468 -0.029409626
v -0.015657906 -0.000356033 -0.029409626
v -0.015688874 -0.000471608 -0.029409626
v -0.015728393 -0.000584546 -0.029409626
v -0.015776240 -0.000694214 -0.029409626
v -0.015832150 -0.000800000 -0.029409626
v -0.015895809 -0.000901312 -0.029409626
v -0.015966860 -0.000997584 -0.029409626
v -0.016044908 -0.001088276 -0.029409626
v -0.016129514 -0.001172883 -0.029409626
v -0.016220207 -0.001250930 -0.029409626
v -0.016316478 -0.001321982 -0.029409626
v -0.016417791 -0.001385641 -0.029409626
v -0.016523577 -0.001441550 -0.029409626
v -0.016633245 -0.001489398 -0.029409626
v -0.016746182 -0.001528916 -0.029409626
v -0.016861757 -0.001559885 -0.029409626
v -0.016979323 -0.001582129 -0.029409626
v -0.017098222 -0.001595526 -0.029409626
v -0.017217791 -0.001600000 -0.029409626
v -0.017337359 -0.001595526 -0.029409626
v -0.017456258 -0.001582129 -0.029409626
v -0.017573824 -0.001559885 -0.029409626
v -0.017689399 -0.001528916 -0.029409626
v -0.017802336 -0.001489398 -0.029409626
v -0.017912005 -0.001441550 -0.029409626
v -0.018017791 -0.001385641 -0.029409626
v -0.018119103 -0.001321982 -0.029409626
v -0.018215374 -0.001250930 -0.029409626
v -0.018306067 -0.001172883 -0.029409626
v -0.018390674 -0.001088276 -0.029409626
v -0.018468721 -0.000997584 -0.029409626
v -0.018539773 -0.000901312 -0.029409626
v -0.018603431 -0.000800000 -0.029409626
v -0.018659341 -0.000694214 -0.029409626
v -0.018707189 -0.000584546 -0.029409626
v -0.018746707 -0.000471608 -0.029409626
v -0.018777675 -0.000356033 -0.029409626
v -0.018799920 -0.000238468 -0.029409626
v -0.018813317 -0.000119568 -0.029409626
v -0.016117791 0.000000000 -0.028909626
v -0.016120866 -0.000082203 -0.028909626
v -0.016130077 -0.000163946 -0.028909626
v -0.016145370 -0.000244773 -0.028909626
v -0.016166660 -0.000324231 -0.028909626
v -0.016193829 -0.000401875 -0.028909626
v -0.016226725 -0.000477272 -0.028909626
v -0.016265163 -0.000550000 -0.028909626
v -0.016308928 -0.000619652 -0.028909626
v -0.016357776 -0.000685839 -0.028909626
v -0.016411433 -0.000748190 -0.028909626
v -0.016469601 -0.000806357 -0.028909626
v -0.016531952 -0.000860015 -0.028909626
v -0.016598138 -0.000908863 -0.028909626
v -0.016667791 -0.000952628 -0.028909626
v -0.016740518 -0.000991066 -0.028909626
v -0.016815915 -0.001023961 -0.028909626
v -0.016893560 -0.001051130 -0.028909626
v -0.016973018 -0.001072421 -0.028909626
v -0.017053844 -0.001087714 -0.028909626
v -0.017135587 -0.001096924 -0.028909626
v -0.017217791 -0.001100000 -0.028909626
v -0.017299994 -0.001096924 -0.028909626
v -0.017381737 -0.001087714 -0.028909626
v -0.017462564 -0.001072421 -0.028909626
v -0.017542021 -0.001051130 -0.028909626
v -0.017619666 -0.001023961 -0.028909626
v -0.017695063 -0.000991066 -0.028909626
v -0.017767791 -0.000952628 -0.028909626
v -0.017837443 -0.000908863 -0.028909626
v -0.017903629 -0.000860015 -0.028909626
v -0.017965981 -0.000806357 -0.028909626
v -0.018024148 -0.000748190 -0.028909626
v -0.018077805 -0.000685839 -0.028909626
v -0.018126653 -0.000619652 -0.028909626
v -0.018170419 -0.000550000 -0.028909626
v -0.018208856 -0.000477272 -0.028909626
v -0.018241752 -0.000401875 -0.028909626
v -0.018268921 -0.000324231 -0.028909626
v -0.018290211 -0.000244773 -0.028909626
v -0.018305504 -0.000163946 -0.028909626
v -0.018314715 -0.000082203 -0.028909626
v -0.015965272 -0.000188787 -0.029076293
v -0.016007398 -0.000373357 -0.029076293
v -0.015800466 -0.000213627 -0.029242960
v -0.016076563 -0.000549586 -0.029076293
v -0.015848136 -0.000422482 -0.029242960
v -0.016171221 -0.000713539 -0.029076293
v -0.015926402 -0.000621900 -0.029242960
v -0.016289258 -0.000861552 -0.029076293
v -0.016033515 -0.000807425 -0.029242960
v -0.016428037 -0.000990320 -0.029076293
v -0.016167083 -0.000974914 -0.029242960
v -0.016584457 -0.001096966 -0.029076293
v -0.016324122 -0.001120625 -0.029242960
v -0.016755025 -0.001179107 -0.029076293
v -0.016501124 -0.001241303 -0.029242960
v -0.016935931 -0.001234909 -0.029076293
v -0.016694135 -0.001334252 -0.029242960
v -0.017123132 -0.001263125 -0.029076293
v -0.016898844 -0.001397397 -0.029242960
v -0.017312449 -0.001263125 -0.029076293
v -0.017110677 -0.001429325 -0.029242960
v -0.017499650 -0.001234909 -0.029076293
v -0.017324904 -0.001429325 -0.029242960
v -0.017680556 -0.001179107 -0.029076293
v -0.017536737 -0.001397397 -0.029242960
v -0.017851124 -0.001096966 -0.029076293
v -0.017741446 -0.001334252 -0.029242960
v -0.018007544 -0.000990320 -0.029076293
v -0.017934457 -0.001241303 -0.029242960
v -0.018146323 -0.000861552 -0.029076293
v -0.018111459 -0.001120625 -0.029242960
v -0.018264360 -0.000713539 -0.029076293
v -0.018268498 -0.000974914 -0.029242960
v -0.018359018 -0.000549586 -0.029076293
v -0.018402066 -0.000807425 -0.029242960
v -0.018428183 -0.000373357 -0.029076293
v -0.018509179 -0.000621900 -0.029242960
v -0.018470310 -0.000188787 -0.029076293
v -0.018587445 -0.000422482 -0.029242960
v -0.018635115 -0.000213627 -0.029242960
v -0.030317791 0.000000000 -0.028909626
v -0.030817791 -0.000000000 -0.029409626
v -0.027617791 0.000000000 -0.029409626
v -0.027622264 -0.000119568 -0.029409626
v -0.027635661 -0.000238468 -0.029409626
v -0.027657906 -0.000356033 -0.029409626
v -0.027688874 -0.000471608 -0.029409626
v -0.027728393 -0.000584546 -0.029409626
v -0.027776240 -0.000694214 -0.029409626
v -0.027832150 -0.000800000 -0.029409626
v -0.027895809 -0.000901312 -0.029409626
v -0.027966860 -0.000997584 -0.029409626
v -0.028044908 -0.001088276 -0.029409626
v -0.028129514 -0.001172883 -0.029409626
v -0.028220207 -0.001250930 -0.029409626
v -0.028316478 -0.001321982 -0.029409626
v -0.028417791 -0.001385641 -0.029409626
v -0.028523577 -0.001441550 -0.029409626
v -0.028633245 -0.001489398 -0.029409626
v -0.028746182 -0.001528916 -0.029409626
v -0.028861757 -0.001559885 -0.029409626
v -0.028979323 -0.001582129 -0.029409626
v -0.029098222 -0.001595526 -0.029409626
v -0.029217791 -0.001600000 -0.029409626
v -0.029337359 -0.001595526 -0.029409626
v -0.029456258 -0.001582129 -0.029409626
v -0.029573824 -0.001559885 -0.029409626
v -0.029689399 -0.001528916 -0.029409626
v -0.029802336 -0.001489398 -0.029409626
v -0.029912005 -0.001441550 -0.029409626
v -0.030017791 -0.001385641 -0.029409626
v -0.030119103 -0.001321982 -0.029409626
v -0.030215374 -0.001250930 -0.029409626
v -0.030306067 -0.001172883 -0.029409626
v -0.030390674 -0.001088276 -0.029409626
v -0.030468721 -0.000997584 -0.029409626
v -0.030539773 -0.000901312 -0.029409626
v -0.030603431 -0.000800000 -0.029409626
v -0.030659341 -0.000694214 -0.029409626
v -0.030707189 -0.000584546 -0.029409626
v -0.030746707 -0.000471608 -0.029409626
v -0.030777675 -0.000356033 -0.029409626
v -0.030799920 -0.000238468 -0.029409626
v -0.030813317 -0.000119568 -0.029409626
v -0.028117791 0.000000000 -0.028909626
v -0.028120866 -0.000082203 -0.028909626
v -0.028130077 -0.000163946 -0.028909626
v -0.028145370 -0.000244773 -0.028909626
v -0.028166660 -0.000324231 -0.028909626
v -0.028193829 -0.000401875 -0.028909626
v -0.028226725 -0.000477272 -0.028909626
v -0.028265163 -0.000550000 -0.028909626
v -0.028308928 -0.000619652 -0.028909626
v -0.028357776 -0.000685839 -0.028909626
v -0.028411433 -0.000748190 -0.028909626
v -0.028469601 -0.000806357 -0.028909626
v -0.028531952 -0.000860015 -0.028909626
v -0.028598138 -0.000908863 -0.028909626
v -0.028667791 -0.000952628 -0.028909626
v -0.028740518 -0.000991066 -0.028909626
v -0.028815915 -0.001023961 -0.028909626
v -0.028893560 -0.001051130 -0.028909626
v -0.028973018 -0.001072421 -0.028909626
v -0.029053844 -0.001087714 -0.028909626
v -0.029135587 -0.001096924 -0.028909626
v -0.029217791 -0.001100000 -0.028909626
v -0.029299994 -0.001096924 -0.028909626
v -0.029381737 -0.001087714 -0.028909626
v -0.029462564 -0.001072421 -0.028909626
v -0.029542021 -0.001051130 -0.028909626
v -0.029619666 -0.001023961 -0.028909626
v -0.029695063 -0.000991066 -0.028909626
v -0.029767791 -0.000952628 -0.028909626
v -0.029837443 -0.000908863 -0.028909626
v -0.029903629 -0.000860015 -0.028909626
v -0.029965981 -0.000806357 -0.028909626
v -0.030024148 -0.000748190 -0.028909626
v -0.030077805 -0.000685839 -0.028909626
v -0.030126653 -0.000619652 -0.028909626
v -0.030170419 -0.000550000 -0.028909626
v -0.030208856 -0.000477272 -0.028909626
v -0.030241752 -0.000401875 -0.028909626
v -0.030268921 -0.000324231 -0.028909626
v -0.030290211 -0.000244773 -0.028909626
v -0.030305504 -0.000163946 -0.028909626
v -0.030314715 -0.000082203 -0.028909626
v -0.027965272 -0.000188787 -0.029076293
v -0.028007398 -0.000373357 -0.029076293
v -0.027800466 -0.000213627 -0.029242960
v -0.028076563 -0.000549586 -0.029076293
v -0.027848136 -0.000422482 -0.029242960
v -0.028171221 -0.000713539 -0.029076293
v -0.027926402 -0.000621900 -0.029242960
v -0.028289258 -0.000861552 -0.029076293
v -0.028033515 -0.000807425 -0.029242960
v -0.028428037 -0.000990320 -0.029076293
v -0.028167083 -0.000974914 -0.029242960
v -0.028584457 -0.001096966 -0.029076293
v -0.028324122 -0.001120625 -0.029242960
v -0.028755025 -0.001179107 -0.029076293
v -0.028501124 -0.001241303 -0.029242960
v -0.028935931 -0.001234909 -0.029076293
v -0.028694135 -0.001334252 -0.029242960
v -0.029123132 -0.001263125 -0.029076293
v -0.028898844 -0.001397397 -0.029242960
v -0.029312449 -0.001263125 -0.029076293
v -0.029110677 -0.001429325 -0.029242960
v -0.029499650 -0.001234909 -0.029076293
v -0.029324904 -0.001429325 -0.029242960
v -0.029680556 -0.001179107 -0.029076293
v -0.029536737 -0.001397397 -0.029242960
v -0.029851124 -0.001096966 -0.029076293
v -0.029741446 -0.001334252 -0.029242960
v -0.030007544 -0.000990320 -0.029076293
v -0.029934457 -0.001241303 -0.029242960
v -0.030146323 -0.000861552 -0.029076293
v -0.030111459 -0.001120625 -0.029242960
v -0.030264360 -0.000713539 -0.029076293
v -0.030268498 -0.000974914 -0.029242960
v -0.030359018 -0.000549586 -0.029076293
v -0.030402066 -0.000807425 -0.029242960
v -0.030428183 -0.000373357 -0.029076293
v -0.030509179 -0.000621900 -0.029242960
v -0.030470310 -0.000188787 -0.029076293
v -0.030587445 -0.000422482 -0.029242960
v -0.030635115 -0.000213627 -0.029242960
v -0.048217791 -0.000000000 -0.003309626
v -0.048717791 0.000000000 -0.002809626
v -0.048717791 -0.000119568 -0.002814100
v -0.048717791 -0.000238468 -0.002827497
v -0.048717791 -0.000356033 -0.002849742
v -0.048717791 -0.000471608 -0.002880710
v -0.048717791 -0.000584546 -0.002920228
v -0.048717791 -0.000694214 -0.002968076
v -0.048717791 -0.000800000 -0.003023986
v -0.048717791 -0.000901312 -0.003087644
v -0.048717791 -0.000997584 -0.003158696
v -0.048717791 -0.001088276 -0.003236743
v -0.048717791 -0.001172883 -0.003321350
v -0.048717791 -0.001250930 -0.003412043
v -0.048717791 -0.001321982 -0.003508314
v -0.048717791 -0.001385641 -0.003609626
v -0.048717791 -0.001441550 -0.003715412
v -0.048717791 -0.001489398 -0.003825081
v -0.048717791 -0.001528916 -0.003938018
v -0.048717791 -0.001559885 -0.004053593
v -0.048717791 -0.001582129 -0.004171159
v -0.048717791 -0.001595526 -0.004290058
v -0.048717791 -0.001600000 -0.004409626
v -0.048717791 -0.001595526 -0.004529195
v -0.048717791 -0.001582129 -0.004648094
v -0.048717791 -0.001559885 -0.004765660
v -0.048717791 -0.001528916 -0.004881235
v -0.048717791 -0.001489398 -0.004994172
v -0.048717791 -0.001441550 -0.005103840
v -0.048717791 -0.001385641 -0.005209626
v -0.048717791 -0.001321982 -0.005310939
v -0.048717791 -0.001250930 -0.005407210
v -0.048717791 -0.001172883 -0.005497903
v -0.048717791 -0.001088276 -0.005582509
v -0.048717791 -0.000997584 -0.005660557
v -0.048717791 -0.000901312 -0.005731608
v -0.048717791 -0.000800000 -0.005795267
v -0.048717791 -0.000694214 -0.005851177
v -0.048717791 -0.000584546 -0.005899024
v -0.048717791 -0.000471608 -0.005938543
v -0.048717791 -0.000356033 -0.005969511
v -0.048717791 -0.000238468 -0.005991756
v -0.048717791 -0.000119568 -0.006005153
v -0.048717791 0.000000000 -0.006009626
v -0.048217791 -0.000000000 -0.005509626
v -0.048217791 -0.000082203 -0.003312702
v -0.048217791 -0.000163946 -0.003321913
v -0.048217791 -0.000244773 -0.003337206
v -0.048217791 -0.000324231 -0.003358496
v -0.048217791 -0.000401875 -0.003385665
v -0.048217791 -0.000477272 -0.003418561
v -0.048217791 -0.000550000 -0.003456998
v -0.048217791 -0.000619652 -0.003500764
v -0.048217791 -0.000685839 -0.003549612
v -0.048217791 -0.000748190 -0.003603269
v -0.048217791 -0.000806357 -0.003661436
v -0.048217791 -0.000860015 -0.003723788
v -0.048217791 -0.000908863 -0.003789974
v -0.048217791 -0.000952628 -0.003859626
v -0.048217791 -0.000991066 -0.003932354
v -0.048217791 -0.001023961 -0.004007751
v -0.048217791 -0.001051130 -0.004085396
v -0.048217791 -0.001072421 -0.004164853
v -0.048217791 -0.001087714 -0.004245680
v -0.048217791 -0.001096924 -0.004327423
v -0.048217791 -0.001100000 -0.004409626
v -0.048217791 -0.001096924 -0.004491830
v -0.048217791 -0.001087714 -0.004573573
v -0.048217791 -0.001072421 -0.004654399
v -0.048217791 -0.001051130 -0.004733857
v -0.048217791 -0.001023961 -0.004811502
v -0.048217791 -0.000991066 -0.004886899
v -0.048217791 -0.000952628 -0.004959626
v -0.048217791 -0.000908863 -0.005029279
v -0.048217791 -0.000860015 -0.005095465
v -0.048217791 -0.000806357 -0.005157816
v -0.048217791 -0.000748190 -0.005215984
v -0.048217791 -0.000685839 -0.005269641
v -0.048217791 -0.000619652 -0.005318489
v -0.048217791 -0.000550000 -0.005362254
v -0.048217791 -0.000477272 -0.005400692
v -0.048217791 -0.000401875 -0.005433588
v -0.048217791 -0.000324231 -0.005460757
v -0.048217791 -0.000244773 -0.005482047
v -0.048217791 -0.000163946 -0.005497340
v -0.048217791 -0.000082203 -0.005506551
v -0.048384457 -0.000188787 -0.005662145
v -0.048384457 -0.000373357 -0.005620019
v -0.048551124 -0.000213627 -0.005826951
v -0.048384457 -0.000549586 -0.005550854
v -0.048551124 -0.000422482 -0.005779281
v -0.048384457 -0.000713539 -0.005456196
v -0.048551124 -0.000621900 -0.005701015
v -0.048384457 -0.000861552 -0.005338159
v -0.048551124 -0.000807425 -0.005593902
v -0.048384457 -0.000990320 -0.005199380
v -0.048551124 -0.000974914 -0.005460334
v -0.048384457 -0.001096966 -0.005042960
v -0.048551124 -0.001120625 -0.005303295
v -0.048384457 -0.001179107 -0.004872392
v -0.048551124 -0.001241303 -0.005126293
v -0.048384457 -0.001234909 -0.004691486
v -0.048551124 -0.001334252 -0.004933282
v -0.048384457 -0.001263125 -0.004504285
v -0.048551124 -0.001397397 -0.004728573
v -0.048384457 -0.001263125 -0.004314968
v -0.048551124 -0.001429325 -0.004516740
v -0.048384457 -0.001234909 -0.004127767
v -0.048551124 -0.001429325 -0.004302513
v -0.048384457 -0.001179107 -0.003946861
v -0.048551124 -0.001397397 -0.004090680
v -0.048384457 -0.001096966 -0.003776293
v -0.048551124 -0.001334252 -0.003885971
v -0.048384457 -0.000990320 -0.003619873
v -0.048551124 -0.001241303 -0.003692960
v -0.048384457 -0.000861552 -0.003481094
v -0.048551124 -0.001120625 -0.003515958
v -0.048384457 -0.000713539 -0.003363057
v -0.048551124 -0.000974914 -0.003358919
v -0.048384457 -0.000549586 -0.003268399
v -0.048551124 -0.000807425 -0.003225351
v -0.048384457 -0.000373357 -0.003199234
v -0.048551124 -0.000621900 -0.003118238
v -0.048384457 -0.000188787 -0.003157107
v -0.048551124 -0.000422482 -0.003039972
v -0.048551124 -0.000213627 -0.002992302
v -0.048217791 -0.000000000 0.008690374
v -0.048717791 0.000000000 0.009190374
v -0.048717791 -0.000119568 0.009185900
v -0.048717791 -0.000238468 0.009172503
v -0.048717791 -0.000356033 0.009150258
v -0.048717791 -0.000471608 0.009119290
v -0.048717791 -0.000584546 0.009079772
v -0.048717791 -0.000694214 0.009031924
v -0.048717791 -0.000800000 0.008976014
v -0.048717791 -0.000901312 0.008912356
v -0.048717791 -0.000997584 0.008841304
v -0.048717791 -0.001088276 0.008763257
v -0.048717791 -0.001172883 0.008678650
v -0.048717791 -0.001250930 0.008587957
v -0.048717791 -0.001321982 0.008491686
v -0.048717791 -0.001385641 0.008390374
v -0.048717791 -0.001441550 0.008284588
v -0.048717791 -0.001489398 0.008174919
v -0.048717791 -0.001528916 0.008061982
v -0.048717791 -0.001559885 0.007946407
v -0.048717791 -0.001582129 0.007828841
v -0.048717791 -0.001595526 0.007709942
v -0.048717791 -0.001600000 0.007590374
v -0.048717791 -0.001595526 0.007470805
v -0.048717791 -0.001582129 0.007351906
v -0.048717791 -0.001559885 0.007234340
v -0.048717791 -0.001528916 0.007118765
v -0.048717791 -0.001489398 0.007005828
v -0.048717791 -0.001441550 0.006896160
v -0.048717791 -0.001385641 0.006790374
v -0.048717791 -0.001321982 0.006689061
v -0.048717791 -0.001250930 0.006592790
v -0.048717791 -0.001172883 0.006502097
v -0.048717791 -0.001088276 0.006417491
v -0.048717791 -0.000997584 0.006339443
v -0.048717791 -0.000901312 0.006268392
v -0.048717791 -0.000800000 0.006204733
v -0.048717791 -0.000694214 0.006148823
v -0.048717791 -0.000584546 0.006100976
v -0.048717791 -0.000471608 0.006061457
v -0.048717791 -0.000356033 0.006030489
v -0.048717791 -0.000238468 0.006008244
v -0.048717791 -0.000119568 0.005994847
v -0.048717791 0.000000000 0.005990374
v -0.048217791 0.000000000 0.006490374
v -0.048217791 -0.000082203 0.008687298
v -0.048217791 -0.000163946 0.008678087
v -0.048217791 -0.000244773 0.008662794
v -0.048217791 -0.000324231 0.008641504
v -0.048217791 -0.000401875 0.008614335
v -0.048217791 -0.000477272 0.008581439
v -0.048217791 -0.000550000 0.008543002
v -0.048217791 -0.000619652 0.008499236
v -0.048217791 -0.000685839 0.008450388
v -0.048217791 -0.000748190 0.008396731
v -0.048217791 -0.000806357 0.008338564
v -0.048217791 -0.000860015 0.008276212
v -0.048217791 -0.000908863 0.008210026
v -0.048217791 -0.000952628 0.008140374
v -0.048217791 -0.000991066 0.008067646
v -0.048217791 -0.001023961 0.007992249
v -0.048217791 -0.001051130 0.007914604
v -0.048217791 -0.001072421 0.007835147
v -0.048217791 -0.001087714 0.007754320
v -0.048217791 -0.001096924 0.007672577
v -0.048217791 -0.001100000 0.007590374
v -0.048217791 -0.001096924 0.007508170
v -0.048217791 -0.001087714 0.007426427
v -0.048217791 -0.001072421 0.007345601
v -0.048217791 -0.001051130 0.007266143
v -0.048217791 -0.001023961 0.007188498
v -0.048217791 -0.000991066 0.007113101
v -0.048217791 -0.000952628 0.007040374
v -0.048217791 -0.000908863 0.006970721
v -0.048217791 -0.000860015 0.006904535
v -0.048217791 -0.000806357 0.006842184
v -0.048217791 -0.000748190 0.006784016
v -0.048217791 -0.000685839 0.006730359
v -0.048217791 -0.000619652 0.006681511
v -0.048217791 -0.000550000 0.006637746
v -0.048217791 -0.000477272 0.006599308
v -0.048217791 -0.000401875 0.006566412
v -0.048217791 -0.000324231 0.006539243
v -0.048217791 -0.000244773 0.006517953
v -0.048217791 -0.000163946 0.006502660
v -0.048217791 -0.000082203 0.006493449
v -0.048384457 -0.000188787 0.006337855
v -0.048384457 -0.000373357 0.006379981
v -0.048551124 -0.000213627 0.006173049
v -0.048384457 -0.000549586 0.006449146
v -0.048551124 -0.000422482 0.006220719
v -0.048384457 -0.000713539 0.006543804
v -0.048551124 -0.000621900 0.006298985
v -0.048384457 -0.000861552 0.006661841
v -0.048551124 -0.000807425 0.006406098
v -0.048384457 -0.000990320 0.006800620
v -0.048551124 -0.000974914 0.006539666
v -0.048384457 -0.001096966 0.006957040
v -0.048551124 -0.001120625 0.006696705
v -0.048384457 -0.001179107 0.007127608
v -0.048551124 -0.001241303 0.006873707
v -0.048384457 -0.001234909 0.007308514
v -0.048551124 -0.001334252 0.007066718
v -0.048384457 -0.001263125 0.007495715
v -0.048551124 -0.001397397 0.007271427
v -0.048384457 -0.001263125 0.007685032
v -0.048551124 -0.001429325 0.007483260
v -0.048384457 -0.001234909 0.007872233
v -0.048551124 -0.001429325 0.007697487
v -0.048384457 -0.001179107 0.008053139
v -0.048551124 -0.001397397 0.007909320
v -0.048384457 -0.001096966 0.008223707
v -0.048551124 -0.001334252 0.008114029
v -0.048384457 -0.000990320 0.008380127
v -0.048551124 -0.001241303 0.008307040
v -0.048384457 -0.000861552 0.008518906
v -0.048551124 -0.001120625 0.008484042
v -0.048384457 -0.000713539 0.008636943
v -0.048551124 -0.000974914 0.008641081
v -0.048384457 -0.000549586 0.008731601
v -0.048551124 -0.000807425 0.008774649
v -0.048384457 -0.000373357 0.008800766
v -0.048551124 -0.000621900 0.008881762
v -0.048384457 -0.000188787 0.008842893
v -0.048551124 -0.000422482 0.008960028
v -0.048551124 -0.000213627 0.009007698
v -0.034310383 0.002500000 0.055413897
v -0.034310383 -0.002500000 0.055413897
v -0.034289582 -0.002500000 0.055322763
v -0.034275650 -0.002500000 0.055230329
v -0.034268665 -0.002500000 0.055137113
v -0.034268665 -0.002500000 0.055043635
v -0.034275650 -0.002500000 0.054950418
v -0.034289582 -0.002500000 0.054857984
v -0.034310383 -0.002500000 0.054766850
v -0.034337936 -0.002500000 0.054677525
v -0.034372088 -0.002500000 0.054590509
v -0.034412646 -0.002500000 0.054506288
v -0.034459385 -0.002500000 0.054425333
v -0.034512043 -0.002500000 0.054348098
v -0.034570326 -0.002500000 0.054275014
v -0.034633907 -0.002500000 0.054206490
v -0.034702431 -0.002500000 0.054142909
v -0.034775515 -0.002500000 0.054084626
v -0.034852750 -0.002500000 0.054031968
v -0.034933705 -0.002500000 0.053985229
v -0.035017926 -0.002500000 0.053944671
v -0.035104942 -0.002500000 0.053910519
v -0.035194267 -0.002500000 0.053882966
v -0.035285401 -0.002500000 0.053862165
v -0.035377835 -0.002500000 0.053848233
v -0.035471052 -0.002500000 0.053841248
v -0.035564530 -0.002500000 0.053841248
v -0.035657746 -0.002500000 0.053848233
v -0.035750180 -0.002500000 0.053862165
v -0.035841314 -0.002500000 0.053882966
v -0.035930639 -0.002500000 0.053910519
v -0.036017656 -0.002500000 0.053944671
v -0.036101876 -0.002500000 0.053985229
v -0.036182831 -0.002500000 0.054031968
v -0.036260066 -0.002500000 0.054084626
v -0.036333150 -0.002500000 0.054142909
v -0.036401674 -0.002500000 0.054206490
v -0.036465255 -0.002500000 0.054275014
v -0.036523538 -0.002500000 0.054348098
v -0.036576196 -0.002500000 0.054425333
v -0.036622935 -0.002500000 0.054506288
v -0.036663493 -0.002500000 0.054590509
v -0.036697645 -0.002500000 0.054677525
v -0.036725198 -0.002500000 0.054766850
v -0.036725198 0.002500000 0.054766850
v -0.036697645 0.002500000 0.054677525
v -0.036663493 0.002500000 0.054590509
v -0.036622935 0.002500000 0.054506288
v -0.036576196 0.002500000 0.054425333
v -0.036523538 0.002500000 0.054348098
v -0.036465255 0.002500000 0.054275014
v -0.036401674 0.002500000 0.054206490
v -0.036333150 0.002500000 0.054142909
v -0.036260066 0.002500000 0.054084626
v -0.036182831 0.002500000 0.054031968
v -0.036101876 0.002500000 0.053985229
v -0.036017656 0.002500000 0.053944671
v -0.035930639 0.002500000 0.053910519
v -0.035841314 0.002500000 0.053882966
v -0.035750180 0.002500000 0.053862165
v -0.035657746 0.002500000 0.053848233
v -0.035564530 0.002500000 0.053841248
v -0.035471052 0.002500000 0.053841248
v -0.035377835 0.002500000 0.053848233
v -0.035285401 0.002500000 0.053862165
v -0.035194267 0.002500000 0.053882966
v -0.035104942 0.002500000 0.053910519
v -0.035017926 0.002500000 0.053944671
v -0.034933705 0.002500000 0.053985229
v -0.034852750 0.002500000 0.054031968
v -0.034775515 0.002500000 0.054084626
v -0.034702431 0.002500000 0.054142909
v -0.034633907 0.002500000 0.054206490
v -0.034570326 0.002500000 0.054275014
v -0.034512043 0.002500000 0.054348098
v -0.034459385 0.002500000 0.054425333
v -0.034412646 0.002500000 0.054506288
v -0.034372088 0.002500000 0.054590509
v -0.034337936 0.002500000 0.054677525
v -0.034310383 0.002500000 0.054766850
v -0.034289582 0.002500000 0.054857984
v -0.034275650 0.002500000 0.054950418
v -0.034268665 0.002500000 0.055043635
v -0.034268665 0.002500000 0.055137113
v -0.034275650 0.002500000 0.055230329
v -0.034289582 0.002500000 0.055322763
v -0.046310383 0.002500000 0.043413897
v -0.046310383 -0.002500000 0.043413897
v -0.046289582 -0.002500000 0.043322763
v -0.046275650 -0.002500000 0.043230329
v -0.046268665 -0.002500000 0.043137113
v -0.046268665 -0.002500000 0.043043635
v -0.046275650 -0.002500000 0.042950418
v -0.046289582 -0.002500000 0.042857984
v -0.046310383 -0.002500000 0.042766850
v -0.046337936 -0.002500000 0.042677525
v -0.046372088 -0.002500000 0.042590509
v -0.046412646 -0.002500000 0.042506288
v -0.046459385 -0.002500000 0.042425333
v -0.046512043 -0.002500000 0.042348098
v -0.046570326 -0.002500000 0.042275014
v -0.046633907 -0.002500000 0.042206490
v -0.046702431 -0.002500000 0.042142909
v -0.046775515 -0.002500000 0.042084626
v -0.046852750 -0.002500000 0.042031968
v -0.046933705 -0.002500000 0.041985229
v -0.047017926 -0.002500000 0.041944671
v -0.047104942 -0.002500000 0.041910519
v -0.047194267 -0.002500000 0.041882966
v -0.047285401 -0.002500000 0.041862165
v -0.047377835 -0.002500000 0.041848233
v -0.047471052 -0.002500000 0.041841248
v -0.047564530 -0.002500000 0.041841248
v -0.047657746 -0.002500000 0.041848233
v -0.047750180 -0.002500000 0.041862165
v -0.047841314 -0.002500000 0.041882966
v -0.047930639 -0.002500000 0.041910519
v -0.048017656 -0.002500000 0.041944671
v -0.048101876 -0.002500000 0.041985229
v -0.048182831 -0.002500000 0.042031968
v -0.048260066 -0.002500000 0.042084626
v -0.048333150 -0.002500000 0.042142909
v -0.048401674 -0.002500000 0.042206490
v -0.048465255 -0.002500000 0.042275014
v -0.048523538 -0.002500000 0.042348098
v -0.048576196 -0.002500000 0.042425333
v -0.048622935 -0.002500000 0.042506288
v -0.048663493 -0.002500000 0.042590509
v -0.048697645 -0.002500000 0.042677525
v -0.048725198 -0.002500000 0.042766850
v -0.048725198 0.002500000 0.042766850
v -0.048697645 0.002500000 0.042677525
v -0.048663493 0.002500000 0.042590509
v -0.048622935 0.002500000 0.042506288
v -0.048576196 0.002500000 0.042425333
v -0.048523538 0.002500000 0.042348098
v -0.048465255 0.002500000 0.042275014
v -0.048401674 0.002500000 0.042206490
v -0.048333150 0.002500000 0.042142909
v -0.048260066 0.002500000 0.042084626
v -0.048182831 0.002500000 0.042031968
v -0.048101876 0.002500000 0.041985229
v -0.048017656 0.002500000 0.041944671
v -0.047930639 0.002500000 0.041910519
v -0.047841314 0.002500000 0.041882966
v -0.047750180 0.002500000 0.041862165
v -0.047657746 0.002500000 0.041848233
v -0.047564530 0.002500000 0.041841248
v -0.047471052 0.002500000 0.041841248
v -0.047377835 0.002500000 0.041848233
v -0.047285401 0.002500000 0.041862165
v -0.047194267 0.002500000 0.041882966
v -0.047104942 0.002500000 0.041910519
v -0.047017926 0.002500000 0.041944671
v -0.046933705 0.002500000 0.041985229
v -0.046852750 0.002500000 0.042031968
v -0.046775515 0.002500000 0.042084626
v -0.046702431 0.002500000 0.042142909
v -0.046633907 0.002500000 0.042206490
v -0.046570326 0.002500000 0.042275014
v -0.046512043 0.002500000 0.042348098
v -0.046459385 0.002500000 0.042425333
v -0.046412646 0.002500000 0.042506288
v -0.046372088 0.002500000 0.042590509
v -0.046337936 0.002500000 0.042677525
v -0.046310383 0.002500000 0.042766850
v -0.046289582 0.002500000 0.042857984
v -0.046275650 0.002500000 0.042950418
v -0.046268665 0.002500000 0.043043635
v -0.046268665 0.002500000 0.043137113
v -0.046275650 0.002500000 0.043230329
v -0.046289582 0.002500000 0.043322763
v -0.018317791 0.000000000 -0.027409626
v -0.018317791 0.000000000 -0.028909626
v -0.016117791 0.000000000 -0.028909626
v -0.016120866 -0.000082203 -0.028909626
v -0.016130077 -0.000163946 -0.028909626
v -0.016145370 -0.000244773 -0.028909626
v -0.016166660 -0.000324231 -0.028909626
v -0.016193829 -0.000401875 -0.028909626
v -0.016226725 -0.000477272 -0.028909626
v -0.016265163 -0.000550000 -0.028909626
v -0.016308928 -0.000619652 -0.028909626
v -0.016357776 -0.000685839 -0.028909626
v -0.016411433 -0.000748190 -0.028909626
v -0.016469601 -0.000806357 -0.028909626
v -0.016531952 -0.000860015 -0.028909626
v -0.016598138 -0.000908863 -0.028909626
v -0.016667791 -0.000952628 -0.028909626
v -0.016740518 -0.000991066 -0.028909626
v -0.016815915 -0.001023961 -0.028909626
v -0.016893560 -0.001051130 -0.028909626
v -0.016973018 -0.001072421 -0.028909626
v -0.017053844 -0.001087714 -0.028909626
v -0.017135587 -0.001096924 -0.028909626
v -0.017217791 -0.001100000 -0.028909626
v -0.017299994 -0.001096924 -0.028909626
v -0.017381737 -0.001087714 -0.028909626
v -0.017462564 -0.001072421 -0.028909626
v -0.017542021 -0.001051130 -0.028909626
v -0.017619666 -0.001023961 -0.028909626
v -0.017695063 -0.000991066 -0.028909626
v -0.017767791 -0.000952628 -0.028909626
v -0.017837443 -0.000908863 -0.028909626
v -0.017903629 -0.000860015 -0.028909626
v -0.017965981 -0.000806357 -0.028909626
v -0.018024148 -0.000748190 -0.028909626
v -0.018077805 -0.000685839 -0.028909626
v -0.018126653 -0.000619652 -0.028909626
v -0.018170419 -0.000550000 -0.028909626
v -0.018208856 -0.000477272 -0.028909626
v -0.018241752 -0.000401875 -0.028909626
v -0.018268921 -0.000324231 -0.028909626
v -0.018290211 -0.000244773 -0.028909626
v -0.018305504 -0.000163946 -0.028909626
v -0.018314715 -0.000082203 -0.028909626
v -0.016117791 0.000000000 -0.027409626
v -0.016120866 -0.000082203 -0.027409626
v -0.016130077 -0.000163946 -0.027409626
v -0.016145370 -0.000244773 -0.027409626
v -0.016166660 -0.000324231 -0.027409626
v -0.016193829 -0.000401875 -0.027409626
v -0.016226725 -0.000477272 -0.027409626
v -0.016265163 -0.000550000 -0.027409626
v -0.016308928 -0.000619652 -0.027409626
v -0.016357776 -0.000685839 -0.027409626
v -0.016411433 -0.000748190 -0.027409626
v -0.016469601 -0.000806357 -0.027409626
v -0.016531952 -0.000860015 -0.027409626
v -0.016598138 -0.000908863 -0.027409626
v -0.016667791 -0.000952628 -0.027409626
v -0.016740518 -0.000991066 -0.027409626
v -0.016815915 -0.001023961 -0.027409626
v -0.016893560 -0.001051130 -0.027409626
v -0.016973018 -0.001072421 -0.027409626
v -0.017053844 -0.001087714 -0.027409626
v -0.017135587 -0.001096924 -0.027409626
v -0.017217791 -0.001100000 -0.027409626
v -0.017299994 -0.001096924 -0.027409626
v -0.017381737 -0.001087714 -0.027409626
v -0.017462564 -0.001072421 -0.027409626
v -0.017542021 -0.001051130 -0.027409626
v -0.017619666 -0.001023961 -0.027409626
v -0.017695063 -0.000991066 -0.027409626
v -0.017767791 -0.000952628 -0.027409626
v -0.017837443 -0.000908863 -0.027409626
v -0.017903629 -0.000860015 -0.027409626
v -0.017965981 -0.000806357 -0.027409626
v -0.018024148 -0.000748190 -0.027409626
v -0.018077805 -0.000685839 -0.027409626
v -0.018126653 -0.000619652 -0.027409626
v -0.018170419 -0.000550000 -0.027409626
v -0.018208856 -0.000477272 -0.027409626
v -0.018241752 -0.000401875 -0.027409626
v -0.018268921 -0.000324231 -0.027409626
v -0.018290211 -0.000244773 -0.027409626
v -0.018305504 -0.000163946 -0.027409626
v -0.018314715 -0.000082203 -0.027409626
v -0.030317791 0.000000000 -0.027409626
v -0.030317791 0.000000000 -0.028909626
v -0.028117791 0.000000000 -0.028909626
v -0.028120866 -0.000082203 -0.028909626
v -0.028130077 -0.000163946 -0.028909626
v -0.028145370 -0.000244773 -0.028909626
v -0.028166660 -0.000324231 -0.028909626
v -0.028193829 -0.000401875 -0.028909626
v -0.028226725 -0.000477272 -0.028909626
v -0.028265163 -0.000550000 -0.028909626
v -0.028308928 -0.000619652 -0.028909626
v -0.028357776 -0.000685839 -0.028909626
v -0.028411433 -0.000748190 -0.028909626
v -0.028469601 -0.000806357 -0.028909626
v -0.028531952 -0.000860015 -0.028909626
v -0.028598138 -0.000908863 -0.028909626
v -0.028667791 -0.000952628 -0.028909626
v -0.028740518 -0.000991066 -0.028909626
v -0.028815915 -0.001023961 -0.028909626
v -0.028893560 -0.001051130 -0.028909626
v -0.028973018 -0.001072421 -0.028909626
v -0.029053844 -0.001087714 -0.028909626
v -0.029135587 -0.001096924 -0.028909626
v -0.029217791 -0.001100000 -0.028909626
v -0.029299994 -0.001096924 -0.028909626
v -0.029381737 -0.001087714 -0.028909626
v -0.029462564 -0.001072421 -0.028909626
v -0.029542021 -0.001051130 -0.028909626
v -0.029619666 -0.001023961 -0.028909626
v -0.029695063 -0.000991066 -0.028909626
v -0.029767791 -0.000952628 -0.028909626
v -0.029837443 -0.000908863 -0.028909626
v -0.029903629 -0.000860015 -0.028909626
v -0.029965981 -0.000806357 -0.028909626
v -0.030024148 -0.000748190 -0.028909626
v -0.030077805 -0.000685839 -0.028909626
v -0.030126653 -0.000619652 -0.028909626
v -0.030170419 -0.000550000 -0.028909626
v -0.030208856 -0.000477272 -0.028909626
v -0.030241752 -0.000401875 -0.028909626
v -0.030268921 -0.000324231 -0.028909626
v -0.030290211 -0.000244773 -0.028909626
v -0.030305504 -0.000163946 -0.028909626
v -0.030314715 -0.000082203 -0.028909626
v -0.028117791 0.000000000 -0.027409626
v -0.028120866 -0.000082203 -0.027409626
v -0.028130077 -0.000163946 -0.027409626
v -0.028145370 -0.000244773 -0.027409626
v -0.028166660 -0.000324231 -0.027409626
v -0.028193829 -0.000401875 -0.027409626
v -0.028226725 -0.000477272 -0.027409626
v -0.028265163 -0.000550000 -0.027409626
v -0.028308928 -0.000619652 -0.027409626
v -0.028357776 -0.000685839 -0.027409626
v -0.028411433 -0.000748190 -0.027409626
v -0.028469601 -0.000806357 -0.027409626
v -0.028531952 -0.000860015 -0.027409626
v -0.028598138 -0.000908863 -0.027409626
v -0.028667791 -0.000952628 -0.027409626
v -0.028740518 -0.000991066 -0.027409626
v -0.028815915 -0.001023961 -0.027409626
v -0.028893560 -0.001051130 -0.027409626
v -0.028973018 -0.001072421 -0.027409626
v -0.029053844 -0.001087714 -0.027409626
v -0.029135587 -0.001096924 -0.027409626
v -0.029217791 -0.001100000 -0.027409626
v -0.029299994 -0.001096924 -0.027409626
v -0.029381737 -0.001087714 -0.027409626
v -0.029462564 -0.001072421 -0.027409626
v -0.029542021 -0.001051130 -0.027409626
v -0.029619666 -0.001023961 -0.027409626
v -0.029695063 -0.000991066 -0.027409626
v -0.029767791 -0.000952628 -0.027409626
v -0.029837443 -0.000908863 -0.027409626
v -0.029903629 -0.000860015 -0.027409626
v -0.029965981 -0.000806357 -0.027409626
v -0.030024148 -0.000748190 -0.027409626
v -0.030077805 -0.000685839 -0.027409626
v -0.030126653 -0.000619652 -0.027409626
v -0.030170419 -0.000550000 -0.027409626
v -0.030208856 -0.000477272 -0.027409626
v -0.030241752 -0.000401875 -0.027409626
v -0.030268921 -0.000324231 -0.027409626
v -0.030290211 -0.000244773 -0.027409626
v -0.030305504 -0.000163946 -0.027409626
v -0.030314715 -0.000082203 -0.027409626
v -0.030217791 -0.007500000 0.041090374
v -0.030223383 -0.007500000 0.040940913
v -0.030240129 -0.007500000 0.040792289
v -0.030267935 -0.007500000 0.040645332
v -0.030306645 -0.007500000 0.040500863
v -0.030356043 -0.007500000 0.040359692
v -0.030415853 -0.007500000 0.040222606
v -0.030485740 -0.007500000 0.040090374
v -0.030565313 -0.007500000 0.039963733
v -0.030654128 -0.007500000 0.039843394
v -0.030751687 -0.007500000 0.039730028
v -0.030857445 -0.007500000 0.039624270
v -0.030970811 -0.007500000 0.039526711
v -0.031091150 -0.007500000 0.039437896
v -0.031217791 -0.007500000 0.039358323
v -0.031350023 -0.007500000 0.039288436
v -0.031487109 -0.007500000 0.039228626
v -0.031628280 -0.007500000 0.039179228
v -0.031772749 -0.007500000 0.039140518
v -0.031919706 -0.007500000 0.039112712
v -0.032068330 -0.007500000 0.039095966
v -0.032217791 -0.007500000 0.039090374
v -0.047217791 -0.007500000 0.039090374
v -0.050217791 -0.007500000 0.036090374
v -0.050217791 -0.007500000 0.019090374
v -0.050027830 -0.007500000 0.018971014
v -0.049847321 -0.007500000 0.018837792
v -0.049677272 -0.007500000 0.018691453
v -0.049518635 -0.007500000 0.018532816
v -0.049372296 -0.007500000 0.018362767
v -0.049239074 -0.007500000 0.018182258
v -0.049119714 -0.007500000 0.017992297
v -0.049014884 -0.007500000 0.017793949
v -0.048925169 -0.007500000 0.017588320
v -0.048851072 -0.007500000 0.017376563
v -0.048793007 -0.007500000 0.017159860
v -0.048751298 -0.007500000 0.016939424
v -0.048726179 -0.007500000 0.016716488
v -0.048717791 -0.007500000 0.016492297
v -0.048717791 -0.007500000 -0.013311550
v -0.048726179 -0.007500000 -0.013535741
v -0.048751298 -0.007500000 -0.013758677
v -0.048793007 -0.007500000 -0.013979113
v -0.048851072 -0.007500000 -0.014195816
v -0.048925169 -0.007500000 -0.014407573
v -0.049014884 -0.007500000 -0.014613201
v -0.049119714 -0.007500000 -0.014811550
v -0.049239074 -0.007500000 -0.015001510
v -0.049372296 -0.007500000 -0.015182020
v -0.049518635 -0.007500000 -0.015352068
v -0.049677272 -0.007500000 -0.015510706
v -0.049847321 -0.007500000 -0.015657045
v -0.050027830 -0.007500000 -0.015790267
v -0.050217791 -0.007500000 -0.015909626
v -0.050217791 -0.007500000 -0.027909626
v -0.050211367 -0.007500000 -0.028105836
v -0.050192125 -0.007500000 -0.028301205
v -0.050160146 -0.007500000 -0.028494897
v -0.050115568 -0.007500000 -0.028686084
v -0.050051493 -0.007500000 -0.028894578
v -0.049972439 -0.007500000 -0.029097866
v -0.049878823 -0.007500000 -0.029294872
v -0.049771141 -0.007500000 -0.029484556
v -0.049649961 -0.007500000 -0.029665915
v -0.049515924 -0.007500000 -0.029837989
v -0.049369739 -0.007500000 -0.029999870
v -0.049212178 -0.007500000 -0.030150702
v -0.049044075 -0.007500000 -0.030289686
v -0.048866317 -0.007500000 -0.030416090
v -0.048679846 -0.007500000 -0.030529244
v -0.048485645 -0.007500000 -0.030628550
v -0.048284743 -0.007500000 -0.030713483
v -0.048078200 -0.007500000 -0.030783595
v -0.047867109 -0.007500000 -0.030838514
v -0.047652586 -0.007500000 -0.030877951
v -0.047435764 -0.007500000 -0.030901697
v -0.047217791 -0.007500000 -0.030909626
v -0.040717791 -0.007500000 -0.030909626
v -0.040598431 -0.007500000 -0.030719666
v -0.040465209 -0.007500000 -0.030539157
v -0.040318870 -0.007500000 -0.030369108
v -0.040160233 -0.007500000 -0.030210471
v -0.039990184 -0.007500000 -0.030064132
v -0.039809675 -0.007500000 -0.029930910
v -0.039619714 -0.007500000 -0.029811550
v -0.039421366 -0.007500000 -0.029706720
v -0.039215737 -0.007500000 -0.029617005
v -0.039003980 -0.007500000 -0.029542908
v -0.038787277 -0.007500000 -0.029484843
v -0.038566841 -0.007500000 -0.029443134
v -0.038343905 -0.007500000 -0.029418015
v -0.038119714 -0.007500000 -0.029409626
v -0.008315867 -0.007500000 -0.029409626
v -0.008091676 -0.007500000 -0.029418015
v -0.007868740 -0.007500000 -0.029443134
v -0.007648304 -0.007500000 -0.029484843
v -0.007431601 -0.007500000 -0.029542908
v -0.007219844 -0.007500000 -0.029617005
v -0.007014216 -0.007500000 -0.029706720
v -0.006815867 -0.007500000 -0.029811550
v -0.006625907 -0.007500000 -0.029930910
v -0.006445397 -0.007500000 -0.030064132
v -0.006275349 -0.007500000 -0.030210471
v -0.006116711 -0.007500000 -0.030369108
v -0.005970372 -0.007500000 -0.030539157
v -0.005837150 -0.007500000 -0.030719666
v -0.005717791 -0.007500000 -0.030909626
v -0.003544084 -0.007500000 -0.030909626
v -0.003245734 -0.007500000 -0.030920769
v -0.002949045 -0.007500000 -0.030954133
v -0.002655671 -0.007500000 -0.031009534
v -0.002367247 -0.007500000 -0.031086662
v -0.002085379 -0.007500000 -0.031185089
v -0.001811638 -0.007500000 -0.031304265
v -0.001547548 -0.007500000 -0.031443527
v -0.001294581 -0.007500000 -0.031602099
v -0.001054147 -0.007500000 -0.031779098
v -0.000827583 -0.007500000 -0.031973537
v -0.000616154 -0.007500000 -0.032184333
v -0.000421037 -0.007500000 -0.032410312
v -0.000243318 -0.007500000 -0.032650215
v -0.000083988 -0.007500000 -0.032902705
v 0.000056065 -0.007500000 -0.033166376
v 0.000176062 -0.007500000 -0.033439759
v 0.011599165 -0.007500000 -0.062350941
v 0.011657561 -0.007500000 -0.062484316
v 0.011725506 -0.007500000 -0.062613090
v 0.011802639 -0.007500000 -0.062736579
v 0.011888552 -0.007500000 -0.062854129
v 0.011982789 -0.007500000 -0.062965118
v 0.012084851 -0.007500000 -0.063068956
v 0.012194197 -0.007500000 -0.063165094
v 0.012310247 -0.007500000 -0.063253023
v 0.012432386 -0.007500000 -0.063332276
v 0.012559968 -0.007500000 -0.063402432
v 0.012692316 -0.007500000 -0.063463122
v 0.012828728 -0.007500000 -0.063514021
v 0.012968482 -0.007500000 -0.063554862
v 0.013110836 -0.007500000 -0.063585428
v 0.013255037 -0.007500000 -0.063605556
v 0.013400320 -0.007500000 -0.063615139
v 0.013545916 -0.007500000 -0.063614128
v 0.013691052 -0.007500000 -0.063602528
v 0.013834960 -0.007500000 -0.063580399
v 0.013976876 -0.007500000 -0.063547859
v 0.015760720 -0.007500000 -0.063069880
v 0.016467826 -0.007500000 -0.061845135
v 0.016484467 -0.007500000 -0.061918042
v 0.016495613 -0.007500000 -0.061991989
v 0.016501201 -0.007500000 -0.062066563
v 0.016501201 -0.007500000 -0.062141345
v 0.016495613 -0.007500000 -0.062215918
v 0.016484467 -0.007500000 -0.062289865
v 0.016467826 -0.007500000 -0.062362773
v 0.016445784 -0.007500000 -0.062434233
v 0.016418463 -0.007500000 -0.062503846
v 0.016386016 -0.007500000 -0.062571222
v 0.016348625 -0.007500000 -0.062635986
v 0.016306498 -0.007500000 -0.062697774
v 0.016259872 -0.007500000 -0.062756241
v 0.016209007 -0.007500000 -0.062811061
v 0.016154188 -0.007500000 -0.062861926
v 0.016095721 -0.007500000 -0.062908552
v 0.016033933 -0.007500000 -0.062950678
v 0.015969169 -0.007500000 -0.062988069
v 0.015901793 -0.007500000 -0.063020516
v 0.015832180 -0.007500000 -0.063047837
v 0.016130396 -0.007500000 -0.060585828
v 0.016113932 -0.007500000 -0.060513853
v 0.016102824 -0.007500000 -0.060440859
v 0.016097132 -0.007500000 -0.060367245
v 0.016096886 -0.007500000 -0.060293411
v 0.016102089 -0.007500000 -0.060219761
v 0.016112713 -0.007500000 -0.060146695
v 0.016128698 -0.007500000 -0.060074613
v 0.016149958 -0.007500000 -0.060003906
v 0.016176377 -0.007500000 -0.059934960
v 0.016207811 -0.007500000 -0.059868152
v 0.016244089 -0.007500000 -0.059803845
v 0.016285013 -0.007500000 -0.059742390
v 0.016330360 -0.007500000 -0.059684123
v 0.016379882 -0.007500000 -0.059629360
v 0.016433310 -0.007500000 -0.059578400
v 0.016490352 -0.007500000 -0.059531521
v 0.016550698 -0.007500000 -0.059488978
v 0.016614018 -0.007500000 -0.059451005
v 0.016679967 -0.007500000 -0.059417806
v 0.016748187 -0.007500000 -0.059389564
v 0.016818303 -0.007500000 -0.059366433
v 0.016889936 -0.007500000 -0.059348538
v 0.016962694 -0.007500000 -0.059335977
v 0.017036180 -0.007500000 -0.059328819
v 0.017109994 -0.007500000 -0.059327102
v 0.017183733 -0.007500000 -0.059330836
v 0.017256996 -0.007500000 -0.059340001
v 0.017329383 -0.007500000 -0.059354547
v 0.017400500 -0.007500000 -0.059374393
v 0.017469958 -0.007500000 -0.059399433
v 0.017537379 -0.007500000 -0.059429530
v 0.017602396 -0.007500000 -0.059464519
v 0.017664655 -0.007500000 -0.059504210
v 0.017723815 -0.007500000 -0.059548386
v 0.017779554 -0.007500000 -0.059596807
v 0.017831568 -0.007500000 -0.059649209
v 0.017879575 -0.007500000 -0.059705306
v 0.017923311 -0.007500000 -0.059764791
v 0.017962540 -0.007500000 -0.059827342
v 0.019660956 -0.007500000 -0.061525759
v 0.020497473 -0.007500000 -0.061042796
v 0.020505793 -0.007500000 -0.061079249
v 0.020511366 -0.007500000 -0.061116223
v 0.020514160 -0.007500000 -0.061153510
v 0.020514160 -0.007500000 -0.061190901
v 0.020511366 -0.007500000 -0.061228188
v 0.020505793 -0.007500000 -0.061265161
v 0.020497473 -0.007500000 -0.061301615
v 0.020486451 -0.007500000 -0.061337345
v 0.020472791 -0.007500000 -0.061372151
v 0.020456567 -0.007500000 -0.061405840
v 0.020437872 -0.007500000 -0.061438221
v 0.020416809 -0.007500000 -0.061469115
v 0.020393495 -0.007500000 -0.061498349
v 0.020368063 -0.007500000 -0.061525759
v 0.020340653 -0.007500000 -0.061551191
v 0.020311420 -0.007500000 -0.061574504
v 0.020280526 -0.007500000 -0.061595567
v 0.020248144 -0.007500000 -0.061614263
v 0.020214456 -0.007500000 -0.061630486
v 0.020179649 -0.007500000 -0.061644147
v 0.020143919 -0.007500000 -0.061655168
v 0.020107465 -0.007500000 -0.061663489
v 0.020070492 -0.007500000 -0.061669061
v 0.020033205 -0.007500000 -0.061671856
v 0.019995814 -0.007500000 -0.061671856
v 0.019958527 -0.007500000 -0.061669061
v 0.019921554 -0.007500000 -0.061663489
v 0.019885100 -0.007500000 -0.061655168
v 0.019849370 -0.007500000 -0.061644147
v 0.019814564 -0.007500000 -0.061630486
v 0.019780875 -0.007500000 -0.061614263
v 0.019748494 -0.007500000 -0.061595567
v 0.019717600 -0.007500000 -0.061574504
v 0.019688366 -0.007500000 -0.061551191
v 0.019452905 -0.007500000 -0.057144417
v 0.018038692 -0.007500000 -0.055730204
v 0.017072766 -0.007500000 -0.055989023
v 0.016926951 -0.007500000 -0.056022304
v 0.016779057 -0.007500000 -0.056044596
v 0.016629910 -0.007500000 -0.056055773
v 0.016480345 -0.007500000 -0.056055773
v 0.016331199 -0.007500000 -0.056044596
v 0.016183304 -0.007500000 -0.056022304
v 0.016037490 -0.007500000 -0.055989023
v 0.015894570 -0.007500000 -0.055944938
v 0.015755344 -0.007500000 -0.055890296
v 0.015620590 -0.007500000 -0.055825402
v 0.015491064 -0.007500000 -0.055750619
v 0.015367487 -0.007500000 -0.055666367
v 0.015250553 -0.007500000 -0.055573115
v 0.015140914 -0.007500000 -0.055471385
v 0.015039184 -0.007500000 -0.055361746
v 0.014945932 -0.007500000 -0.055244811
v 0.014861679 -0.007500000 -0.055121235
v 0.014786897 -0.007500000 -0.054991708
v 0.014722003 -0.007500000 -0.054856955
v 0.014667361 -0.007500000 -0.054717729
v 0.014623276 -0.007500000 -0.054574809
v 0.003261120 -0.007500000 -0.012170665
v 0.001425861 -0.007500000 -0.012662422
v -0.001239975 -0.007500000 -0.002713386
v 0.004941950 -0.007500000 -0.001056944
v 0.004683131 -0.007500000 -0.000091018
v 0.000336465 -0.007500000 -0.001255704
v -0.014301181 -0.007500000 0.053372735
v -0.014333904 -0.007500000 0.053515611
v -0.014356075 -0.007500000 0.053660499
v -0.014367575 -0.007500000 0.053806622
v -0.014368343 -0.007500000 0.053953195
v -0.014358374 -0.007500000 0.054099430
v -0.014337721 -0.007500000 0.054244543
v -0.014306496 -0.007500000 0.054387753
v -0.014264867 -0.007500000 0.054528292
v -0.014213056 -0.007500000 0.054665405
v -0.014151343 -0.007500000 0.054798355
v -0.014080058 -0.007500000 0.054926428
v -0.013999585 -0.007500000 0.055048936
v -0.013910356 -0.007500000 0.055165222
v -0.013812850 -0.007500000 0.055274660
v -0.013707591 -0.007500000 0.055376663
v -0.013595144 -0.007500000 0.055470684
v -0.013476113 -0.007500000 0.055556216
v -0.013351137 -0.007500000 0.055632801
v -0.013220888 -0.007500000 0.055700028
v -0.013086066 -0.007500000 0.055757534
v -0.012947393 -0.007500000 0.055805013
v -0.012805616 -0.007500000 0.055842207
v -0.012661496 -0.007500000 0.055868918
v -0.012515806 -0.007500000 0.055885003
v -0.012369330 -0.007500000 0.055890374
v -0.005833218 -0.007500000 0.055890374
v -0.005833218 -0.007500000 0.059090374
v -0.020367791 -0.007500000 0.059090374
v -0.020967791 -0.007500000 0.058490374
v -0.020967791 -0.007500000 0.054890374
v -0.023967791 -0.007500000 0.054890374
v -0.023967791 -0.007500000 0.058490374
v -0.024567791 -0.007500000 0.059090374
v -0.026689363 -0.007500000 0.059090374
v -0.028103577 -0.007500000 0.058504587
v -0.027999085 -0.007500000 0.058601873
v -0.027887919 -0.007500000 0.058691456
v -0.027770645 -0.007500000 0.058772881
v -0.027647861 -0.007500000 0.058845732
v -0.027520193 -0.007500000 0.058909638
v -0.027388292 -0.007500000 0.058964273
v -0.027252829 -0.007500000 0.059009360
v -0.027114494 -0.007500000 0.059044667
v -0.026973993 -0.007500000 0.059070016
v -0.026832042 -0.007500000 0.059085278
v -0.029632004 -0.007500000 0.056976160
v -0.030217791 -0.007500000 0.055561946
v -0.030212695 -0.007500000 0.055704625
v -0.030197433 -0.007500000 0.055846576
v -0.030172084 -0.007500000 0.055987077
v -0.030136777 -0.007500000 0.056125412
v -0.030091690 -0.007500000 0.056260875
v -0.030037055 -0.007500000 0.056392776
v -0.029973149 -0.007500000 0.056520444
v -0.029900298 -0.007500000 0.056643228
v -0.029818873 -0.007500000 0.056760502
v -0.029729290 -0.007500000 0.056871668
v -0.013719808 -0.007500000 0.030666508
v -0.013510354 -0.007500000 0.030584790
v -0.013307608 -0.007500000 0.030487616
v -0.013112709 -0.007500000 0.030375531
v -0.012926751 -0.007500000 0.030249164
v -0.012750779 -0.007500000 0.030109225
v -0.012585782 -0.007500000 0.029956501
v -0.012432686 -0.007500000 0.029791849
v -0.012292350 -0.007500000 0.029616194
v -0.012165564 -0.007500000 0.029430522
v -0.012053038 -0.007500000 0.029235876
v -0.011955406 -0.007500000 0.029033350
v -0.011873216 -0.007500000 0.028824081
v -0.011806929 -0.007500000 0.028609244
v -0.008301942 -0.007500000 0.015528457
v -0.008260374 -0.007500000 0.015346366
v -0.008232517 -0.007500000 0.015161680
v -0.008218525 -0.007500000 0.014975429
v -0.008218478 -0.007500000 0.014788654
v -0.008232375 -0.007500000 0.014602396
v -0.008260139 -0.007500000 0.014417696
v -0.008301615 -0.007500000 0.014235584
v -0.008356571 -0.007500000 0.014057077
v -0.008424701 -0.007500000 0.013883171
v -0.008505624 -0.007500000 0.013714836
v -0.008598889 -0.007500000 0.013553013
v -0.008703975 -0.007500000 0.013398605
v -0.008820296 -0.007500000 0.013252473
v -0.008947201 -0.007500000 0.013115433
v -0.009083984 -0.007500000 0.012988250
v -0.009229880 -0.007500000 0.012871634
v -0.009384076 -0.007500000 0.012766235
v -0.009545710 -0.007500000 0.012672643
v -0.009713880 -0.007500000 0.012591379
v -0.009887648 -0.007500000 0.012522898
v -0.010066044 -0.007500000 0.012467580
v -0.010248071 -0.007500000 0.012425736
v -0.010432715 -0.007500000 0.012397598
v -0.010618944 -0.007500000 0.012383324
v -0.010805719 -0.007500000 0.012382993
v -0.010991998 -0.007500000 0.012396607
v -0.011176740 -0.007500000 0.012424091
v -0.011358915 -0.007500000 0.012465290
v -0.011537505 -0.007500000 0.012519975
v -0.044538539 -0.007500000 0.023989927
v -0.044707949 -0.007500000 0.024055804
v -0.044872125 -0.007500000 0.024133815
v -0.045030199 -0.007500000 0.024223550
v -0.045181335 -0.007500000 0.024324532
v -0.045324734 -0.007500000 0.024436229
v -0.045459638 -0.007500000 0.024558050
v -0.045585335 -0.007500000 0.024689351
v -0.045701159 -0.007500000 0.024829438
v -0.045806498 -0.007500000 0.024977571
v -0.045900795 -0.007500000 0.025132965
v -0.045983553 -0.007500000 0.025294801
v -0.046054333 -0.007500000 0.025462222
v -0.046112761 -0.007500000 0.025634343
v -0.046158529 -0.007500000 0.025810255
v -0.046191394 -0.007500000 0.025989027
v -0.046211183 -0.007500000 0.026169714
v -0.046217791 -0.007500000 0.026351362
v -0.046217791 -0.007500000 0.034590374
v -0.046212198 -0.007500000 0.034739834
v -0.046195452 -0.007500000 0.034888458
v -0.046167646 -0.007500000 0.035035415
v -0.046128936 -0.007500000 0.035179884
v -0.046079538 -0.007500000 0.035321056
v -0.046019728 -0.007500000 0.035458141
v -0.045949841 -0.007500000 0.035590374
v -0.045870268 -0.007500000 0.035717014
v -0.045781454 -0.007500000 0.035837353
v -0.045683894 -0.007500000 0.035950719
v -0.045578136 -0.007500000 0.036056477
v -0.045464770 -0.007500000 0.036154037
v -0.045344431 -0.007500000 0.036242851
v -0.045217791 -0.007500000 0.036322424
v -0.045085558 -0.007500000 0.036392311
v -0.044948473 -0.007500000 0.036452121
v -0.044807301 -0.007500000 0.036501519
v -0.044662832 -0.007500000 0.036540229
v -0.044515875 -0.007500000 0.036568035
v -0.044367251 -0.007500000 0.036584781
v -0.044217791 -0.007500000 0.036590374
v -0.031270277 -0.007500000 0.036590374
v -0.031069725 -0.007500000 0.036583663
v -0.030870071 -0.007500000 0.036563560
v -0.030672206 -0.007500000 0.036530154
v -0.030477018 -0.007500000 0.036483597
v -0.030285379 -0.007500000 0.036424095
v -0.013562892 -0.007500000 0.037094442
v -0.013529638 -0.007500000 0.036948769
v -0.013507352 -0.007500000 0.036801020
v -0.013496159 -0.007500000 0.036652020
v -0.013496121 -0.007500000 0.036502600
v -0.013507239 -0.007500000 0.036353593
v -0.013529450 -0.007500000 0.036205833
v -0.013562631 -0.007500000 0.036060144
v -0.013606596 -0.007500000 0.035917338
v -0.013661100 -0.007500000 0.035778213
v -0.013725838 -0.007500000 0.035643545
v -0.013800450 -0.007500000 0.035514087
v -0.013884519 -0.007500000 0.035390560
v -0.013977575 -0.007500000 0.035273655
v -0.014079100 -0.007500000 0.035164023
v -0.014188526 -0.007500000 0.035062276
v -0.014305243 -0.007500000 0.034968983
v -0.014428599 -0.007500000 0.034884665
v -0.014557906 -0.007500000 0.034809791
v -0.014692443 -0.007500000 0.034744780
v -0.014831457 -0.007500000 0.034689994
v -0.014974173 -0.007500000 0.034645740
v -0.015119796 -0.007500000 0.034612265
v -0.015267511 -0.007500000 0.034589755
v -0.015416494 -0.007500000 0.034578335
v -0.015565914 -0.007500000 0.034578071
v -0.015714937 -0.007500000 0.034588962
v -0.015862730 -0.007500000 0.034610949
v -0.016008470 -0.007500000 0.034643908
v -0.016151343 -0.007500000 0.034687656
v -0.025702688 -0.007500000 0.038007355
v -0.025905981 -0.007500000 0.038086407
v -0.026102992 -0.007500000 0.038180021
v -0.026292680 -0.007500000 0.038287702
v -0.026474044 -0.007500000 0.038408881
v -0.026646123 -0.007500000 0.038542917
v -0.026808008 -0.007500000 0.038689102
v -0.026958844 -0.007500000 0.038846664
v -0.027097832 -0.007500000 0.039014768
v -0.027224239 -0.007500000 0.039192527
v -0.027337396 -0.007500000 0.039379001
v -0.027436705 -0.007500000 0.039573203
v -0.027521641 -0.007500000 0.039774108
v -0.027591755 -0.007500000 0.039980654
v -0.027646676 -0.007500000 0.040191748
v -0.027686115 -0.007500000 0.040406274
v -0.027709861 -0.007500000 0.040623099
v -0.027717791 -0.007500000 0.040841076
v -0.027717791 -0.007500000 0.049890374
v -0.027709402 -0.007500000 0.050114564
v -0.027684283 -0.007500000 0.050337500
v -0.027642574 -0.007500000 0.050557936
v -0.027584509 -0.007500000 0.050774639
v -0.027510412 -0.007500000 0.050986397
v -0.027420697 -0.007500000 0.051192025
v -0.027315867 -0.007500000 0.051390374
v -0.027196507 -0.007500000 0.051580334
v -0.027063285 -0.007500000 0.051760843
v -0.026916946 -0.007500000 0.051930892
v -0.026758309 -0.007500000 0.052089529
v -0.026588260 -0.007500000 0.052235868
v -0.026407751 -0.007500000 0.052369090
v -0.026217791 -0.007500000 0.052488450
v -0.026019442 -0.007500000 0.052593280
v -0.025813814 -0.007500000 0.052682995
v -0.025602056 -0.007500000 0.052757092
v -0.025385353 -0.007500000 0.052815157
v -0.025164917 -0.007500000 0.052856866
v -0.024941981 -0.007500000 0.052881985
v -0.024717791 -0.007500000 0.052890374
v -0.020097380 -0.007500000 0.052890374
v -0.019879407 -0.007500000 0.052882444
v -0.019662585 -0.007500000 0.052858698
v -0.019448062 -0.007500000 0.052819262
v -0.019236971 -0.007500000 0.052764342
v -0.019030428 -0.007500000 0.052694230
v -0.018829526 -0.007500000 0.052609297
v -0.018635325 -0.007500000 0.052509991
v -0.018448854 -0.007500000 0.052396837
v -0.018271096 -0.007500000 0.052270434
v -0.018102993 -0.007500000 0.052131449
v -0.017945432 -0.007500000 0.051980617
v -0.017799247 -0.007500000 0.051818736
v -0.017665210 -0.007500000 0.051646662
v -0.017544030 -0.007500000 0.051465303
v -0.017436348 -0.007500000 0.051275619
v -0.017342732 -0.007500000 0.051078613
v -0.017263678 -0.007500000 0.050875325
v -0.017199603 -0.007500000 0.050666831
v 0.000869898 -0.007500000 -0.020633169
v 0.000918983 -0.007500000 -0.020847482
v 0.000952239 -0.007500000 -0.021064815
v 0.000969489 -0.007500000 -0.021283999
v 0.000970640 -0.007500000 -0.021503859
v 0.000955686 -0.007500000 -0.021723212
v 0.000924708 -0.007500000 -0.021940881
v 0.000877870 -0.007500000 -0.022155696
v 0.000815426 -0.007500000 -0.022366504
v 0.000737710 -0.007500000 -0.022572173
v 0.000645140 -0.007500000 -0.022771598
v 0.000538214 -0.007500000 -0.022963707
v 0.000417504 -0.007500000 -0.023147470
v 0.000283660 -0.007500000 -0.023321898
v 0.000137401 -0.007500000 -0.023486056
v -0.000020487 -0.007500000 -0.023639061
v -0.000189158 -0.007500000 -0.023780091
v -0.000367705 -0.007500000 -0.023908390
v -0.000555168 -0.007500000 -0.024023268
v -0.000750541 -0.007500000 -0.024124108
v -0.000952775 -0.007500000 -0.024210368
v -0.001160784 -0.007500000 -0.024281585
v -0.001373450 -0.007500000 -0.024337377
v -0.001589630 -0.007500000 -0.024377443
v -0.001808165 -0.007500000 -0.024401570
v -0.002027879 -0.007500000 -0.024409626
v -0.033719466 -0.007500000 -0.024409626
v -0.034015364 -0.007500000 -0.024398667
v -0.034309640 -0.007500000 -0.024365849
v -0.034600682 -0.007500000 -0.024311351
v -0.034886895 -0.007500000 -0.024235474
v -0.035166712 -0.007500000 -0.024138632
v -0.035438597 -0.007500000 -0.024021356
v -0.035701063 -0.007500000 -0.023884288
v -0.035952669 -0.007500000 -0.023728181
v -0.036192039 -0.007500000 -0.023553888
v -0.036417859 -0.007500000 -0.023362366
v -0.036628893 -0.007500000 -0.023154664
v -0.036823984 -0.007500000 -0.022931920
v -0.037002064 -0.007500000 -0.022695354
v -0.037162155 -0.007500000 -0.022446264
v -0.037303382 -0.007500000 -0.022186013
v -0.037424969 -0.007500000 -0.021916028
v -0.037526252 -0.007500000 -0.021637788
v -0.037606674 -0.007500000 -0.021352818
v -0.037665796 -0.007500000 -0.021062680
v -0.037703293 -0.007500000 -0.020768963
v -0.037718959 -0.007500000 -0.020473277
v -0.037712710 -0.007500000 -0.020177243
v -0.037684579 -0.007500000 -0.019882482
v -0.037634720 -0.007500000 -0.019590609
v -0.037563406 -0.007500000 -0.019303225
v -0.037471029 -0.007500000 -0.019021903
v -0.037358094 -0.007500000 -0.018748185
v -0.037225220 -0.007500000 -0.018483572
v -0.037073136 -0.007500000 -0.018229513
v -0.036902675 -0.007500000 -0.017987401
v -0.036714771 -0.007500000 -0.017758561
v -0.036510453 -0.007500000 -0.017544249
v -0.036290842 -0.007500000 -0.017345638
v -0.036057140 -0.007500000 -0.017163817
v -0.009409379 -0.007500000 0.002028242
v -0.009223705 -0.007500000 0.002151786
v -0.009029366 -0.007500000 0.002261196
v -0.008827436 -0.007500000 0.002355865
v -0.008619032 -0.007500000 0.002435272
v -0.008405304 -0.007500000 0.002498978
v -0.008187433 -0.007500000 0.002546630
v -0.007966625 -0.007500000 0.002577965
v -0.007744100 -0.007500000 0.002592809
v -0.007521086 -0.007500000 0.002591082
v -0.007298817 -0.007500000 0.002572792
v -0.007078521 -0.007500000 0.002538041
v -0.006861415 -0.007500000 0.002487019
v -0.006648700 -0.007500000 0.002420011
v -0.006441550 -0.007500000 0.002337385
v -0.006241111 -0.007500000 0.002239599
v -0.006048490 -0.007500000 0.002127192
v -0.005864752 -0.007500000 0.002000787
v -0.005690912 -0.007500000 0.001861081
v -0.005527931 -0.007500000 0.001708847
v -0.005376709 -0.007500000 0.001544926
v -0.005238083 -0.007500000 0.001370223
v -0.005112819 -0.007500000 0.001185705
v -0.005001608 -0.007500000 0.000992392
v -0.004905065 -0.007500000 0.000791350
v -0.004823725 -0.007500000 0.000583693
v -0.004758036 -0.007500000 0.000370566
v -0.040464535 -0.007500000 -0.016641005
v -0.040650213 -0.007500000 -0.016764518
v -0.040844552 -0.007500000 -0.016873896
v -0.041046479 -0.007500000 -0.016968537
v -0.041254879 -0.007500000 -0.017047915
v -0.041468600 -0.007500000 -0.017111594
v -0.041686460 -0.007500000 -0.017159221
v -0.041907257 -0.007500000 -0.017190533
v -0.042129769 -0.007500000 -0.017205356
v -0.042352768 -0.007500000 -0.017203610
v -0.042575021 -0.007500000 -0.017185303
v -0.042795300 -0.007500000 -0.017150537
v -0.043012387 -0.007500000 -0.017099504
v -0.043225084 -0.007500000 -0.017032485
v -0.043432215 -0.007500000 -0.016949852
v -0.043632636 -0.007500000 -0.016852061
v -0.043825238 -0.007500000 -0.016739652
v -0.044008958 -0.007500000 -0.016613246
v -0.044182781 -0.007500000 -0.016473543
v -0.044345746 -0.007500000 -0.016321312
v -0.044496952 -0.007500000 -0.016157397
v -0.044635564 -0.007500000 -0.015982703
v -0.044760816 -0.007500000 -0.015798194
v -0.044872016 -0.007500000 -0.015604891
v -0.044968550 -0.007500000 -0.015403862
v -0.045049884 -0.007500000 -0.015196218
v -0.045115568 -0.007500000 -0.014983105
v -0.045160146 -0.007500000 -0.014791919
v -0.045192125 -0.007500000 -0.014598226
v -0.045211367 -0.007500000 -0.014402857
v -0.045217791 -0.007500000 -0.014206648
v -0.045217791 -0.007500000 0.016831249
v -0.045209739 -0.007500000 0.017050894
v -0.045185628 -0.007500000 0.017269361
v -0.045145586 -0.007500000 0.017485476
v -0.045089829 -0.007500000 0.017698079
v -0.045018656 -0.007500000 0.017906029
v -0.044932449 -0.007500000 0.018108210
v -0.044831670 -0.007500000 0.018303537
v -0.044716861 -0.007500000 0.018490961
v -0.044588638 -0.007500000 0.018669477
v -0.044447689 -0.007500000 0.018838125
v -0.044294770 -0.007500000 0.018996002
v -0.044130703 -0.007500000 0.019142258
v -0.043956368 -0.007500000 0.019276110
v -0.043772702 -0.007500000 0.019396839
v -0.043580688 -0.007500000 0.019503796
v -0.043381360 -0.007500000 0.019596408
v -0.043175785 -0.007500000 0.019674178
v -0.042965069 -0.007500000 0.019736688
v -0.042750341 -0.007500000 0.019783602
v -0.042532755 -0.007500000 0.019814669
v -0.042313478 -0.007500000 0.019829722
v -0.042093687 -0.007500000 0.019828681
v -0.041874563 -0.007500000 0.019811550
v -0.041657281 -0.007500000 0.019778422
v -0.041443007 -0.007500000 0.019729474
v -0.041232893 -0.007500000 0.019664970
v -0.012165102 -0.007500000 0.009562069
v -0.011955648 -0.007500000 0.009480351
v -0.011752902 -0.007500000 0.009383177
v -0.011558003 -0.007500000 0.009271091
v -0.011372045 -0.007500000 0.009144725
v -0.011196074 -0.007500000 0.009004786
v -0.011031076 -0.007500000 0.008852062
v -0.010877980 -0.007500000 0.008687410
v -0.010737644 -0.007500000 0.008511754
v -0.010610858 -0.007500000 0.008326083
v -0.010498333 -0.007500000 0.008131437
v -0.010400700 -0.007500000 0.007928911
v -0.010318510 -0.007500000 0.007719642
v -0.010252223 -0.007500000 0.007504805
v -0.010204393 -0.007500000 0.007297031
v -0.010171442 -0.007500000 0.007086385
v -0.010153535 -0.007500000 0.006873930
v -0.010150762 -0.007500000 0.006660741
v -0.010163138 -0.007500000 0.006447892
v -0.010190600 -0.007500000 0.006236460
v -0.010233010 -0.007500000 0.006027513
v -0.010290153 -0.007500000 0.005822105
v -0.010361741 -0.007500000 0.005621275
v -0.010447412 -0.007500000 0.005426036
v -0.010546733 -0.007500000 0.005237375
v -0.010659203 -0.007500000 0.005056245
v -0.010784253 -0.007500000 0.004883561
v -0.010921252 -0.007500000 0.004720194
v -0.011069509 -0.007500000 0.004566970
v -0.011228274 -0.007500000 0.004424662
v -0.011396745 -0.007500000 0.004293991
v -0.040820013 -0.007500000 -0.022633169
v -0.040770091 -0.007500000 -0.022851892
v -0.040736654 -0.007500000 -0.023073733
v -0.040719888 -0.007500000 -0.023297453
v -0.040719888 -0.007500000 -0.023521800
v -0.040736654 -0.007500000 -0.023745520
v -0.040770091 -0.007500000 -0.023967361
v -0.040820013 -0.007500000 -0.024186084
v -0.040886141 -0.007500000 -0.024400464
v -0.040968104 -0.007500000 -0.024609303
v -0.041065444 -0.007500000 -0.024811432
v -0.041177618 -0.007500000 -0.025005723
v -0.041303997 -0.007500000 -0.025191087
v -0.041443875 -0.007500000 -0.025366489
v -0.041596470 -0.007500000 -0.025530947
v -0.041760928 -0.007500000 -0.025683542
v -0.041936330 -0.007500000 -0.025823420
v -0.042121694 -0.007500000 -0.025949799
v -0.042315985 -0.007500000 -0.026061973
v -0.042518114 -0.007500000 -0.026159313
v -0.042726953 -0.007500000 -0.026241276
v -0.042941333 -0.007500000 -0.026307404
v -0.043160056 -0.007500000 -0.026357326
v -0.043381897 -0.007500000 -0.026390763
v -0.043605617 -0.007500000 -0.026407529
v -0.043829964 -0.007500000 -0.026407529
v -0.044053684 -0.007500000 -0.026390763
v -0.044275525 -0.007500000 -0.026357326
v -0.044494248 -0.007500000 -0.026307404
v -0.044708628 -0.007500000 -0.026241276
v -0.044917467 -0.007500000 -0.026159313
v -0.045119596 -0.007500000 -0.026061973
v -0.045313887 -0.007500000 -0.025949799
v -0.045499251 -0.007500000 -0.025823420
v -0.045674653 -0.007500000 -0.025683542
v -0.045839111 -0.007500000 -0.025530947
v -0.045991706 -0.007500000 -0.025366489
v -0.046131584 -0.007500000 -0.025191087
v -0.046257963 -0.007500000 -0.025005723
v -0.046370137 -0.007500000 -0.024811432
v -0.046467477 -0.007500000 -0.024609303
v -0.046549441 -0.007500000 -0.024400464
v -0.046615568 -0.007500000 -0.024186084
v -0.046665490 -0.007500000 -0.023967361
v -0.046698927 -0.007500000 -0.023745520
v -0.046715693 -0.007500000 -0.023521800
v -0.046715693 -0.007500000 -0.023297453
v -0.046698927 -0.007500000 -0.023073733
v -0.046665490 -0.007500000 -0.022851892
v -0.046615568 -0.007500000 -0.022633169
v -0.046549441 -0.007500000 -0.022418789
v -0.046467477 -0.007500000 -0.022209950
v -0.046370137 -0.007500000 -0.022007821
v -0.046257963 -0.007500000 -0.021813530
v -0.046131584 -0.007500000 -0.021628166
v -0.045991706 -0.007500000 -0.021452764
v -0.045839111 -0.007500000 -0.021288306
v -0.045674653 -0.007500000 -0.021135711
v -0.045499251 -0.007500000 -0.020995833
v -0.045313887 -0.007500000 -0.020869454
v -0.045119596 -0.007500000 -0.020757280
v -0.044917467 -0.007500000 -0.020659940
v -0.044708628 -0.007500000 -0.020577976
v -0.044494248 -0.007500000 -0.020511849
v -0.044275525 -0.007500000 -0.020461927
v -0.044053684 -0.007500000 -0.020428490
v -0.043829964 -0.007500000 -0.020411724
v -0.043605617 -0.007500000 -0.020411724
v -0.043381897 -0.007500000 -0.020428490
v -0.043160056 -0.007500000 -0.020461927
v -0.042941333 -0.007500000 -0.020511849
v -0.042726953 -0.007500000 -0.020577976
v -0.042518114 -0.007500000 -0.020659940
v -0.042315985 -0.007500000 -0.020757280
v -0.042121694 -0.007500000 -0.020869454
v -0.041936330 -0.007500000 -0.020995833
v -0.041760928 -0.007500000 -0.021135711
v -0.041596470 -0.007500000 -0.021288306
v -0.041443875 -0.007500000 -0.021452764
v -0.041303997 -0.007500000 -0.021628166
v -0.041177618 -0.007500000 -0.021813530
v -0.041065444 -0.007500000 -0.022007821
v -0.040968104 -0.007500000 -0.022209950
v -0.040886141 -0.007500000 -0.022418789
v -0.008301942 0.007500000 0.015528457
v -0.011806929 0.007500000 0.028609244
v -0.011806929 -0.007500000 0.028609244
v -0.008301942 -0.007500000 0.015528457
v -0.011806929 0.007500000 0.028609244
v -0.011873216 0.007500000 0.028824081
v -0.011955406 0.007500000 0.029033350
v -0.012053038 0.007500000 0.029235876
v -0.012165564 0.007500000 0.029430522
v -0.012292350 0.007500000 0.029616194
v -0.012432686 0.007500000 0.029791849
v -0.012585782 0.007500000 0.029956501
v -0.012750779 0.007500000 0.030109225
v -0.012926751 0.007500000 0.030249164
v -0.013112709 0.007500000 0.030375531
v -0.013307608 0.007500000 0.030487616
v -0.013510354 0.007500000 0.030584790
v -0.013719808 0.007500000 0.030666508
v -0.013719808 -0.007500000 0.030666508
v -0.013510354 -0.007500000 0.030584790
v -0.013307608 -0.007500000 0.030487616
v -0.013112709 -0.007500000 0.030375531
v -0.012926751 -0.007500000 0.030249164
v -0.012750779 -0.007500000 0.030109225
v -0.012585782 -0.007500000 0.029956501
v -0.012432686 -0.007500000 0.029791849
v -0.012292350 -0.007500000 0.029616194
v -0.012165564 -0.007500000 0.029430522
v -0.012053038 -0.007500000 0.029235876
v -0.011955406 -0.007500000 0.029033350
v -0.011873216 -0.007500000 0.028824081
v -0.011806929 -0.007500000 0.028609244
v -0.030285379 0.007500000 0.036424095
v -0.013719808 0.007500000 0.030666508
v -0.013719808 -0.007500000 0.030666508
v -0.030285379 -0.007500000 0.036424095
v -0.044217791 0.007500000 0.036590374
v -0.031270277 0.007500000 0.036590374
v -0.031270277 -0.007500000 0.036590374
v -0.044217791 -0.007500000 0.036590374
v -0.046217791 -0.007500000 0.034590374
v -0.046212198 -0.007500000 0.034739834
v -0.046195452 -0.007500000 0.034888458
v -0.046167646 -0.007500000 0.035035415
v -0.046128936 -0.007500000 0.035179884
v -0.046079538 -0.007500000 0.035321056
v -0.046019728 -0.007500000 0.035458141
v -0.045949841 -0.007500000 0.035590374
v -0.045870268 -0.007500000 0.035717014
v -0.045781454 -0.007500000 0.035837353
v -0.045683894 -0.007500000 0.035950719
v -0.045578136 -0.007500000 0.036056477
v -0.045464770 -0.007500000 0.036154037
v -0.045344431 -0.007500000 0.036242851
v -0.045217791 -0.007500000 0.036322424
v -0.045085558 -0.007500000 0.036392311
v -0.044948473 -0.007500000 0.036452121
v -0.044807301 -0.007500000 0.036501519
v -0.044662832 -0.007500000 0.036540229
v -0.044515875 -0.007500000 0.036568035
v -0.044367251 -0.007500000 0.036584781
v -0.044217791 -0.007500000 0.036590374
v -0.044217791 0.007500000 0.036590374
v -0.044367251 0.007500000 0.036584781
v -0.044515875 0.007500000 0.036568035
v -0.044662832 0.007500000 0.036540229
v -0.044807301 0.007500000 0.036501519
v -0.044948473 0.007500000 0.036452121
v -0.045085558 0.007500000 0.036392311
v -0.045217791 0.007500000 0.036322424
v -0.045344431 0.007500000 0.036242851
v -0.045464770 0.007500000 0.036154037
v -0.045578136 0.007500000 0.036056477
v -0.045683894 0.007500000 0.035950719
v -0.045781454 0.007500000 0.035837353
v -0.045870268 0.007500000 0.035717014
v -0.045949841 0.007500000 0.035590374
v -0.046019728 0.007500000 0.035458141
v -0.046079538 0.007500000 0.035321056
v -0.046128936 0.007500000 0.035179884
v -0.046167646 0.007500000 0.035035415
v -0.046195452 0.007500000 0.034888458
v -0.046212198 0.007500000 0.034739834
v -0.046217791 0.007500000 0.034590374
v -0.046217791 -0.007500000 0.026351362
v -0.046217791 -0.007500000 0.034590374
v -0.046217791 0.007500000 0.034590374
v -0.046217791 0.007500000 0.026351362
v -0.046217791 0.000000000 0.029340374
v -0.046217791 0.000130778 0.029345267
v -0.046217791 0.000260824 0.029359920
v -0.046217791 0.000389412 0.029384250
v -0.046217791 0.000515822 0.029418121
v -0.046217791 0.000639347 0.029461344
v -0.046217791 0.000759297 0.029513678
v -0.046217791 0.000875000 0.029574829
v -0.046217791 0.000985810 0.029644456
v -0.046217791 0.001091107 0.029722168
v -0.046217791 0.001190302 0.029807533
v -0.046217791 0.001282841 0.029900071
v -0.046217791 0.001368205 0.029999266
v -0.046217791 0.001445918 0.030104563
v -0.046217791 0.001515544 0.030215374
v -0.046217791 0.001576696 0.030331077
v -0.046217791 0.001629029 0.030451027
v -0.046217791 0.001672252 0.030574552
v -0.046217791 0.001706124 0.030700962
v -0.046217791 0.001730454 0.030829550
v -0.046217791 0.001745107 0.030959596
v -0.046217791 0.001750000 0.031090374
v -0.046217791 0.001745107 0.031221151
v -0.046217791 0.001730454 0.031351198
v -0.046217791 0.001706124 0.031479785
v -0.046217791 0.001672252 0.031606195
v -0.046217791 0.001629029 0.031729720
v -0.046217791 0.001576696 0.031849670
v -0.046217791 0.001515544 0.031965374
v -0.046217791 0.001445918 0.032076184
v -0.046217791 0.001368205 0.032181481
v -0.046217791 0.001282841 0.032280676
v -0.046217791 0.001190302 0.032373214
v -0.046217791 0.001091107 0.032458579
v -0.046217791 0.000985810 0.032536291
v -0.046217791 0.000875000 0.032605918
v -0.046217791 0.000759297 0.032667069
v -0.046217791 0.000639347 0.032719403
v -0.046217791 0.000515822 0.032762626
v -0.046217791 0.000389412 0.032796497
v -0.046217791 0.000260824 0.032820828
v -0.046217791 0.000130778 0.032835480
v -0.046217791 0.000000000 0.032840374
v -0.046217791 -0.000130778 0.032835480
v -0.046217791 -0.000260824 0.032820828
v -0.046217791 -0.000389412 0.032796497
v -0.046217791 -0.000515822 0.032762626
v -0.046217791 -0.000639347 0.032719403
v -0.046217791 -0.000759297 0.032667069
v -0.046217791 -0.000875000 0.032605918
v -0.046217791 -0.000985810 0.032536291
v -0.046217791 -0.001091107 0.032458579
v -0.046217791 -0.001190302 0.032373214
v -0.046217791 -0.001282841 0.032280676
v -0.046217791 -0.001368205 0.032181481
v -0.046217791 -0.001445918 0.032076184
v -0.046217791 -0.001515544 0.031965374
v -0.046217791 -0.001576696 0.031849670
v -0.046217791 -0.001629029 0.031729720
v -0.046217791 -0.001672252 0.031606195
v -0.046217791 -0.001706124 0.031479785
v -0.046217791 -0.001730454 0.031351198
v -0.046217791 -0.001745107 0.031221151
v -0.046217791 -0.001750000 0.031090374
v -0.046217791 -0.001745107 0.030959596
v -0.046217791 -0.001730454 0.030829550
v -0.046217791 -0.001706124 0.030700962
v -0.046217791 -0.001672252 0.030574552
v -0.046217791 -0.001629029 0.030451027
v -0.046217791 -0.001576696 0.030331077
v -0.046217791 -0.001515544 0.030215374
v -0.046217791 -0.001445918 0.030104563
v -0.046217791 -0.001368205 0.029999266
v -0.046217791 -0.001282841 0.029900071
v -0.046217791 -0.001190302 0.029807533
v -0.046217791 -0.001091107 0.029722168
v -0.046217791 -0.000985810 0.029644456
v -0.046217791 -0.000875000 0.029574829
v -0.046217791 -0.000759297 0.029513678
v -0.046217791 -0.000639347 0.029461344
v -0.046217791 -0.000515822 0.029418121
v -0.046217791 -0.000389412 0.029384250
v -0.046217791 -0.000260824 0.029359920
v -0.046217791 -0.000130778 0.029345267
v -0.044538539 -0.007500000 0.023989927
v -0.044707949 -0.007500000 0.024055804
v -0.044872125 -0.007500000 0.024133815
v -0.045030199 -0.007500000 0.024223550
v -0.045181335 -0.007500000 0.024324532
v -0.045324734 -0.007500000 0.024436229
v -0.045459638 -0.007500000 0.024558050
v -0.045585335 -0.007500000 0.024689351
v -0.045701159 -0.007500000 0.024829438
v -0.045806498 -0.007500000 0.024977571
v -0.045900795 -0.007500000 0.025132965
v -0.045983553 -0.007500000 0.025294801
v -0.046054333 -0.007500000 0.025462222
v -0.046112761 -0.007500000 0.025634343
v -0.046158529 -0.007500000 0.025810255
v -0.046191394 -0.007500000 0.025989027
v -0.046211183 -0.007500000 0.026169714
v -0.046217791 -0.007500000 0.026351362
v -0.046217791 0.007500000 0.026351362
v -0.046211183 0.007500000 0.026169714
v -0.046191394 0.007500000 0.025989027
v -0.046158529 0.007500000 0.025810255
v -0.046112761 0.007500000 0.025634343
v -0.046054333 0.007500000 0.025462222
v -0.045983553 0.007500000 0.025294801
v -0.045900795 0.007500000 0.025132965
v -0.045806498 0.007500000 0.024977571
v -0.045701159 0.007500000 0.024829438
v -0.045585335 0.007500000 0.024689351
v -0.045459638 0.007500000 0.024558050
v -0.045324734 0.007500000 0.024436229
v -0.045181335 0.007500000 0.024324532
v -0.045030199 0.007500000 0.024223550
v -0.044872125 0.007500000 0.024133815
v -0.044707949 0.007500000 0.024055804
v -0.044538539 0.007500000 0.023989927
v -0.011537505 -0.007500000 0.012519975
v -0.044538539 -0.007500000 0.023989927
v -0.044538539 0.007500000 0.023989927
v -0.011537505 0.007500000 0.012519975
v -0.008301942 -0.007500000 0.015528457
v -0.008260374 -0.007500000 0.015346366
v -0.008232517 -0.007500000 0.015161680
v -0.008218525 -0.007500000 0.014975429
v -0.008218478 -0.007500000 0.014788654
v -0.008232375 -0.007500000 0.014602396
v -0.008260139 -0.007500000 0.014417696
v -0.008301615 -0.007500000 0.014235584
v -0.008356571 -0.007500000 0.014057077
v -0.008424701 -0.007500000 0.013883171
v -0.008505624 -0.007500000 0.013714836
v -0.008598889 -0.007500000 0.013553013
v -0.008703975 -0.007500000 0.013398605
v -0.008820296 -0.007500000 0.013252473
v -0.008947201 -0.007500000 0.013115433
v -0.009083984 -0.007500000 0.012988250
v -0.009229880 -0.007500000 0.012871634
v -0.009384076 -0.007500000 0.012766235
v -0.009545710 -0.007500000 0.012672643
v -0.009713880 -0.007500000 0.012591379
v -0.009887648 -0.007500000 0.012522898
v -0.010066044 -0.007500000 0.012467580
v -0.010248071 -0.007500000 0.012425736
v -0.010432715 -0.007500000 0.012397598
v -0.010618944 -0.007500000 0.012383324
v -0.010805719 -0.007500000 0.012382993
v -0.010991998 -0.007500000 0.012396607
v -0.011176740 -0.007500000 0.012424091
v -0.011358915 -0.007500000 0.012465290
v -0.011537505 -0.007500000 0.012519975
v -0.011537505 0.007500000 0.012519975
v -0.011358915 0.007500000 0.012465290
v -0.011176740 0.007500000 0.012424091
v -0.010991998 0.007500000 0.012396607
v -0.010805719 0.007500000 0.012382993
v -0.010618944 0.007500000 0.012383324
v -0.010432715 0.007500000 0.012397598
v -0.010248071 0.007500000 0.012425736
v -0.010066044 0.007500000 0.012467580
v -0.009887648 0.007500000 0.012522898
v -0.009713880 0.007500000 0.012591379
v -0.009545710 0.007500000 0.012672643
v -0.009384076 0.007500000 0.012766235
v -0.009229880 0.007500000 0.012871634
v -0.009083984 0.007500000 0.012988250
v -0.008947201 0.007500000 0.013115433
v -0.008820296 0.007500000 0.013252473
v -0.008703975 0.007500000 0.013398605
v -0.008598889 0.007500000 0.013553013
v -0.008505624 0.007500000 0.013714836
v -0.008424701 0.007500000 0.013883171
v -0.008356571 0.007500000 0.014057077
v -0.008301615 0.007500000 0.014235584
v -0.008260139 0.007500000 0.014417696
v -0.008232375 0.007500000 0.014602396
v -0.008218478 0.007500000 0.014788654
v -0.008218525 0.007500000 0.014975429
v -0.008232517 0.007500000 0.015161680
v -0.008260374 0.007500000 0.015346366
v -0.008301942 0.007500000 0.015528457
v -0.016151343 -0.007500000 0.034687656
v -0.025702688 -0.007500000 0.038007355
v -0.016151343 0.007500000 0.034687656
v -0.025702688 0.007500000 0.038007355
v -0.013562892 -0.007500000 0.037094442
v -0.013529638 -0.007500000 0.036948769
v -0.013507352 -0.007500000 0.036801020
v -0.013496159 -0.007500000 0.036652020
v -0.013496121 -0.007500000 0.036502600
v -0.013507239 -0.007500000 0.036353593
v -0.013529450 -0.007500000 0.036205833
v -0.013562631 -0.007500000 0.036060144
v -0.013606596 -0.007500000 0.035917338
v -0.013661100 -0.007500000 0.035778213
v -0.013725838 -0.007500000 0.035643545
v -0.013800450 -0.007500000 0.035514087
v -0.013884519 -0.007500000 0.035390560
v -0.013977575 -0.007500000 0.035273655
v -0.014079100 -0.007500000 0.035164023
v -0.014188526 -0.007500000 0.035062276
v -0.014305243 -0.007500000 0.034968983
v -0.014428599 -0.007500000 0.034884665
v -0.014557906 -0.007500000 0.034809791
v -0.014692443 -0.007500000 0.034744780
v -0.014831457 -0.007500000 0.034689994
v -0.014974173 -0.007500000 0.034645740
v -0.015119796 -0.007500000 0.034612265
v -0.015267511 -0.007500000 0.034589755
v -0.015416494 -0.007500000 0.034578335
v -0.015565914 -0.007500000 0.034578071
v -0.015714937 -0.007500000 0.034588962
v -0.015862730 -0.007500000 0.034610949
v -0.016008470 -0.007500000 0.034643908
v -0.016151343 -0.007500000 0.034687656
v -0.016151343 0.007500000 0.034687656
v -0.016008470 0.007500000 0.034643908
v -0.015862730 0.007500000 0.034610949
v -0.015714937 0.007500000 0.034588962
v -0.015565914 0.007500000 0.034578071
v -0.015416494 0.007500000 0.034578335
v -0.015267511 0.007500000 0.034589755
v -0.015119796 0.007500000 0.034612265
v -0.014974173 0.007500000 0.034645740
v -0.014831457 0.007500000 0.034689994
v -0.014692443 0.007500000 0.034744780
v -0.014557906 0.007500000 0.034809791
v -0.014428599 0.007500000 0.034884665
v -0.014305243 0.007500000 0.034968983
v -0.014188526 0.007500000 0.035062276
v -0.014079100 0.007500000 0.035164023
v -0.013977575 0.007500000 0.035273655
v -0.013884519 0.007500000 0.035390560
v -0.013800450 0.007500000 0.035514087
v -0.013725838 0.007500000 0.035643545
v -0.013661100 0.007500000 0.035778213
v -0.013606596 0.007500000 0.035917338
v -0.013562631 0.007500000 0.036060144
v -0.013529450 0.007500000 0.036205833
v -0.013507239 0.007500000 0.036353593
v -0.013496121 0.007500000 0.036502600
v -0.013496159 0.007500000 0.036652020
v -0.013507352 0.007500000 0.036801020
v -0.013529638 0.007500000 0.036948769
v -0.013562892 0.007500000 0.037094442
v -0.017199603 -0.007500000 0.050666831
v -0.013562892 -0.007500000 0.037094442
v -0.013562892 0.007500000 0.037094442
v -0.017199603 0.007500000 0.050666831
v -0.020097380 -0.007500000 0.052890374
v -0.019879407 -0.007500000 0.052882444
v -0.019662585 -0.007500000 0.052858698
v -0.019448062 -0.007500000 0.052819262
v -0.019236971 -0.007500000 0.052764342
v -0.019030428 -0.007500000 0.052694230
v -0.018829526 -0.007500000 0.052609297
v -0.018635325 -0.007500000 0.052509991
v -0.018448854 -0.007500000 0.052396837
v -0.018271096 -0.007500000 0.052270434
v -0.018102993 -0.007500000 0.052131449
v -0.017945432 -0.007500000 0.051980617
v -0.017799247 -0.007500000 0.051818736
v -0.017665210 -0.007500000 0.051646662
v -0.017544030 -0.007500000 0.051465303
v -0.017436348 -0.007500000 0.051275619
v -0.017342732 -0.007500000 0.051078613
v -0.017263678 -0.007500000 0.050875325
v -0.017199603 -0.007500000 0.050666831
v -0.017199603 0.007500000 0.050666831
v -0.017263678 0.007500000 0.050875325
v -0.017342732 0.007500000 0.051078613
v -0.017436348 0.007500000 0.051275619
v -0.017544030 0.007500000 0.051465303
v -0.017665210 0.007500000 0.051646662
v -0.017799247 0.007500000 0.051818736
v -0.017945432 0.007500000 0.051980617
v -0.018102993 0.007500000 0.052131449
v -0.018271096 0.007500000 0.052270434
v -0.018448854 0.007500000 0.052396837
v -0.018635325 0.007500000 0.052509991
v -0.018829526 0.007500000 0.052609297
v -0.019030428 0.007500000 0.052694230
v -0.019236971 0.007500000 0.052764342
v -0.019448062 0.007500000 0.052819262
v -0.019662585 0.007500000 0.052858698
v -0.019879407 0.007500000 0.052882444
v -0.020097380 0.007500000 0.052890374
v -0.019967791 0.000000000 0.052887573
v -0.019964489 0.000091033 0.052887436
v -0.019954641 0.000180952 0.052886983
v -0.019938333 0.000269772 0.052886155
v -0.019915504 0.000357618 0.052884860
v -0.019886278 0.000443898 0.052882941
v -0.019851010 0.000527555 0.052880240
v -0.019809814 0.000608116 0.052876564
v -0.019762827 0.000685516 0.052871669
v -0.019710443 0.000759309 0.052865322
v -0.019653051 0.000829048 0.052857289
v -0.019591043 0.000894286 0.052847335
v -0.019531612 0.000948784 0.052836542
v -0.019475252 0.000994328 0.052825149
v -0.019416277 0.001036578 0.052812016
v -0.019355216 0.001075235 0.052797114
v -0.019292600 0.001109998 0.052780413
v -0.019228794 0.001140791 0.052761883
v -0.019163876 0.001167709 0.052741440
v -0.019097903 0.001190808 0.052718986
v -0.019031017 0.001210117 0.052694446
v -0.018963926 0.001225505 0.052667954
v -0.018896932 0.001237050 0.052639607
v -0.018830233 0.001244870 0.052609479
v -0.018764026 0.001249084 0.052577644
v -0.018698509 0.001249809 0.052544177
v -0.018633877 0.001247166 0.052509152
v -0.018570329 0.001241271 0.052472642
v -0.018507988 0.001232262 0.052434721
v -0.018446923 0.001220283 0.052395498
v -0.018387230 0.001205473 0.052355102
v -0.018329006 0.001187970 0.052313663
v -0.018272347 0.001167912 0.052271310
v -0.018199403 0.001137433 0.052213639
v -0.018121120 0.001098405 0.052147446
v -0.018046606 0.001054568 0.052079930
v -0.017975810 0.001006045 0.052011382
v -0.017908813 0.000952985 0.051942194
v -0.017845696 0.000895534 0.051872763
v -0.017786551 0.000833887 0.051803496
v -0.017731561 0.000768408 0.051735007
v -0.017680803 0.000698637 0.051667961
v -0.017634322 0.000623947 0.051603004
v -0.017592165 0.000543711 0.051540781
v -0.017558006 0.000466243 0.051487736
v -0.017533471 0.000399728 0.051448055
v -0.017514190 0.000337153 0.051415910
v -0.017499352 0.000278778 0.051390559
v -0.017488216 0.000224674 0.051371146
v -0.017480121 0.000174786 0.051356797
v -0.017474628 0.000130265 0.051346924
v -0.017470594 0.000083455 0.051339584
v -0.017468500 0.000042009 0.051335733
v -0.017467791 0.000000000 0.051334415
v -0.017468780 -0.000049509 0.051336234
v -0.017471583 -0.000097030 0.051341341
v -0.017475968 -0.000142531 0.051349253
v -0.017482100 -0.000188479 0.051360202
v -0.017491028 -0.000239887 0.051375952
v -0.017503000 -0.000294622 0.051396755
v -0.017518669 -0.000353117 0.051423415
v -0.017538804 -0.000415420 0.051456786
v -0.017564312 -0.000481658 0.051497720
v -0.017596052 -0.000551715 0.051546658
v -0.017639773 -0.000633305 0.051610798
v -0.017689595 -0.000711437 0.051679839
v -0.017756616 -0.000799345 0.051766718
v -0.017824877 -0.000874770 0.051848876
v -0.017898460 -0.000944202 0.051931168
v -0.017977309 -0.001007303 0.052012975
v -0.018061696 -0.001064087 0.052094021
v -0.018151889 -0.001114565 0.052174024
v -0.018247209 -0.001158144 0.052251934
v -0.018336872 -0.001190732 0.052319528
v -0.018420820 -0.001214364 0.052378204
v -0.018507951 -0.001232309 0.052434732
v -0.018598312 -0.001244277 0.052488987
v -0.018690828 -0.001249712 0.052540201
v -0.018775327 -0.001248676 0.052583359
v -0.018852252 -0.001242738 0.052619773
v -0.018930140 -0.001231798 0.052653961
v -0.019008353 -0.001215745 0.052685719
v -0.019086124 -0.001194502 0.052714796
v -0.019162758 -0.001168135 0.052741073
v -0.019238070 -0.001136589 0.052764672
v -0.019311966 -0.001099751 0.052785736
v -0.019384245 -0.001057463 0.052804365
v -0.019454150 -0.001010035 0.052820590
v -0.019520783 -0.000957968 0.052834441
v -0.019583680 -0.000901440 0.052846065
v -0.019642840 -0.000840466 0.052855742
v -0.019697941 -0.000775408 0.052863669
v -0.019748657 -0.000706629 0.052870046
v -0.019794664 -0.000634493 0.052875068
v -0.019835637 -0.000559363 0.052878934
v -0.019871312 -0.000481506 0.052881846
v -0.019901654 -0.000401070 0.052883988
v -0.019926423 -0.000318851 0.052885501
v -0.019945381 -0.000235644 0.052886522
v -0.019958596 -0.000151452 0.052887170
v -0.019965483 -0.000076084 0.052887478
v -0.024717791 0.007500000 0.052890374
v -0.020097380 0.007500000 0.052890374
v -0.020097380 -0.007500000 0.052890374
v -0.024717791 -0.007500000 0.052890374
v -0.024717791 0.007500000 0.052890374
v -0.024941981 0.007500000 0.052881985
v -0.025164917 0.007500000 0.052856866
v -0.025385353 0.007500000 0.052815157
v -0.025602056 0.007500000 0.052757092
v -0.025813814 0.007500000 0.052682995
v -0.026019442 0.007500000 0.052593280
v -0.026217791 0.007500000 0.052488450
v -0.026407751 0.007500000 0.052369090
v -0.026588260 0.007500000 0.052235868
v -0.026758309 0.007500000 0.052089529
v -0.026916946 0.007500000 0.051930892
v -0.027063285 0.007500000 0.051760843
v -0.027196507 0.007500000 0.051580334
v -0.027315867 0.007500000 0.051390374
v -0.027420697 0.007500000 0.051192025
v -0.027510412 0.007500000 0.050986397
v -0.027584509 0.007500000 0.050774639
v -0.027642574 0.007500000 0.050557936
v -0.027684283 0.007500000 0.050337500
v -0.027709402 0.007500000 0.050114564
v -0.027717791 0.007500000 0.049890374
v -0.027717791 -0.007500000 0.049890374
v -0.027709402 -0.007500000 0.050114564
v -0.027684283 -0.007500000 0.050337500
v -0.027642574 -0.007500000 0.050557936
v -0.027584509 -0.007500000 0.050774639
v -0.027510412 -0.007500000 0.050986397
v -0.027420697 -0.007500000 0.051192025
v -0.027315867 -0.007500000 0.051390374
v -0.027196507 -0.007500000 0.051580334
v -0.027063285 -0.007500000 0.051760843
v -0.026916946 -0.007500000 0.051930892
v -0.026758309 -0.007500000 0.052089529
v -0.026588260 -0.007500000 0.052235868
v -0.026407751 -0.007500000 0.052369090
v -0.026217791 -0.007500000 0.052488450
v -0.026019442 -0.007500000 0.052593280
v -0.025813814 -0.007500000 0.052682995
v -0.025602056 -0.007500000 0.052757092
v -0.025385353 -0.007500000 0.052815157
v -0.025164917 -0.007500000 0.052856866
v -0.024941981 -0.007500000 0.052881985
v -0.024717791 -0.007500000 0.052890374
v -0.027467791 0.000000000 0.051089331
v -0.027467253 0.000036308 0.051090580
v -0.027465627 0.000072981 0.051094324
v -0.027461885 0.000120833 0.051102847
v -0.027456835 0.000164757 0.051114204
v -0.027450107 0.000209351 0.051129126
v -0.027441610 0.000254480 0.051147677
v -0.027430528 0.000302952 0.051171400
v -0.027414719 0.000360425 0.051204322
v -0.027394660 0.000421329 0.051244721
v -0.027366723 0.000492397 0.051298620
v -0.027335711 0.000559400 0.051355400
v -0.027290556 0.000642027 0.051433188
v -0.027228095 0.000736387 0.051532870
v -0.027150408 0.000832314 0.051646035
v -0.027064549 0.000919636 0.051759280
v -0.026979083 0.000991641 0.051861850
v -0.026886424 0.001056224 0.051963319
v -0.026786186 0.001113300 0.052063327
v -0.026689858 0.001157486 0.052151088
v -0.026598511 0.001190682 0.052227622
v -0.026502882 0.001217096 0.052301465
v -0.026403090 0.001236190 0.052372261
v -0.026310012 0.001246597 0.052432936
v -0.026224108 0.001249999 0.052484695
v -0.026136537 0.001247381 0.052533587
v -0.026047642 0.001238387 0.052579446
v -0.025966788 0.001224547 0.052617992
v -0.025893569 0.001207221 0.052650364
v -0.025820937 0.001185343 0.052680190
v -0.025749409 0.001158944 0.052707424
v -0.025679065 0.001127953 0.052732196
v -0.025609888 0.001092195 0.052754653
v -0.025542082 0.001051561 0.052774886
v -0.025476403 0.001006374 0.052792865
v -0.025413602 0.000956954 0.052808566
v -0.025353940 0.000903341 0.052822150
v -0.025297617 0.000845748 0.052833810
v -0.025244918 0.000784478 0.052843707
v -0.025196125 0.000719837 0.052852003
v -0.025151521 0.000652128 0.052858861
v -0.025111390 0.000581657 0.052864443
v -0.025075976 0.000508660 0.052868915
v -0.025045259 0.000433077 0.052872453
v -0.025019441 0.000355498 0.052875174
v -0.024998786 0.000276636 0.052877185
v -0.024983385 0.000196942 0.052878600
v -0.024973197 0.000116388 0.052879491
v -0.024969145 0.000058416 0.052879829
v -0.024967791 0.000000000 0.052879939
v -0.024971269 -0.000093447 0.052879654
v -0.024980299 -0.000176545 0.052878875
v -0.024993150 -0.000250527 0.052877711
v -0.025010474 -0.000323796 0.052876064
v -0.025032308 -0.000396241 0.052873847
v -0.025058457 -0.000467291 0.052870972
v -0.025088708 -0.000536350 0.052867355
v -0.025123001 -0.000603166 0.052862884
v -0.025161309 -0.000667801 0.052857413
v -0.025203399 -0.000730006 0.052850815
v -0.025249038 -0.000789535 0.052842963
v -0.025297992 -0.000846138 0.052833732
v -0.025350029 -0.000899569 0.052822994
v -0.025404916 -0.000949577 0.052810623
v -0.025462484 -0.000995982 0.052796471
v -0.025522710 -0.001038862 0.052780354
v -0.025585051 -0.001077979 0.052762266
v -0.025648901 -0.001113041 0.052742220
v -0.025713858 -0.001143919 0.052720185
v -0.025779925 -0.001170799 0.052696053
v -0.025846900 -0.001193708 0.052669779
v -0.025914568 -0.001212665 0.052641323
v -0.025982336 -0.001227619 0.052610801
v -0.026049775 -0.001238641 0.052578366
v -0.026116707 -0.001245879 0.052544107
v -0.026182955 -0.001249482 0.052508110
v -0.026248341 -0.001249599 0.052470462
v -0.026312686 -0.001246379 0.052431251
v -0.026375812 -0.001239970 0.052390563
v -0.026437589 -0.001230521 0.052348468
v -0.026498007 -0.001218171 0.052305027
v -0.026556982 -0.001203071 0.052260374
v -0.026614422 -0.001185367 0.052214645
v -0.026688465 -0.001157969 0.052152237
v -0.026768040 -0.001122367 0.052080439
v -0.026843453 -0.001082155 0.052007336
v -0.026915092 -0.001037472 0.051932839
v -0.026983001 -0.000988465 0.051857230
v -0.027047099 -0.000935321 0.051780904
v -0.027107305 -0.000878224 0.051704258
v -0.027163540 -0.000817417 0.051627688
v -0.027215758 -0.000753125 0.051551666
v -0.027263954 -0.000684803 0.051476780
v -0.027308124 -0.000611813 0.051403624
v -0.027348263 -0.000533512 0.051332793
v -0.027384250 -0.000449366 0.051265125
v -0.027407349 -0.000384152 0.051219348
v -0.027424304 -0.000326941 0.051184489
v -0.027437978 -0.000271371 0.051155513
v -0.027447454 -0.000224482 0.051134955
v -0.027454578 -0.000181024 0.051119240
v -0.027460605 -0.000133442 0.051105747
v -0.027464539 -0.000089657 0.051096819
v -0.027466963 -0.000045138 0.051091251
v -0.027717791 -0.007500000 0.040841076
v -0.027717791 -0.007500000 0.049890374
v -0.027717791 0.007500000 0.040841076
v -0.027717791 0.007500000 0.049890374
v -0.025702688 -0.007500000 0.038007355
v -0.025905981 -0.007500000 0.038086407
v -0.026102992 -0.007500000 0.038180021
v -0.026292680 -0.007500000 0.038287702
v -0.026474044 -0.007500000 0.038408881
v -0.026646123 -0.007500000 0.038542917
v -0.026808008 -0.007500000 0.038689102
v -0.026958844 -0.007500000 0.038846664
v -0.027097832 -0.007500000 0.039014768
v -0.027224239 -0.007500000 0.039192527
v -0.027337396 -0.007500000 0.039379001
v -0.027436705 -0.007500000 0.039573203
v -0.027521641 -0.007500000 0.039774108
v -0.027591755 -0.007500000 0.039980654
v -0.027646676 -0.007500000 0.040191748
v -0.027686115 -0.007500000 0.040406274
v -0.027709861 -0.007500000 0.040623099
v -0.027717791 -0.007500000 0.040841076
v -0.027717791 0.007500000 0.040841076
v -0.027709861 0.007500000 0.040623099
v -0.027686115 0.007500000 0.040406274
v -0.027646676 0.007500000 0.040191748
v -0.027591755 0.007500000 0.039980654
v -0.027521641 0.007500000 0.039774108
v -0.027436705 0.007500000 0.039573203
v -0.027337396 0.007500000 0.039379001
v -0.027224239 0.007500000 0.039192527
v -0.027097832 0.007500000 0.039014768
v -0.026958844 0.007500000 0.038846664
v -0.026808008 0.007500000 0.038689102
v -0.026646123 0.007500000 0.038542917
v -0.026474044 0.007500000 0.038408881
v -0.026292680 0.007500000 0.038287702
v -0.026102992 0.007500000 0.038180021
v -0.025905981 0.007500000 0.038086407
v -0.025702688 0.007500000 0.038007355
v -0.002027879 -0.007500000 -0.024409626
v -0.033719466 -0.007500000 -0.024409626
v -0.033719466 0.007500000 -0.024409626
v -0.002027879 0.007500000 -0.024409626
v -0.009067791 0.000000000 -0.024409626
v -0.009072404 0.000123305 -0.024409626
v -0.009086220 0.000245920 -0.024409626
v -0.009109160 0.000367160 -0.024409626
v -0.009141095 0.000486346 -0.024409626
v -0.009181849 0.000602813 -0.024409626
v -0.009231192 0.000715908 -0.024409626
v -0.009288849 0.000825000 -0.024409626
v -0.009354497 0.000929478 -0.024409626
v -0.009427769 0.001028758 -0.024409626
v -0.009508255 0.001122285 -0.024409626
v -0.009595506 0.001209536 -0.024409626
v -0.009689032 0.001290022 -0.024409626
v -0.009788312 0.001363294 -0.024409626
v -0.009892791 0.001428942 -0.024409626
v -0.010001882 0.001486599 -0.024409626
v -0.010114978 0.001535942 -0.024409626
v -0.010231445 0.001576695 -0.024409626
v -0.010350631 0.001608631 -0.024409626
v -0.010471871 0.001631571 -0.024409626
v -0.010594486 0.001645386 -0.024409626
v -0.010717791 0.001650000 -0.024409626
v -0.010841095 0.001645386 -0.024409626
v -0.010963710 0.001631571 -0.024409626
v -0.011084950 0.001608631 -0.024409626
v -0.011204137 0.001576695 -0.024409626
v -0.011320603 0.001535942 -0.024409626
v -0.011433699 0.001486599 -0.024409626
v -0.011542791 0.001428942 -0.024409626
v -0.011647269 0.001363294 -0.024409626
v -0.011746549 0.001290022 -0.024409626
v -0.011840076 0.001209536 -0.024409626
v -0.011927326 0.001122285 -0.024409626
v -0.012007813 0.001028758 -0.024409626
v -0.012081085 0.000929478 -0.024409626
v -0.012146732 0.000825000 -0.024409626
v -0.012204389 0.000715908 -0.024409626
v -0.012253732 0.000602813 -0.024409626
v -0.012294486 0.000486346 -0.024409626
v -0.012326422 0.000367160 -0.024409626
v -0.012349361 0.000245920 -0.024409626
v -0.012363177 0.000123305 -0.024409626
v -0.012367791 0.000000000 -0.024409626
v -0.012363177 -0.000123305 -0.024409626
v -0.012349361 -0.000245920 -0.024409626
v -0.012326422 -0.000367160 -0.024409626
v -0.012294486 -0.000486346 -0.024409626
v -0.012253732 -0.000602813 -0.024409626
v -0.012204389 -0.000715908 -0.024409626
v -0.012146732 -0.000825000 -0.024409626
v -0.012081085 -0.000929478 -0.024409626
v -0.012007813 -0.001028758 -0.024409626
v -0.011927326 -0.001122285 -0.024409626
v -0.011840076 -0.001209536 -0.024409626
v -0.011746549 -0.001290022 -0.024409626
v -0.011647269 -0.001363294 -0.024409626
v -0.011542791 -0.001428942 -0.024409626
v -0.011433699 -0.001486599 -0.024409626
v -0.011320603 -0.001535942 -0.024409626
v -0.011204137 -0.001576695 -0.024409626
v -0.011084950 -0.001608631 -0.024409626
v -0.010963710 -0.001631571 -0.024409626
v -0.010841095 -0.001645386 -0.024409626
v -0.010717791 -0.001650000 -0.024409626
v -0.010594486 -0.001645386 -0.024409626
v -0.010471871 -0.001631571 -0.024409626
v -0.010350631 -0.001608631 -0.024409626
v -0.010231445 -0.001576695 -0.024409626
v -0.010114978 -0.001535942 -0.024409626
v -0.010001882 -0.001486599 -0.024409626
v -0.009892791 -0.001428942 -0.024409626
v -0.009788312 -0.001363294 -0.024409626
v -0.009689032 -0.001290022 -0.024409626
v -0.009595506 -0.001209536 -0.024409626
v -0.009508255 -0.001122285 -0.024409626
v -0.009427769 -0.001028758 -0.024409626
v -0.009354497 -0.000929478 -0.024409626
v -0.009288849 -0.000825000 -0.024409626
v -0.009231192 -0.000715908 -0.024409626
v -0.009181849 -0.000602813 -0.024409626
v -0.009141095 -0.000486346 -0.024409626
v -0.009109160 -0.000367160 -0.024409626
v -0.009086220 -0.000245920 -0.024409626
v -0.009072404 -0.000123305 -0.024409626
v 0.000869898 -0.007500000 -0.020633169
v 0.000918983 -0.007500000 -0.020847482
v 0.000952239 -0.007500000 -0.021064815
v 0.000969489 -0.007500000 -0.021283999
v 0.000970640 -0.007500000 -0.021503859
v 0.000955686 -0.007500000 -0.021723212
v 0.000924708 -0.007500000 -0.021940881
v 0.000877870 -0.007500000 -0.022155696
v 0.000815426 -0.007500000 -0.022366504
v 0.000737710 -0.007500000 -0.022572173
v 0.000645140 -0.007500000 -0.022771598
v 0.000538214 -0.007500000 -0.022963707
v 0.000417504 -0.007500000 -0.023147470
v 0.000283660 -0.007500000 -0.023321898
v 0.000137401 -0.007500000 -0.023486056
v -0.000020487 -0.007500000 -0.023639061
v -0.000189158 -0.007500000 -0.023780091
v -0.000367705 -0.007500000 -0.023908390
v -0.000555168 -0.007500000 -0.024023268
v -0.000750541 -0.007500000 -0.024124108
v -0.000952775 -0.007500000 -0.024210368
v -0.001160784 -0.007500000 -0.024281585
v -0.001373450 -0.007500000 -0.024337377
v -0.001589630 -0.007500000 -0.024377443
v -0.001808165 -0.007500000 -0.024401570
v -0.002027879 -0.007500000 -0.024409626
v -0.002027879 0.007500000 -0.024409626
v -0.001808165 0.007500000 -0.024401570
v -0.001589630 0.007500000 -0.024377443
v -0.001373450 0.007500000 -0.024337377
v -0.001160784 0.007500000 -0.024281585
v -0.000952775 0.007500000 -0.024210368
v -0.000750541 0.007500000 -0.024124108
v -0.000555168 0.007500000 -0.024023268
v -0.000367705 0.007500000 -0.023908390
v -0.000189158 0.007500000 -0.023780091
v -0.000020487 0.007500000 -0.023639061
v 0.000137401 0.007500000 -0.023486056
v 0.000283660 0.007500000 -0.023321898
v 0.000417504 0.007500000 -0.023147470
v 0.000538214 0.007500000 -0.022963707
v 0.000645140 0.007500000 -0.022771598
v 0.000737710 0.007500000 -0.022572173
v 0.000815426 0.007500000 -0.022366504
v 0.000877870 0.007500000 -0.022155696
v 0.000924708 0.007500000 -0.021940881
v 0.000955686 0.007500000 -0.021723212
v 0.000970640 0.007500000 -0.021503859
v 0.000969489 0.007500000 -0.021283999
v 0.000952239 0.007500000 -0.021064815
v 0.000918983 0.007500000 -0.020847482
v 0.000869898 0.007500000 -0.020633169
v 0.000869898 0.000514215 -0.020633169
v 0.000869898 -0.000514215 -0.020633169
v 0.000879143 -0.000486933 -0.020668525
v 0.000888059 -0.000454686 -0.020704412
v 0.000895431 -0.000422159 -0.020735612
v 0.000902327 -0.000385124 -0.020766248
v 0.000908033 -0.000347678 -0.020792826
v 0.000913206 -0.000305935 -0.020818002
v 0.000917334 -0.000264555 -0.020838879
v 0.000920917 -0.000219256 -0.020857577
v 0.000923598 -0.000175208 -0.020872004
v 0.000925703 -0.000127937 -0.020883685
v 0.000927043 -0.000082862 -0.020891346
v 0.000927760 -0.000040152 -0.020895568
v 0.000927975 0.000000113 -0.020896866
v 0.000927784 0.000037882 -0.020895706
v 0.000927250 0.000073156 -0.020892553
v 0.000925949 0.000120951 -0.020885073
v 0.000923943 0.000168455 -0.020873891
v 0.000921218 0.000214831 -0.020859177
v 0.000917802 0.000259233 -0.020841289
v 0.000914198 0.000296777 -0.020822956
v 0.000909221 0.000338854 -0.020798514
v 0.000903275 0.000379374 -0.020770588
v 0.000896677 0.000415982 -0.020741044
v 0.000888835 0.000451532 -0.020707628
v 0.000880191 0.000483471 -0.020672650
v 0.000875196 0.000499248 -0.020653217
v -0.004758036 0.007500000 0.000370566
v 0.000869898 0.007500000 -0.020633169
v 0.000869898 0.000514215 -0.020633169
v 0.000860757 0.000536902 -0.020599055
v 0.000851243 0.000557167 -0.020563547
v 0.000841398 0.000574918 -0.020526805
v 0.000831267 0.000590077 -0.020488995
v 0.000820895 0.000602573 -0.020450287
v 0.000810330 0.000612352 -0.020410856
v 0.000799618 0.000619368 -0.020370881
v 0.000788809 0.000623590 -0.020330540
v 0.000777951 0.000625000 -0.020290017
v 0.000765862 0.000623252 -0.020244902
v 0.000753842 0.000618019 -0.020200040
v 0.000741955 0.000609330 -0.020155680
v 0.000730271 0.000597233 -0.020112072
v 0.000718853 0.000581796 -0.020069459
v 0.000707765 0.000563106 -0.020028080
v 0.000697070 0.000541266 -0.019988165
v 0.000686827 0.000516399 -0.019949939
v 0.000677094 0.000488645 -0.019913614
v 0.000667925 0.000458157 -0.019879394
v 0.000659371 0.000425108 -0.019847471
v 0.000651480 0.000389681 -0.019818023
v 0.000644297 0.000352075 -0.019791214
v 0.000637861 0.000312500 -0.019767194
v 0.000632208 0.000271177 -0.019746099
v 0.000627371 0.000228338 -0.019728045
v 0.000623376 0.000184222 -0.019713134
v 0.000620245 0.000139076 -0.019701450
v 0.000617996 0.000093151 -0.019693056
v 0.000616641 0.000046706 -0.019688001
v 0.000616189 -0.000000000 -0.019686313
v 0.000616641 -0.000046706 -0.019688001
v 0.000617996 -0.000093151 -0.019693056
v 0.000620245 -0.000139076 -0.019701450
v 0.000623376 -0.000184222 -0.019713134
v 0.000627371 -0.000228338 -0.019728045
v 0.000632208 -0.000271177 -0.019746099
v 0.000637861 -0.000312500 -0.019767194
v 0.000644297 -0.000352075 -0.019791214
v 0.000651480 -0.000389681 -0.019818023
v 0.000659371 -0.000425108 -0.019847471
v 0.000667925 -0.000458157 -0.019879394
v 0.000677094 -0.000488645 -0.019913614
v 0.000686827 -0.000516399 -0.019949939
v 0.000697070 -0.000541266 -0.019988165
v 0.000707765 -0.000563106 -0.020028080
v 0.000718853 -0.000581796 -0.020069459
v 0.000730271 -0.000597233 -0.020112072
v 0.000741955 -0.000609330 -0.020155680
v 0.000753842 -0.000618019 -0.020200040
v 0.000765862 -0.000623252 -0.020244902
v 0.000777951 -0.000625000 -0.020290017
v 0.000788809 -0.000623590 -0.020330540
v 0.000799618 -0.000619368 -0.020370881
v 0.000810330 -0.000612352 -0.020410856
v 0.000820895 -0.000602573 -0.020450287
v 0.000831267 -0.000590077 -0.020488995
v 0.000841398 -0.000574918 -0.020526805
v 0.000851243 -0.000557167 -0.020563547
v 0.000860757 -0.000536902 -0.020599055
v 0.000869898 -0.000514215 -0.020633169
v 0.000869898 -0.007500000 -0.020633169
v -0.004758036 -0.007500000 0.000370566
v -0.002289055 0.003500000 -0.008843796
v -0.002327738 0.003494408 -0.008699429
v -0.002366205 0.003477662 -0.008555868
v -0.002404240 0.003449856 -0.008413919
v -0.002441631 0.003411146 -0.008274373
v -0.002478169 0.003361747 -0.008138011
v -0.002513650 0.003301938 -0.008005597
v -0.002547874 0.003232051 -0.007877870
v -0.002580651 0.003152478 -0.007755545
v -0.002611797 0.003063663 -0.007639306
v -0.002641138 0.002966104 -0.007529803
v -0.002668510 0.002860345 -0.007427649
v -0.002693761 0.002746980 -0.007333414
v -0.002716747 0.002626640 -0.007247625
v -0.002737343 0.002500000 -0.007170763
v -0.002755431 0.002367767 -0.007103258
v -0.002770911 0.002230682 -0.007045486
v -0.002783696 0.002089510 -0.006997771
v -0.002793715 0.001945042 -0.006960380
v -0.002800911 0.001798085 -0.006933522
v -0.002805245 0.001649460 -0.006917346
v -0.002806693 0.001500000 -0.006911944
v -0.002806693 -0.001500000 -0.006911944
v -0.002805245 -0.001649460 -0.006917346
v -0.002800911 -0.001798085 -0.006933522
v -0.002793715 -0.001945042 -0.006960380
v -0.002783696 -0.002089510 -0.006997771
v -0.002770911 -0.002230682 -0.007045486
v -0.002755431 -0.002367767 -0.007103258
v -0.002737343 -0.002500000 -0.007170763
v -0.002716747 -0.002626640 -0.007247625
v -0.002693761 -0.002746980 -0.007333414
v -0.002668510 -0.002860345 -0.007427649
v -0.002641138 -0.002966104 -0.007529803
v -0.002611797 -0.003063663 -0.007639306
v -0.002580651 -0.003152478 -0.007755545
v -0.002547874 -0.003232051 -0.007877870
v -0.002513650 -0.003301938 -0.008005597
v -0.002478169 -0.003361747 -0.008138011
v -0.002441631 -0.003411146 -0.008274373
v -0.002404240 -0.003449856 -0.008413919
v -0.002366205 -0.003477662 -0.008555868
v -0.002327738 -0.003494408 -0.008699429
v -0.002289055 -0.003500000 -0.008843796
v -0.000037329 -0.003500000 -0.017247351
v 0.000001354 -0.003494408 -0.017391718
v 0.000039821 -0.003477662 -0.017535278
v 0.000077856 -0.003449856 -0.017677228
v 0.000115247 -0.003411146 -0.017816774
v 0.000151785 -0.003361747 -0.017953135
v 0.000187266 -0.003301938 -0.018085550
v 0.000221490 -0.003232051 -0.018213277
v 0.000254267 -0.003152478 -0.018335601
v 0.000285413 -0.003063663 -0.018451841
v 0.000314754 -0.002966104 -0.018561344
v 0.000342126 -0.002860345 -0.018663498
v 0.000367377 -0.002746980 -0.018757733
v 0.000390364 -0.002626640 -0.018843521
v 0.000410959 -0.002500000 -0.018920383
v 0.000429047 -0.002367767 -0.018987889
v 0.000444527 -0.002230682 -0.019045661
v 0.000457312 -0.002089510 -0.019093376
v 0.000467331 -0.001945042 -0.019130767
v 0.000474527 -0.001798085 -0.019157625
v 0.000478862 -0.001649460 -0.019173801
v 0.000480309 -0.001500000 -0.019179202
v 0.000480309 0.001500000 -0.019179202
v 0.000478862 0.001649460 -0.019173801
v 0.000474527 0.001798085 -0.019157625
v 0.000467331 0.001945042 -0.019130767
v 0.000457312 0.002089510 -0.019093376
v 0.000444527 0.002230682 -0.019045661
v 0.000429047 0.002367767 -0.018987889
v 0.000410959 0.002500000 -0.018920383
v 0.000390364 0.002626640 -0.018843521
v 0.000367377 0.002746980 -0.018757733
v 0.000342126 0.002860345 -0.018663498
v 0.000314754 0.002966104 -0.018561344
v 0.000285413 0.003063663 -0.018451841
v 0.000254267 0.003152478 -0.018335601
v 0.000221490 0.003232051 -0.018213277
v 0.000187266 0.003301938 -0.018085550
v 0.000151785 0.003361747 -0.017953135
v 0.000115247 0.003411146 -0.017816774
v 0.000077856 0.003449856 -0.017677228
v 0.000039821 0.003477662 -0.017535278
v 0.000001354 0.003494408 -0.017391718
v -0.000037329 0.003500000 -0.017247351
v -0.003880792 0.000625000 -0.002903352
v -0.003892880 0.000623252 -0.002858237
v -0.003904901 0.000618019 -0.002813375
v -0.003916787 0.000609330 -0.002769015
v -0.003928472 0.000597233 -0.002725407
v -0.003939890 0.000581796 -0.002682794
v -0.003950978 0.000563106 -0.002641415
v -0.003961673 0.000541266 -0.002601500
v -0.003971916 0.000516399 -0.002563274
v -0.003981649 0.000488645 -0.002526949
v -0.003990818 0.000458157 -0.002492729
v -0.003999372 0.000425108 -0.002460806
v -0.004007262 0.000389681 -0.002431358
v -0.004014446 0.000352075 -0.002404549
v -0.004020882 0.000312500 -0.002380530
v -0.004026534 0.000271177 -0.002359434
v -0.004031372 0.000228338 -0.002341380
v -0.004035367 0.000184222 -0.002326469
v -0.004038498 0.000139076 -0.002314785
v -0.004040747 0.000093151 -0.002306391
v -0.004042102 0.000046706 -0.002301337
v -0.004042554 -0.000000000 -0.002299649
v -0.004042102 -0.000046706 -0.002301337
v -0.004040747 -0.000093151 -0.002306391
v -0.004038498 -0.000139076 -0.002314785
v -0.004035367 -0.000184222 -0.002326469
v -0.004031372 -0.000228338 -0.002341380
v -0.004026534 -0.000271177 -0.002359434
v -0.004020882 -0.000312500 -0.002380530
v -0.004014446 -0.000352075 -0.002404549
v -0.004007262 -0.000389681 -0.002431358
v -0.003999372 -0.000425108 -0.002460806
v -0.003990818 -0.000458157 -0.002492729
v -0.003981649 -0.000488645 -0.002526949
v -0.003971916 -0.000516399 -0.002563274
v -0.003961673 -0.000541266 -0.002601500
v -0.003950978 -0.000563106 -0.002641415
v -0.003939890 -0.000581796 -0.002682794
v -0.003928472 -0.000597233 -0.002725407
v -0.003916787 -0.000609330 -0.002769015
v -0.003904901 -0.000618019 -0.002813375
v -0.003892880 -0.000623252 -0.002858237
v -0.003880792 -0.000625000 -0.002903352
v -0.003868703 -0.000623252 -0.002948467
v -0.003856683 -0.000618019 -0.002993330
v -0.003844797 -0.000609330 -0.003037689
v -0.003833112 -0.000597233 -0.003081297
v -0.003821694 -0.000581796 -0.003123910
v -0.003810606 -0.000563106 -0.003165289
v -0.003799911 -0.000541266 -0.003205204
v -0.003789668 -0.000516399 -0.003243431
v -0.003779935 -0.000488645 -0.003279755
v -0.003770766 -0.000458157 -0.003313975
v -0.003762212 -0.000425108 -0.003345898
v -0.003754321 -0.000389681 -0.003375347
v -0.003747138 -0.000352075 -0.003402156
v -0.003740702 -0.000312500 -0.003426175
v -0.003735049 -0.000271177 -0.003447270
v -0.003730212 -0.000228338 -0.003465324
v -0.003726217 -0.000184222 -0.003480235
v -0.003723086 -0.000139076 -0.003491920
v -0.003720837 -0.000093151 -0.003500313
v -0.003719482 -0.000046706 -0.003505368
v -0.003719030 0.000000000 -0.003507056
v -0.003719482 0.000046706 -0.003505368
v -0.003720837 0.000093151 -0.003500313
v -0.003723086 0.000139076 -0.003491920
v -0.003726217 0.000184222 -0.003480235
v -0.003730212 0.000228338 -0.003465324
v -0.003735049 0.000271177 -0.003447270
v -0.003740702 0.000312500 -0.003426175
v -0.003747138 0.000352075 -0.003402156
v -0.003754321 0.000389681 -0.003375347
v -0.003762212 0.000425108 -0.003345898
v -0.003770766 0.000458157 -0.003313975
v -0.003779935 0.000488645 -0.003279755
v -0.003789668 0.000516399 -0.003243431
v -0.003799911 0.000541266 -0.003205204
v -0.003810606 0.000563106 -0.003165289
v -0.003821694 0.000581796 -0.003123910
v -0.003833112 0.000597233 -0.003081297
v -0.003844797 0.000609330 -0.003037689
v -0.003856683 0.000618019 -0.002993330
v -0.003868703 0.000623252 -0.002948467
v -0.009409379 -0.007500000 0.002028242
v -0.009223705 -0.007500000 0.002151786
v -0.009029366 -0.007500000 0.002261196
v -0.008827436 -0.007500000 0.002355865
v -0.008619032 -0.007500000 0.002435272
v -0.008405304 -0.007500000 0.002498978
v -0.008187433 -0.007500000 0.002546630
v -0.007966625 -0.007500000 0.002577965
v -0.007744100 -0.007500000 0.002592809
v -0.007521086 -0.007500000 0.002591082
v -0.007298817 -0.007500000 0.002572792
v -0.007078521 -0.007500000 0.002538041
v -0.006861415 -0.007500000 0.002487019
v -0.006648700 -0.007500000 0.002420011
v -0.006441550 -0.007500000 0.002337385
v -0.006241111 -0.007500000 0.002239599
v -0.006048490 -0.007500000 0.002127192
v -0.005864752 -0.007500000 0.002000787
v -0.005690912 -0.007500000 0.001861081
v -0.005527931 -0.007500000 0.001708847
v -0.005376709 -0.007500000 0.001544926
v -0.005238083 -0.007500000 0.001370223
v -0.005112819 -0.007500000 0.001185705
v -0.005001608 -0.007500000 0.000992392
v -0.004905065 -0.007500000 0.000791350
v -0.004823725 -0.007500000 0.000583693
v -0.004758036 -0.007500000 0.000370566
v -0.004758036 0.007500000 0.000370566
v -0.004823720 0.007500000 0.000583679
v -0.004905054 0.007500000 0.000791323
v -0.005001587 0.007500000 0.000992353
v -0.005112788 0.007500000 0.001185655
v -0.005238040 0.007500000 0.001370164
v -0.005376652 0.007500000 0.001544858
v -0.005527858 0.007500000 0.001708774
v -0.005690823 0.007500000 0.001861004
v -0.005864645 0.007500000 0.002000708
v -0.006048365 0.007500000 0.002127113
v -0.006240968 0.007500000 0.002239522
v -0.006441388 0.007500000 0.002337314
v -0.006648519 0.007500000 0.002419947
v -0.006861216 0.007500000 0.002486965
v -0.007078304 0.007500000 0.002537998
v -0.007298583 0.007500000 0.002572764
v -0.007520836 0.007500000 0.002591071
v -0.007743835 0.007500000 0.002592817
v -0.007966347 0.007500000 0.002577994
v -0.008187143 0.007500000 0.002546682
v -0.008405004 0.007500000 0.002499055
v -0.008618724 0.007500000 0.002435376
v -0.008827124 0.007500000 0.002355998
v -0.009029052 0.007500000 0.002261358
v -0.009223391 0.007500000 0.002151979
v -0.009409069 0.007500000 0.002028466
v -0.036057140 0.007500000 -0.017163817
v -0.009409069 0.007500000 0.002028466
v -0.009409379 -0.007500000 0.002028242
v -0.036057140 -0.007500000 -0.017163817
v -0.036057140 -0.007500000 -0.017163817
v -0.036057140 0.007500000 -0.017163817
v -0.036290842 0.007500000 -0.017345638
v -0.036510453 0.007500000 -0.017544249
v -0.036714771 0.007500000 -0.017758561
v -0.036902675 0.007500000 -0.017987401
v -0.037073136 0.007500000 -0.018229513
v -0.037225220 0.007500000 -0.018483572
v -0.037358094 0.007500000 -0.018748185
v -0.037471029 0.007500000 -0.019021903
v -0.037563406 0.007500000 -0.019303225
v -0.037634720 0.007500000 -0.019590609
v -0.037684579 0.007500000 -0.019882482
v -0.037712710 0.007500000 -0.020177243
v -0.037718959 0.007500000 -0.020473277
v -0.037703293 0.007500000 -0.020768963
v -0.037665796 0.007500000 -0.021062680
v -0.037606674 0.007500000 -0.021352818
v -0.037526252 0.007500000 -0.021637788
v -0.037424969 0.007500000 -0.021916028
v -0.037303382 0.007500000 -0.022186013
v -0.037162155 0.007500000 -0.022446264
v -0.037002064 0.007500000 -0.022695354
v -0.036823984 0.007500000 -0.022931920
v -0.036628893 0.007500000 -0.023154664
v -0.036417859 0.007500000 -0.023362366
v -0.036192039 0.007500000 -0.023553888
v -0.035952669 0.007500000 -0.023728181
v -0.035701063 0.007500000 -0.023884288
v -0.035438597 0.007500000 -0.024021356
v -0.035166712 0.007500000 -0.024138632
v -0.034886895 0.007500000 -0.024235474
v -0.034600682 0.007500000 -0.024311351
v -0.034309640 0.007500000 -0.024365849
v -0.034015364 0.007500000 -0.024398667
v -0.033719466 0.007500000 -0.024409626
v -0.033719466 -0.007500000 -0.024409626
v -0.034015364 -0.007500000 -0.024398667
v -0.034309640 -0.007500000 -0.024365849
v -0.034600682 -0.007500000 -0.024311351
v -0.034886895 -0.007500000 -0.024235474
v -0.035166712 -0.007500000 -0.024138632
v -0.035438597 -0.007500000 -0.024021356
v -0.035701063 -0.007500000 -0.023884288
v -0.035952669 -0.007500000 -0.023728181
v -0.036192039 -0.007500000 -0.023553888
v -0.036417859 -0.007500000 -0.023362366
v -0.036628893 -0.007500000 -0.023154664
v -0.036823984 -0.007500000 -0.022931920
v -0.037002064 -0.007500000 -0.022695354
v -0.037162155 -0.007500000 -0.022446264
v -0.037303382 -0.007500000 -0.022186013
v -0.037424969 -0.007500000 -0.021916028
v -0.037526252 -0.007500000 -0.021637788
v -0.037606674 -0.007500000 -0.021352818
v -0.037665796 -0.007500000 -0.021062680
v -0.037703293 -0.007500000 -0.020768963
v -0.037718959 -0.007500000 -0.020473277
v -0.037712710 -0.007500000 -0.020177243
v -0.037684579 -0.007500000 -0.019882482
v -0.037634720 -0.007500000 -0.019590609
v -0.037563406 -0.007500000 -0.019303225
v -0.037471029 -0.007500000 -0.019021903
v -0.037358094 -0.007500000 -0.018748185
v -0.037225220 -0.007500000 -0.018483572
v -0.037073136 -0.007500000 -0.018229513
v -0.036902675 -0.007500000 -0.017987401
v -0.036714771 -0.007500000 -0.017758561
v -0.036510453 -0.007500000 -0.017544249
v -0.036290842 -0.007500000 -0.017345638
v -0.034067791 -0.000000000 -0.024394431
v -0.034072363 0.000123095 -0.024394039
v -0.034086002 0.000244645 -0.024392807
v -0.034108593 0.000364668 -0.024390654
v -0.034136639 0.000471493 -0.024387818
v -0.034168038 0.000566176 -0.024384402
v -0.034204978 0.000658661 -0.024380054
v -0.034247218 0.000748243 -0.024374659
v -0.034294816 0.000834995 -0.024368037
v -0.034347550 0.000918731 -0.024360014
v -0.034405112 0.000999125 -0.024350429
v -0.034467198 0.001075852 -0.024339117
v -0.034533501 0.001148585 -0.024325917
v -0.034603714 0.001216998 -0.024310664
v -0.034677532 0.001280766 -0.024293196
v -0.034754923 0.001339865 -0.024273264
v -0.034835533 0.001394234 -0.024250743
v -0.034918566 0.001443485 -0.024225655
v -0.035003256 0.001487259 -0.024198014
v -0.035089425 0.001525667 -0.024167707
v -0.035176945 0.001558842 -0.024134638
v -0.035265569 0.001586820 -0.024098740
v -0.035354834 0.001609591 -0.024060048
v -0.035443654 0.001627090 -0.024018945
v -0.035531882 0.001639509 -0.023975458
v -0.035619481 0.001647069 -0.023929562
v -0.035706413 0.001649945 -0.023881216
v -0.035792381 0.001648282 -0.023830565
v -0.035876909 0.001642295 -0.023777911
v -0.035959531 0.001632195 -0.023723552
v -0.036040281 0.001618167 -0.023667469
v -0.036119219 0.001600395 -0.023609708
v -0.036196222 0.001579071 -0.023550447
v -0.036295675 0.001545446 -0.023469410
v -0.036402832 0.001501050 -0.023375969
v -0.036504594 0.001450325 -0.023280700
v -0.036601199 0.001393625 -0.023183681
v -0.036692945 0.001331081 -0.023085060
v -0.036779726 0.001262923 -0.022985351
v -0.036861440 0.001189384 -0.022885072
v -0.036937980 0.001110701 -0.022784739
v -0.037009235 0.001027352 -0.022684949
v -0.037075165 0.000938918 -0.022586473
v -0.037135757 0.000844551 -0.022490110
v -0.037190998 0.000743406 -0.022396655
v -0.037240856 0.000634657 -0.022306939
v -0.037276720 0.000540780 -0.022238775
v -0.037302977 0.000458097 -0.022186795
v -0.037321592 0.000387751 -0.022148785
v -0.037336126 0.000321664 -0.022118369
v -0.037347107 0.000260225 -0.022094971
v -0.037355137 0.000203546 -0.022077609
v -0.037360768 0.000151542 -0.022065283
v -0.037364713 0.000100199 -0.022056554
v -0.037367010 0.000050370 -0.022051423
v -0.037367594 0.000025247 -0.022050109
v -0.037367791 -0.000000000 -0.022049665
v -0.037367156 -0.000045318 -0.022051094
v -0.037365086 -0.000093758 -0.022055720
v -0.037361261 -0.000145954 -0.022064191
v -0.037355599 -0.000199664 -0.022076595
v -0.037347439 -0.000258062 -0.022094251
v -0.037337446 -0.000314924 -0.022115574
v -0.037325757 -0.000370063 -0.022140135
v -0.037308088 -0.000439895 -0.022176451
v -0.037285617 -0.000514303 -0.022221354
v -0.037254178 -0.000601701 -0.022281983
v -0.037215081 -0.000693325 -0.022354004
v -0.037159458 -0.000803001 -0.022450632
v -0.037097613 -0.000905345 -0.022551345
v -0.037029781 -0.001000943 -0.022654844
v -0.036956199 -0.001090381 -0.022759830
v -0.036877156 -0.001174106 -0.022865038
v -0.036792870 -0.001251919 -0.022969783
v -0.036703119 -0.001323762 -0.023073848
v -0.036607652 -0.001389611 -0.023177030
v -0.036506218 -0.001449443 -0.023279124
v -0.036398921 -0.001502883 -0.023379540
v -0.036286242 -0.001549067 -0.023477419
v -0.036168345 -0.001587373 -0.023572331
v -0.036045394 -0.001617180 -0.023663848
v -0.035917535 -0.001637861 -0.023751553
v -0.035798390 -0.001647998 -0.023826916
v -0.035688799 -0.001649734 -0.023891243
v -0.035581489 -0.001644366 -0.023949805
v -0.035476472 -0.001632277 -0.024003082
v -0.035370383 -0.001613020 -0.024053041
v -0.035263532 -0.001586241 -0.024099594
v -0.035157932 -0.001552134 -0.024142030
v -0.035054221 -0.001510698 -0.024180361
v -0.034952510 -0.001461787 -0.024214831
v -0.034852761 -0.001404995 -0.024245697
v -0.034756036 -0.001340668 -0.024272966
v -0.034672687 -0.001276815 -0.024294388
v -0.034601163 -0.001214656 -0.024311243
v -0.034533093 -0.001148183 -0.024326007
v -0.034468746 -0.001077687 -0.024338830
v -0.034408387 -0.001003455 -0.024349865
v -0.034352283 -0.000925776 -0.024359265
v -0.034300702 -0.000844940 -0.024367180
v -0.034253910 -0.000761236 -0.024373764
v -0.034212134 -0.000674881 -0.024379172
v -0.034175319 -0.000585754 -0.024383573
v -0.034143651 -0.000494384 -0.024387078
v -0.034117376 -0.000401433 -0.024389787
v -0.034096687 -0.000307495 -0.024391804
v -0.034081523 -0.000212677 -0.024393219
v -0.034071917 -0.000116962 -0.024394078
v -0.034068824 -0.000058647 -0.024394345
v -0.045217791 -0.007500000 -0.014206648
v -0.045217791 -0.007500000 0.016831249
v -0.045217791 0.007500000 -0.014206648
v -0.045217791 0.007500000 0.016831249
v -0.045217791 0.000000000 -0.003309626
v -0.045217791 0.000082203 -0.003312702
v -0.045217791 0.000163946 -0.003321913
v -0.045217791 0.000244773 -0.003337206
v -0.045217791 0.000324231 -0.003358496
v -0.045217791 0.000401875 -0.003385665
v -0.045217791 0.000477272 -0.003418561
v -0.045217791 0.000550000 -0.003456998
v -0.045217791 0.000619652 -0.003500764
v -0.045217791 0.000685839 -0.003549612
v -0.045217791 0.000748190 -0.003603269
v -0.045217791 0.000806357 -0.003661436
v -0.045217791 0.000860015 -0.003723788
v -0.045217791 0.000908863 -0.003789974
v -0.045217791 0.000952628 -0.003859626
v -0.045217791 0.000991066 -0.003932354
v -0.045217791 0.001023961 -0.004007751
v -0.045217791 0.001051130 -0.004085396
v -0.045217791 0.001072421 -0.004164853
v -0.045217791 0.001087714 -0.004245680
v -0.045217791 0.001096924 -0.004327423
v -0.045217791 0.001100000 -0.004409626
v -0.045217791 0.001096924 -0.004491830
v -0.045217791 0.001087714 -0.004573573
v -0.045217791 0.001072421 -0.004654399
v -0.045217791 0.001051130 -0.004733857
v -0.045217791 0.001023961 -0.004811502
v -0.045217791 0.000991066 -0.004886899
v -0.045217791 0.000952628 -0.004959626
v -0.045217791 0.000908863 -0.005029279
v -0.045217791 0.000860015 -0.005095465
v -0.045217791 0.000806357 -0.005157816
v -0.045217791 0.000748190 -0.005215984
v -0.045217791 0.000685839 -0.005269641
v -0.045217791 0.000619652 -0.005318489
v -0.045217791 0.000550000 -0.005362254
v -0.045217791 0.000477272 -0.005400692
v -0.045217791 0.000401875 -0.005433588
v -0.045217791 0.000324231 -0.005460757
v -0.045217791 0.000244773 -0.005482047
v -0.045217791 0.000163946 -0.005497340
v -0.045217791 0.000082203 -0.005506551
v -0.045217791 0.000000000 -0.005509626
v -0.045217791 -0.000082203 -0.005506551
v -0.045217791 -0.000163946 -0.005497340
v -0.045217791 -0.000244773 -0.005482047
v -0.045217791 -0.000324231 -0.005460757
v -0.045217791 -0.000401875 -0.005433588
v -0.045217791 -0.000477272 -0.005400692
v -0.045217791 -0.000550000 -0.005362254
v -0.045217791 -0.000619652 -0.005318489
v -0.045217791 -0.000685839 -0.005269641
v -0.045217791 -0.000748190 -0.005215984
v -0.045217791 -0.000806357 -0.005157816
v -0.045217791 -0.000860015 -0.005095465
v -0.045217791 -0.000908863 -0.005029279
v -0.045217791 -0.000952628 -0.004959626
v -0.045217791 -0.000991066 -0.004886899
v -0.045217791 -0.001023961 -0.004811502
v -0.045217791 -0.001051130 -0.004733857
v -0.045217791 -0.001072421 -0.004654399
v -0.045217791 -0.001087714 -0.004573573
v -0.045217791 -0.001096924 -0.004491830
v -0.045217791 -0.001100000 -0.004409626
v -0.045217791 -0.001096924 -0.004327423
v -0.045217791 -0.001087714 -0.004245680
v -0.045217791 -0.001072421 -0.004164853
v -0.045217791 -0.001051130 -0.004085396
v -0.045217791 -0.001023961 -0.004007751
v -0.045217791 -0.000991066 -0.003932354
v -0.045217791 -0.000952628 -0.003859626
v -0.045217791 -0.000908863 -0.003789974
v -0.045217791 -0.000860015 -0.003723788
v -0.045217791 -0.000806357 -0.003661436
v -0.045217791 -0.000748190 -0.003603269
v -0.045217791 -0.000685839 -0.003549612
v -0.045217791 -0.000619652 -0.003500764
v -0.045217791 -0.000550000 -0.003456998
v -0.045217791 -0.000477272 -0.003418561
v -0.045217791 -0.000401875 -0.003385665
v -0.045217791 -0.000324231 -0.003358496
v -0.045217791 -0.000244773 -0.003337206
v -0.045217791 -0.000163946 -0.003321913
v -0.045217791 -0.000082203 -0.003312702
v -0.045217791 0.000000000 0.008690374
v -0.045217791 0.000082203 0.008687298
v -0.045217791 0.000163946 0.008678087
v -0.045217791 0.000244773 0.008662794
v -0.045217791 0.000324231 0.008641504
v -0.045217791 0.000401875 0.008614335
v -0.045217791 0.000477272 0.008581439
v -0.045217791 0.000550000 0.008543002
v -0.045217791 0.000619652 0.008499236
v -0.045217791 0.000685839 0.008450388
v -0.045217791 0.000748190 0.008396731
v -0.045217791 0.000806357 0.008338564
v -0.045217791 0.000860015 0.008276212
v -0.045217791 0.000908863 0.008210026
v -0.045217791 0.000952628 0.008140374
v -0.045217791 0.000991066 0.008067646
v -0.045217791 0.001023961 0.007992249
v -0.045217791 0.001051130 0.007914604
v -0.045217791 0.001072421 0.007835147
v -0.045217791 0.001087714 0.007754320
v -0.045217791 0.001096924 0.007672577
v -0.045217791 0.001100000 0.007590374
v -0.045217791 0.001096924 0.007508170
v -0.045217791 0.001087714 0.007426427
v -0.045217791 0.001072421 0.007345601
v -0.045217791 0.001051130 0.007266143
v -0.045217791 0.001023961 0.007188498
v -0.045217791 0.000991066 0.007113101
v -0.045217791 0.000952628 0.007040374
v -0.045217791 0.000908863 0.006970721
v -0.045217791 0.000860015 0.006904535
v -0.045217791 0.000806357 0.006842184
v -0.045217791 0.000748190 0.006784016
v -0.045217791 0.000685839 0.006730359
v -0.045217791 0.000619652 0.006681511
v -0.045217791 0.000550000 0.006637746
v -0.045217791 0.000477272 0.006599308
v -0.045217791 0.000401875 0.006566412
v -0.045217791 0.000324231 0.006539243
v -0.045217791 0.000244773 0.006517953
v -0.045217791 0.000163946 0.006502660
v -0.045217791 0.000082203 0.006493449
v -0.045217791 0.000000000 0.006490374
v -0.045217791 -0.000082203 0.006493449
v -0.045217791 -0.000163946 0.006502660
v -0.045217791 -0.000244773 0.006517953
v -0.045217791 -0.000324231 0.006539243
v -0.045217791 -0.000401875 0.006566412
v -0.045217791 -0.000477272 0.006599308
v -0.045217791 -0.000550000 0.006637746
v -0.045217791 -0.000619652 0.006681511
v -0.045217791 -0.000685839 0.006730359
v -0.045217791 -0.000748190 0.006784016
v -0.045217791 -0.000806357 0.006842184
v -0.045217791 -0.000860015 0.006904535
v -0.045217791 -0.000908863 0.006970721
v -0.045217791 -0.000952628 0.007040374
v -0.045217791 -0.000991066 0.007113101
v -0.045217791 -0.001023961 0.007188498
v -0.045217791 -0.001051130 0.007266143
v -0.045217791 -0.001072421 0.007345601
v -0.045217791 -0.001087714 0.007426427
v -0.045217791 -0.001096924 0.007508170
v -0.045217791 -0.001100000 0.007590374
v -0.045217791 -0.001096924 0.007672577
v -0.045217791 -0.001087714 0.007754320
v -0.045217791 -0.001072421 0.007835147
v -0.045217791 -0.001051130 0.007914604
v -0.045217791 -0.001023961 0.007992249
v -0.045217791 -0.000991066 0.008067646
v -0.045217791 -0.000952628 0.008140374
v -0.045217791 -0.000908863 0.008210026
v -0.045217791 -0.000860015 0.008276212
v -0.045217791 -0.000806357 0.008338564
v -0.045217791 -0.000748190 0.008396731
v -0.045217791 -0.000685839 0.008450388
v -0.045217791 -0.000619652 0.008499236
v -0.045217791 -0.000550000 0.008543002
v -0.045217791 -0.000477272 0.008581439
v -0.045217791 -0.000401875 0.008614335
v -0.045217791 -0.000324231 0.008641504
v -0.045217791 -0.000244773 0.008662794
v -0.045217791 -0.000163946 0.008678087
v -0.045217791 -0.000082203 0.008687298
v -0.045217791 -0.000000000 -0.009259626
v -0.045217791 0.000123305 -0.009264240
v -0.045217791 0.000245920 -0.009278056
v -0.045217791 0.000367160 -0.009300995
v -0.045217791 0.000486346 -0.009332931
v -0.045217791 0.000602813 -0.009373685
v -0.045217791 0.000715908 -0.009423028
v -0.045217791 0.000825000 -0.009480685
v -0.045217791 0.000929478 -0.009546332
v -0.045217791 0.001028758 -0.009619604
v -0.045217791 0.001122285 -0.009700091
v -0.045217791 0.001209536 -0.009787341
v -0.045217791 0.001290022 -0.009880868
v -0.045217791 0.001363294 -0.009980148
v -0.045217791 0.001428942 -0.010084626
v -0.045217791 0.001486599 -0.010193718
v -0.045217791 0.001535942 -0.010306814
v -0.045217791 0.001576695 -0.010423280
v -0.045217791 0.001608631 -0.010542467
v -0.045217791 0.001631571 -0.010663707
v -0.045217791 0.001645386 -0.010786322
v -0.045217791 0.001650000 -0.010909626
v -0.045217791 0.001645386 -0.011032931
v -0.045217791 0.001631571 -0.011155546
v -0.045217791 0.001608631 -0.011276786
v -0.045217791 0.001576695 -0.011395972
v -0.045217791 0.001535942 -0.011512439
v -0.045217791 0.001486599 -0.011625535
v -0.045217791 0.001428942 -0.011734626
v -0.045217791 0.001363294 -0.011839105
v -0.045217791 0.001290022 -0.011938385
v -0.045217791 0.001209536 -0.012031911
v -0.045217791 0.001122285 -0.012119162
v -0.045217791 0.001028758 -0.012199648
v -0.045217791 0.000929478 -0.012272920
v -0.045217791 0.000825000 -0.012338568
v -0.045217791 0.000715908 -0.012396225
v -0.045217791 0.000602813 -0.012445568
v -0.045217791 0.000486346 -0.012486322
v -0.045217791 0.000367160 -0.012518257
v -0.045217791 0.000245920 -0.012541197
v -0.045217791 0.000123305 -0.012555013
v -0.045217791 -0.000000000 -0.012559626
v -0.045217791 -0.000123305 -0.012555013
v -0.045217791 -0.000245920 -0.012541197
v -0.045217791 -0.000367160 -0.012518257
v -0.045217791 -0.000486346 -0.012486322
v -0.045217791 -0.000602813 -0.012445568
v -0.045217791 -0.000715908 -0.012396225
v -0.045217791 -0.000825000 -0.012338568
v -0.045217791 -0.000929478 -0.012272920
v -0.045217791 -0.001028758 -0.012199648
v -0.045217791 -0.001122285 -0.012119162
v -0.045217791 -0.001209536 -0.012031911
v -0.045217791 -0.001290022 -0.011938385
v -0.045217791 -0.001363294 -0.011839105
v -0.045217791 -0.001428942 -0.011734626
v -0.045217791 -0.001486599 -0.011625535
v -0.045217791 -0.001535942 -0.011512439
v -0.045217791 -0.001576695 -0.011395972
v -0.045217791 -0.001608631 -0.011276786
v -0.045217791 -0.001631571 -0.011155546
v -0.045217791 -0.001645386 -0.011032931
v -0.045217791 -0.001650000 -0.010909626
v -0.045217791 -0.001645386 -0.010786322
v -0.045217791 -0.001631571 -0.010663707
v -0.045217791 -0.001608631 -0.010542467
v -0.045217791 -0.001576695 -0.010423280
v -0.045217791 -0.001535942 -0.010306814
v -0.045217791 -0.001486599 -0.010193718
v -0.045217791 -0.001428942 -0.010084626
v -0.045217791 -0.001363294 -0.009980148
v -0.045217791 -0.001290022 -0.009880868
v -0.045217791 -0.001209536 -0.009787341
v -0.045217791 -0.001122285 -0.009700091
v -0.045217791 -0.001028758 -0.009619604
v -0.045217791 -0.000929478 -0.009546332
v -0.045217791 -0.000825000 -0.009480685
v -0.045217791 -0.000715908 -0.009423028
v -0.045217791 -0.000602813 -0.009373685
v -0.045217791 -0.000486346 -0.009332931
v -0.045217791 -0.000367160 -0.009300995
v -0.045217791 -0.000245920 -0.009278056
v -0.045217791 -0.000123305 -0.009264240
v -0.045217791 0.000000000 0.015740374
v -0.045217791 0.000123305 0.015735760
v -0.045217791 0.000245920 0.015721944
v -0.045217791 0.000367160 0.015699005
v -0.045217791 0.000486346 0.015667069
v -0.045217791 0.000602813 0.015626315
v -0.045217791 0.000715908 0.015576972
v -0.045217791 0.000825000 0.015519315
v -0.045217791 0.000929478 0.015453668
v -0.045217791 0.001028758 0.015380396
v -0.045217791 0.001122285 0.015299909
v -0.045217791 0.001209536 0.015212659
v -0.045217791 0.001290022 0.015119132
v -0.045217791 0.001363294 0.015019852
v -0.045217791 0.001428942 0.014915374
v -0.045217791 0.001486599 0.014806282
v -0.045217791 0.001535942 0.014693186
v -0.045217791 0.001576695 0.014576720
v -0.045217791 0.001608631 0.014457533
v -0.045217791 0.001631571 0.014336293
v -0.045217791 0.001645386 0.014213678
v -0.045217791 0.001650000 0.014090374
v -0.045217791 0.001645386 0.013967069
v -0.045217791 0.001631571 0.013844454
v -0.045217791 0.001608631 0.013723214
v -0.045217791 0.001576695 0.013604028
v -0.045217791 0.001535942 0.013487561
v -0.045217791 0.001486599 0.013374465
v -0.045217791 0.001428942 0.013265374
v -0.045217791 0.001363294 0.013160895
v -0.045217791 0.001290022 0.013061615
v -0.045217791 0.001209536 0.012968089
v -0.045217791 0.001122285 0.012880838
v -0.045217791 0.001028758 0.012800352
v -0.045217791 0.000929478 0.012727080
v -0.045217791 0.000825000 0.012661432
v -0.045217791 0.000715908 0.012603775
v -0.045217791 0.000602813 0.012554432
v -0.045217791 0.000486346 0.012513678
v -0.045217791 0.000367160 0.012481743
v -0.045217791 0.000245920 0.012458803
v -0.045217791 0.000123305 0.012444987
v -0.045217791 0.000000000 0.012440374
v -0.045217791 -0.000123305 0.012444987
v -0.045217791 -0.000245920 0.012458803
v -0.045217791 -0.000367160 0.012481743
v -0.045217791 -0.000486346 0.012513678
v -0.045217791 -0.000602813 0.012554432
v -0.045217791 -0.000715908 0.012603775
v -0.045217791 -0.000825000 0.012661432
v -0.045217791 -0.000929478 0.012727080
v -0.045217791 -0.001028758 0.012800352
v -0.045217791 -0.001122285 0.012880838
v -0.045217791 -0.001209536 0.012968089
v -0.045217791 -0.001290022 0.013061615
v -0.045217791 -0.001363294 0.013160895
v -0.045217791 -0.001428942 0.013265374
v -0.045217791 -0.001486599 0.013374465
v -0.045217791 -0.001535942 0.013487561
v -0.045217791 -0.001576695 0.013604028
v -0.045217791 -0.001608631 0.013723214
v -0.045217791 -0.001631571 0.013844454
v -0.045217791 -0.001645386 0.013967069
v -0.045217791 -0.001650000 0.014090374
v -0.045217791 -0.001645386 0.014213678
v -0.045217791 -0.001631571 0.014336293
v -0.045217791 -0.001608631 0.014457533
v -0.045217791 -0.001576695 0.014576720
v -0.045217791 -0.001535942 0.014693186
v -0.045217791 -0.001486599 0.014806282
v -0.045217791 -0.001428942 0.014915374
v -0.045217791 -0.001363294 0.015019852
v -0.045217791 -0.001290022 0.015119132
v -0.045217791 -0.001209536 0.015212659
v -0.045217791 -0.001122285 0.015299909
v -0.045217791 -0.001028758 0.015380396
v -0.045217791 -0.000929478 0.015453668
v -0.045217791 -0.000825000 0.015519315
v -0.045217791 -0.000715908 0.015576972
v -0.045217791 -0.000602813 0.015626315
v -0.045217791 -0.000486346 0.015667069
v -0.045217791 -0.000367160 0.015699005
v -0.045217791 -0.000245920 0.015721944
v -0.045217791 -0.000123305 0.015735760
v -0.045115568 0.007500000 -0.014983105
v -0.045049884 0.007500000 -0.015196218
v -0.044968550 0.007500000 -0.015403862
v -0.044872016 0.007500000 -0.015604891
v -0.044760816 0.007500000 -0.015798194
v -0.044635564 0.007500000 -0.015982703
v -0.044496952 0.007500000 -0.016157397
v -0.044345746 0.007500000 -0.016321312
v -0.044182781 0.007500000 -0.016473543
v -0.044008958 0.007500000 -0.016613246
v -0.043825238 0.007500000 -0.016739652
v -0.043632636 0.007500000 -0.016852061
v -0.043432215 0.007500000 -0.016949852
v -0.043225084 0.007500000 -0.017032485
v -0.043012387 0.007500000 -0.017099504
v -0.042795300 0.007500000 -0.017150537
v -0.042575021 0.007500000 -0.017185303
v -0.042352768 0.007500000 -0.017203610
v -0.042129769 0.007500000 -0.017205356
v -0.041907257 0.007500000 -0.017190533
v -0.041686460 0.007500000 -0.017159221
v -0.041468600 0.007500000 -0.017111594
v -0.041254879 0.007500000 -0.017047915
v -0.041046479 0.007500000 -0.016968537
v -0.040844552 0.007500000 -0.016873896
v -0.040650213 0.007500000 -0.016764518
v -0.040464535 0.007500000 -0.016641005
v -0.040464535 -0.007500000 -0.016641005
v -0.040650213 -0.007500000 -0.016764518
v -0.040844552 -0.007500000 -0.016873896
v -0.041046479 -0.007500000 -0.016968537
v -0.041254879 -0.007500000 -0.017047915
v -0.041468600 -0.007500000 -0.017111594
v -0.041686460 -0.007500000 -0.017159221
v -0.041907257 -0.007500000 -0.017190533
v -0.042129769 -0.007500000 -0.017205356
v -0.042352768 -0.007500000 -0.017203610
v -0.042575021 -0.007500000 -0.017185303
v -0.042795300 -0.007500000 -0.017150537
v -0.043012387 -0.007500000 -0.017099504
v -0.043225084 -0.007500000 -0.017032485
v -0.043432215 -0.007500000 -0.016949852
v -0.043632636 -0.007500000 -0.016852061
v -0.043825238 -0.007500000 -0.016739652
v -0.044008958 -0.007500000 -0.016613246
v -0.044182781 -0.007500000 -0.016473543
v -0.044345746 -0.007500000 -0.016321312
v -0.044496952 -0.007500000 -0.016157397
v -0.044635564 -0.007500000 -0.015982703
v -0.044760816 -0.007500000 -0.015798194
v -0.044872016 -0.007500000 -0.015604891
v -0.044968550 -0.007500000 -0.015403862
v -0.045049884 -0.007500000 -0.015196218
v -0.045115568 -0.007500000 -0.014983105
v -0.011396745 0.007500000 0.004293991
v -0.040464535 0.007500000 -0.016641005
v -0.040464535 -0.007500000 -0.016641005
v -0.011396745 -0.007500000 0.004293991
v -0.010252223 -0.007500000 0.007504805
v -0.010204393 -0.007500000 0.007297031
v -0.010171442 -0.007500000 0.007086385
v -0.010153535 -0.007500000 0.006873930
v -0.010150762 -0.007500000 0.006660741
v -0.010163138 -0.007500000 0.006447892
v -0.010190600 -0.007500000 0.006236460
v -0.010233010 -0.007500000 0.006027513
v -0.010290153 -0.007500000 0.005822105
v -0.010361741 -0.007500000 0.005621275
v -0.010447412 -0.007500000 0.005426036
v -0.010546733 -0.007500000 0.005237375
v -0.010659203 -0.007500000 0.005056245
v -0.010784253 -0.007500000 0.004883561
v -0.010921252 -0.007500000 0.004720194
v -0.011069509 -0.007500000 0.004566970
v -0.011228274 -0.007500000 0.004424662
v -0.011396745 -0.007500000 0.004293991
v -0.011396745 0.007500000 0.004293991
v -0.011228274 0.007500000 0.004424662
v -0.011069509 0.007500000 0.004566970
v -0.010921252 0.007500000 0.004720194
v -0.010784253 0.007500000 0.004883561
v -0.010659203 0.007500000 0.005056245
v -0.010546733 0.007500000 0.005237375
v -0.010447412 0.007500000 0.005426036
v -0.010361741 0.007500000 0.005621275
v -0.010290153 0.007500000 0.005822105
v -0.010233010 0.007500000 0.006027513
v -0.010190600 0.007500000 0.006236460
v -0.010163138 0.007500000 0.006447892
v -0.010150762 0.007500000 0.006660741
v -0.010153535 0.007500000 0.006873930
v -0.010171442 0.007500000 0.007086385
v -0.010204393 0.007500000 0.007297031
v -0.010252223 0.007500000 0.007504805
v -0.041232893 -0.007500000 0.019664970
v -0.012165102 -0.007500000 0.009562069
v -0.012165102 0.007500000 0.009562069
v -0.041232893 0.007500000 0.019664970
v -0.045217791 -0.007500000 0.016831249
v -0.045209739 -0.007500000 0.017050894
v -0.045185628 -0.007500000 0.017269361
v -0.045145586 -0.007500000 0.017485476
v -0.045089829 -0.007500000 0.017698079
v -0.045018656 -0.007500000 0.017906029
v -0.044932449 -0.007500000 0.018108210
v -0.044831670 -0.007500000 0.018303537
v -0.044716861 -0.007500000 0.018490961
v -0.044588638 -0.007500000 0.018669477
v -0.044447689 -0.007500000 0.018838125
v -0.044294770 -0.007500000 0.018996002
v -0.044130703 -0.007500000 0.019142258
v -0.043956368 -0.007500000 0.019276110
v -0.043772702 -0.007500000 0.019396839
v -0.043580688 -0.007500000 0.019503796
v -0.043381360 -0.007500000 0.019596408
v -0.043175785 -0.007500000 0.019674178
v -0.042965069 -0.007500000 0.019736688
v -0.042750341 -0.007500000 0.019783602
v -0.042532755 -0.007500000 0.019814669
v -0.042313478 -0.007500000 0.019829722
v -0.042093687 -0.007500000 0.019828681
v -0.041874563 -0.007500000 0.019811550
v -0.041657281 -0.007500000 0.019778422
v -0.041443007 -0.007500000 0.019729474
v -0.041232893 -0.007500000 0.019664970
v -0.041232893 0.007500000 0.019664970
v -0.041443007 0.007500000 0.019729474
v -0.041657281 0.007500000 0.019778422
v -0.041874563 0.007500000 0.019811550
v -0.042093687 0.007500000 0.019828681
v -0.042313478 0.007500000 0.019829722
v -0.042532755 0.007500000 0.019814669
v -0.042750341 0.007500000 0.019783602
v -0.042965069 0.007500000 0.019736688
v -0.043175785 0.007500000 0.019674178
v -0.043381360 0.007500000 0.019596408
v -0.043580688 0.007500000 0.019503796
v -0.043772702 0.007500000 0.019396839
v -0.043956368 0.007500000 0.019276110
v -0.044130703 0.007500000 0.019142258
v -0.044294770 0.007500000 0.018996002
v -0.044447689 0.007500000 0.018838125
v -0.044588638 0.007500000 0.018669477
v -0.044716861 0.007500000 0.018490961
v -0.044831670 0.007500000 0.018303537
v -0.044932449 0.007500000 0.018108210
v -0.045018656 0.007500000 0.017906029
v -0.045089829 0.007500000 0.017698079
v -0.045145586 0.007500000 0.017485476
v -0.045185628 0.007500000 0.017269361
v -0.045209739 0.007500000 0.017050894
v -0.045217791 0.007500000 0.016831249
v -0.046615568 -0.007500000 -0.024186084
v -0.046665490 -0.007500000 -0.023967361
v -0.046698927 -0.007500000 -0.023745520
v -0.046715693 -0.007500000 -0.023521800
v -0.046715693 -0.007500000 -0.023297453
v -0.046698927 -0.007500000 -0.023073733
v -0.046665490 -0.007500000 -0.022851892
v -0.046615568 -0.007500000 -0.022633169
v -0.046549441 -0.007500000 -0.022418789
v -0.046467477 -0.007500000 -0.022209950
v -0.046370137 -0.007500000 -0.022007821
v -0.046257963 -0.007500000 -0.021813530
v -0.046131584 -0.007500000 -0.021628166
v -0.045991706 -0.007500000 -0.021452764
v -0.045839111 -0.007500000 -0.021288306
v -0.045674653 -0.007500000 -0.021135711
v -0.045499251 -0.007500000 -0.020995833
v -0.045313887 -0.007500000 -0.020869454
v -0.045119596 -0.007500000 -0.020757280
v -0.044917467 -0.007500000 -0.020659940
v -0.044708628 -0.007500000 -0.020577976
v -0.044494248 -0.007500000 -0.020511849
v -0.044275525 -0.007500000 -0.020461927
v -0.044053684 -0.007500000 -0.020428490
v -0.043829964 -0.007500000 -0.020411724
v -0.043605617 -0.007500000 -0.020411724
v -0.043381897 -0.007500000 -0.020428490
v -0.043160056 -0.007500000 -0.020461927
v -0.042941333 -0.007500000 -0.020511849
v -0.042726953 -0.007500000 -0.020577976
v -0.042518114 -0.007500000 -0.020659940
v -0.042315985 -0.007500000 -0.020757280
v -0.042121694 -0.007500000 -0.020869454
v -0.041936330 -0.007500000 -0.020995833
v -0.041760928 -0.007500000 -0.021135711
v -0.041596470 -0.007500000 -0.021288306
v -0.041443875 -0.007500000 -0.021452764
v -0.041303997 -0.007500000 -0.021628166
v -0.041177618 -0.007500000 -0.021813530
v -0.041065444 -0.007500000 -0.022007821
v -0.040968104 -0.007500000 -0.022209950
v -0.040886141 -0.007500000 -0.022418789
v -0.040820013 -0.007500000 -0.022633169
v -0.040820013 0.007500000 -0.022633169
v -0.040886141 0.007500000 -0.022418789
v -0.040968104 0.007500000 -0.022209950
v -0.041065444 0.007500000 -0.022007821
v -0.041177618 0.007500000 -0.021813530
v -0.041303997 0.007500000 -0.021628166
v -0.041443875 0.007500000 -0.021452764
v -0.041596470 0.007500000 -0.021288306
v -0.041760928 0.007500000 -0.021135711
v -0.041936330 0.007500000 -0.020995833
v -0.042121694 0.007500000 -0.020869454
v -0.042315985 0.007500000 -0.020757280
v -0.042518114 0.007500000 -0.020659940
v -0.042726953 0.007500000 -0.020577976
v -0.042941333 0.007500000 -0.020511849
v -0.043160056 0.007500000 -0.020461927
v -0.043381897 0.007500000 -0.020428490
v -0.043605617 0.007500000 -0.020411724
v -0.043829964 0.007500000 -0.020411724
v -0.044053684 0.007500000 -0.020428490
v -0.044275525 0.007500000 -0.020461927
v -0.044494248 0.007500000 -0.020511849
v -0.044708628 0.007500000 -0.020577976
v -0.044917467 0.007500000 -0.020659940
v -0.045119596 0.007500000 -0.020757280
v -0.045313887 0.007500000 -0.020869454
v -0.045499251 0.007500000 -0.020995833
v -0.045674653 0.007500000 -0.021135711
v -0.045839111 0.007500000 -0.021288306
v -0.045991706 0.007500000 -0.021452764
v -0.046131584 0.007500000 -0.021628166
v -0.046257963 0.007500000 -0.021813530
v -0.046370137 0.007500000 -0.022007821
v -0.046467477 0.007500000 -0.022209950
v -0.046549441 0.007500000 -0.022418789
v -0.046615568 0.007500000 -0.022633169
v -0.046665490 0.007500000 -0.022851892
v -0.046698927 0.007500000 -0.023073733
v -0.046715693 0.007500000 -0.023297453
v -0.046715693 0.007500000 -0.023521800
v -0.046698927 0.007500000 -0.023745520
v -0.046665490 0.007500000 -0.023967361
v -0.046615568 0.007500000 -0.024186084
v -0.047217791 0.007500000 0.039090374
v -0.032217791 0.007500000 0.039090374
v -0.032217791 -0.007500000 0.039090374
v -0.047217791 -0.007500000 0.039090374
v -0.047217791 -0.002500000 0.039090374
v -0.042210070 -0.002500000 0.039090374
v -0.042210070 0.002500000 0.039090374
v -0.047217791 0.002500000 0.039090374
v -0.032217791 0.007500000 0.039090374
v -0.032068330 0.007500000 0.039095966
v -0.031919706 0.007500000 0.039112712
v -0.031772749 0.007500000 0.039140518
v -0.031628280 0.007500000 0.039179228
v -0.031487109 0.007500000 0.039228626
v -0.031350023 0.007500000 0.039288436
v -0.031217791 0.007500000 0.039358323
v -0.031091150 0.007500000 0.039437896
v -0.030970811 0.007500000 0.039526711
v -0.030857445 0.007500000 0.039624270
v -0.030751687 0.007500000 0.039730028
v -0.030654128 0.007500000 0.039843394
v -0.030565313 0.007500000 0.039963733
v -0.030485740 0.007500000 0.040090374
v -0.030415853 0.007500000 0.040222606
v -0.030356043 0.007500000 0.040359692
v -0.030306645 0.007500000 0.040500863
v -0.030267935 0.007500000 0.040645332
v -0.030240129 0.007500000 0.040792289
v -0.030223383 0.007500000 0.040940913
v -0.030217791 0.007500000 0.041090374
v -0.030217791 -0.007500000 0.041090374
v -0.030223383 -0.007500000 0.040940913
v -0.030240129 -0.007500000 0.040792289
v -0.030267935 -0.007500000 0.040645332
v -0.030306645 -0.007500000 0.040500863
v -0.030356043 -0.007500000 0.040359692
v -0.030415853 -0.007500000 0.040222606
v -0.030485740 -0.007500000 0.040090374
v -0.030565313 -0.007500000 0.039963733
v -0.030654128 -0.007500000 0.039843394
v -0.030751687 -0.007500000 0.039730028
v -0.030857445 -0.007500000 0.039624270
v -0.030970811 -0.007500000 0.039526711
v -0.031091150 -0.007500000 0.039437896
v -0.031217791 -0.007500000 0.039358323
v -0.031350023 -0.007500000 0.039288436
v -0.031487109 -0.007500000 0.039228626
v -0.031628280 -0.007500000 0.039179228
v -0.031772749 -0.007500000 0.039140518
v -0.031919706 -0.007500000 0.039112712
v -0.032068330 -0.007500000 0.039095966
v -0.032217791 -0.007500000 0.039090374
v -0.030217791 -0.007500000 0.055561946
v -0.030217791 -0.007500000 0.041090374
v -0.030217791 0.007500000 0.041090374
v -0.030217791 0.007500000 0.055561946
v -0.030217791 0.002500000 0.055561946
v -0.030217791 0.002500000 0.049090374
v -0.030217791 -0.002500000 0.049090374
v -0.030217791 -0.002500000 0.055561946
v -0.028103577 -0.007500000 0.058504587
v -0.029632004 -0.007500000 0.056976160
v -0.028103577 -0.002500000 0.058504587
v -0.029632004 -0.002500000 0.056976160
v -0.033975150 -0.002500000 0.059090374
v -0.026689363 -0.002500000 0.059090374
v -0.026689363 -0.007500000 0.059090374
v -0.024567791 -0.007500000 0.059090374
v -0.024567791 0.007500000 0.059090374
v -0.026689363 0.007500000 0.059090374
v -0.026689363 0.002500000 0.059090374
v -0.033975150 0.002500000 0.059090374
v -0.024967791 0.000000000 0.059090374
v -0.024971286 -0.000093413 0.059090374
v -0.024981752 -0.000186303 0.059090374
v -0.024999131 -0.000278151 0.059090374
v -0.025023325 -0.000368444 0.059090374
v -0.025054198 -0.000456676 0.059090374
v -0.025091579 -0.000542355 0.059090374
v -0.025135259 -0.000625000 0.059090374
v -0.025184992 -0.000704150 0.059090374
v -0.025240501 -0.000779362 0.059090374
v -0.025301476 -0.000850216 0.059090374
v -0.025367575 -0.000916315 0.059090374
v -0.025438428 -0.000977289 0.059090374
v -0.025513640 -0.001032798 0.059090374
v -0.025592791 -0.001082532 0.059090374
v -0.025675436 -0.001126211 0.059090374
v -0.025761114 -0.001163592 0.059090374
v -0.025849347 -0.001194466 0.059090374
v -0.025939639 -0.001218660 0.059090374
v -0.026031488 -0.001236039 0.059090374
v -0.026124378 -0.001246505 0.059090374
v -0.026217791 -0.001250000 0.059090374
v -0.026311203 -0.001246505 0.059090374
v -0.026404093 -0.001236039 0.059090374
v -0.026495942 -0.001218660 0.059090374
v -0.026586235 -0.001194466 0.059090374
v -0.026674467 -0.001163592 0.059090374
v -0.026760145 -0.001126211 0.059090374
v -0.026842791 -0.001082532 0.059090374
v -0.026921941 -0.001032798 0.059090374
v -0.026997153 -0.000977289 0.059090374
v -0.027068006 -0.000916315 0.059090374
v -0.027134105 -0.000850216 0.059090374
v -0.027195080 -0.000779362 0.059090374
v -0.027250589 -0.000704150 0.059090374
v -0.027300322 -0.000625000 0.059090374
v -0.027344002 -0.000542355 0.059090374
v -0.027381383 -0.000456676 0.059090374
v -0.027412257 -0.000368444 0.059090374
v -0.027436450 -0.000278151 0.059090374
v -0.027453829 -0.000186303 0.059090374
v -0.027464295 -0.000093413 0.059090374
v -0.027467791 0.000000000 0.059090374
v -0.027464295 0.000093413 0.059090374
v -0.027453829 0.000186303 0.059090374
v -0.027436450 0.000278151 0.059090374
v -0.027412257 0.000368444 0.059090374
v -0.027381383 0.000456676 0.059090374
v -0.027344002 0.000542355 0.059090374
v -0.027300322 0.000625000 0.059090374
v -0.027250589 0.000704150 0.059090374
v -0.027195080 0.000779362 0.059090374
v -0.027134105 0.000850216 0.059090374
v -0.027068006 0.000916315 0.059090374
v -0.026997153 0.000977289 0.059090374
v -0.026921941 0.001032798 0.059090374
v -0.026842791 0.001082532 0.059090374
v -0.026760145 0.001126211 0.059090374
v -0.026674467 0.001163592 0.059090374
v -0.026586235 0.001194466 0.059090374
v -0.026495942 0.001218660 0.059090374
v -0.026404093 0.001236039 0.059090374
v -0.026311203 0.001246505 0.059090374
v -0.026217791 0.001250000 0.059090374
v -0.026124378 0.001246505 0.059090374
v -0.026031488 0.001236039 0.059090374
v -0.025939639 0.001218660 0.059090374
v -0.025849347 0.001194466 0.059090374
v -0.025761114 0.001163592 0.059090374
v -0.025675436 0.001126211 0.059090374
v -0.025592791 0.001082532 0.059090374
v -0.025513640 0.001032798 0.059090374
v -0.025438428 0.000977289 0.059090374
v -0.025367575 0.000916315 0.059090374
v -0.025301476 0.000850216 0.059090374
v -0.025240501 0.000779362 0.059090374
v -0.025184992 0.000704150 0.059090374
v -0.025135259 0.000625000 0.059090374
v -0.025091579 0.000542355 0.059090374
v -0.025054198 0.000456676 0.059090374
v -0.025023325 0.000368444 0.059090374
v -0.024999131 0.000278151 0.059090374
v -0.024981752 0.000186303 0.059090374
v -0.024971286 0.000093413 0.059090374
v -0.023967791 -0.007500000 0.058490374
v -0.023967791 0.007500000 0.058490374
v -0.023967791 0.007500000 0.054890374
v -0.023967791 -0.007500000 0.054890374
v -0.020967791 -0.007500000 0.054890374
v -0.020967791 0.007500000 0.054890374
v -0.023967791 0.007500000 0.054890374
v -0.023967791 -0.007500000 0.054890374
v -0.020967791 -0.007500000 0.054890374
v -0.020967791 0.007500000 0.054890374
v -0.020967791 0.007500000 0.058490374
v -0.020967791 -0.007500000 0.058490374
v -0.005833218 0.007500000 0.059090374
v -0.020367791 0.007500000 0.059090374
v -0.020367791 -0.007500000 0.059090374
v -0.005833218 -0.007500000 0.059090374
v -0.005609028 -0.007491611 0.059090374
v -0.005386091 -0.007466492 0.059090374
v -0.005165655 -0.007424784 0.059090374
v -0.004948952 -0.007366718 0.059090374
v -0.004737195 -0.007292621 0.059090374
v -0.004531567 -0.007202907 0.059090374
v -0.004333218 -0.007098076 0.059090374
v -0.004143258 -0.006978716 0.059090374
v -0.003962748 -0.006845494 0.059090374
v -0.003792700 -0.006699156 0.059090374
v -0.003634062 -0.006540518 0.059090374
v -0.003487723 -0.006370469 0.059090374
v -0.003354502 -0.006189960 0.059090374
v -0.003235142 -0.006000000 0.059090374
v -0.003130311 -0.005801651 0.059090374
v -0.003040597 -0.005596023 0.059090374
v -0.002966499 -0.005384266 0.059090374
v -0.002908434 -0.005167563 0.059090374
v -0.002866725 -0.004947127 0.059090374
v -0.002841606 -0.004724190 0.059090374
v -0.002833218 -0.004500000 0.059090374
v -0.002833218 0.004500000 0.059090374
v -0.002841606 0.004724190 0.059090374
v -0.002866725 0.004947127 0.059090374
v -0.002908434 0.005167563 0.059090374
v -0.002966499 0.005384266 0.059090374
v -0.003040597 0.005596023 0.059090374
v -0.003130311 0.005801651 0.059090374
v -0.003235142 0.006000000 0.059090374
v -0.003354502 0.006189960 0.059090374
v -0.003487723 0.006370469 0.059090374
v -0.003634062 0.006540518 0.059090374
v -0.003792700 0.006699156 0.059090374
v -0.003962748 0.006845494 0.059090374
v -0.004143258 0.006978716 0.059090374
v -0.004333218 0.007098076 0.059090374
v -0.004531567 0.007202907 0.059090374
v -0.004737195 0.007292621 0.059090374
v -0.004948952 0.007366718 0.059090374
v -0.005165655 0.007424784 0.059090374
v -0.005386091 0.007466492 0.059090374
v -0.005609028 0.007491611 0.059090374
v -0.017467791 0.000000000 0.059090374
v -0.017471286 -0.000093413 0.059090374
v -0.017481752 -0.000186303 0.059090374
v -0.017499131 -0.000278151 0.059090374
v -0.017523325 -0.000368444 0.059090374
v -0.017554198 -0.000456676 0.059090374
v -0.017591579 -0.000542355 0.059090374
v -0.017635259 -0.000625000 0.059090374
v -0.017684992 -0.000704150 0.059090374
v -0.017740501 -0.000779362 0.059090374
v -0.017801476 -0.000850216 0.059090374
v -0.017867575 -0.000916315 0.059090374
v -0.017938428 -0.000977289 0.059090374
v -0.018013640 -0.001032798 0.059090374
v -0.018092791 -0.001082532 0.059090374
v -0.018175436 -0.001126211 0.059090374
v -0.018261114 -0.001163592 0.059090374
v -0.018349347 -0.001194466 0.059090374
v -0.018439639 -0.001218660 0.059090374
v -0.018531488 -0.001236039 0.059090374
v -0.018624378 -0.001246505 0.059090374
v -0.018717791 -0.001250000 0.059090374
v -0.018811203 -0.001246505 0.059090374
v -0.018904093 -0.001236039 0.059090374
v -0.018995942 -0.001218660 0.059090374
v -0.019086235 -0.001194466 0.059090374
v -0.019174467 -0.001163592 0.059090374
v -0.019260145 -0.001126211 0.059090374
v -0.019342791 -0.001082532 0.059090374
v -0.019421941 -0.001032798 0.059090374
v -0.019497153 -0.000977289 0.059090374
v -0.019568006 -0.000916315 0.059090374
v -0.019634105 -0.000850216 0.059090374
v -0.019695080 -0.000779362 0.059090374
v -0.019750589 -0.000704150 0.059090374
v -0.019800322 -0.000625000 0.059090374
v -0.019844002 -0.000542355 0.059090374
v -0.019881383 -0.000456676 0.059090374
v -0.019912257 -0.000368444 0.059090374
v -0.019936450 -0.000278151 0.059090374
v -0.019953829 -0.000186303 0.059090374
v -0.019964295 -0.000093413 0.059090374
v -0.019967791 0.000000000 0.059090374
v -0.019964295 0.000093413 0.059090374
v -0.019953829 0.000186303 0.059090374
v -0.019936450 0.000278151 0.059090374
v -0.019912257 0.000368444 0.059090374
v -0.019881383 0.000456676 0.059090374
v -0.019844002 0.000542355 0.059090374
v -0.019800322 0.000625000 0.059090374
v -0.019750589 0.000704150 0.059090374
v -0.019695080 0.000779362 0.059090374
v -0.019634105 0.000850216 0.059090374
v -0.019568006 0.000916315 0.059090374
v -0.019497153 0.000977289 0.059090374
v -0.019421941 0.001032798 0.059090374
v -0.019342791 0.001082532 0.059090374
v -0.019260145 0.001126211 0.059090374
v -0.019174467 0.001163592 0.059090374
v -0.019086235 0.001194466 0.059090374
v -0.018995942 0.001218660 0.059090374
v -0.018904093 0.001236039 0.059090374
v -0.018811203 0.001246505 0.059090374
v -0.018717791 0.001250000 0.059090374
v -0.018624378 0.001246505 0.059090374
v -0.018531488 0.001236039 0.059090374
v -0.018439639 0.001218660 0.059090374
v -0.018349347 0.001194466 0.059090374
v -0.018261114 0.001163592 0.059090374
v -0.018175436 0.001126211 0.059090374
v -0.018092791 0.001082532 0.059090374
v -0.018013640 0.001032798 0.059090374
v -0.017938428 0.000977289 0.059090374
v -0.017867575 0.000916315 0.059090374
v -0.017801476 0.000850216 0.059090374
v -0.017740501 0.000779362 0.059090374
v -0.017684992 0.000704150 0.059090374
v -0.017635259 0.000625000 0.059090374
v -0.017591579 0.000542355 0.059090374
v -0.017554198 0.000456676 0.059090374
v -0.017523325 0.000368444 0.059090374
v -0.017499131 0.000278151 0.059090374
v -0.017481752 0.000186303 0.059090374
v -0.017471286 0.000093413 0.059090374
v -0.010217791 0.000000000 0.059090374
v -0.010211499 0.000168143 0.059090374
v -0.010192660 0.000335345 0.059090374
v -0.010161378 0.000500672 0.059090374
v -0.010117829 0.000663199 0.059090374
v -0.010062256 0.000822017 0.059090374
v -0.009994971 0.000976238 0.059090374
v -0.009916348 0.001125000 0.059090374
v -0.009826828 0.001267470 0.059090374
v -0.009726911 0.001402852 0.059090374
v -0.009617157 0.001530389 0.059090374
v -0.009498179 0.001649367 0.059090374
v -0.009370643 0.001759121 0.059090374
v -0.009235261 0.001859037 0.059090374
v -0.009092791 0.001948557 0.059090374
v -0.008944029 0.002027180 0.059090374
v -0.008789808 0.002094466 0.059090374
v -0.008630990 0.002150039 0.059090374
v -0.008468463 0.002193588 0.059090374
v -0.008303136 0.002224869 0.059090374
v -0.008135933 0.002243709 0.059090374
v -0.007967791 0.002250000 0.059090374
v -0.007799648 0.002243709 0.059090374
v -0.007632445 0.002224869 0.059090374
v -0.007467118 0.002193588 0.059090374
v -0.007304591 0.002150039 0.059090374
v -0.007145773 0.002094466 0.059090374
v -0.006991552 0.002027180 0.059090374
v -0.006842791 0.001948557 0.059090374
v -0.006700320 0.001859037 0.059090374
v -0.006564939 0.001759121 0.059090374
v -0.006437402 0.001649367 0.059090374
v -0.006318424 0.001530389 0.059090374
v -0.006208670 0.001402852 0.059090374
v -0.006108753 0.001267470 0.059090374
v -0.006019233 0.001125000 0.059090374
v -0.005940611 0.000976238 0.059090374
v -0.005873325 0.000822017 0.059090374
v -0.005817752 0.000663199 0.059090374
v -0.005774203 0.000500672 0.059090374
v -0.005742921 0.000335345 0.059090374
v -0.005724082 0.000168143 0.059090374
v -0.005717791 0.000000000 0.059090374
v -0.005724082 -0.000168143 0.059090374
v -0.005742921 -0.000335345 0.059090374
v -0.005774203 -0.000500672 0.059090374
v -0.005817752 -0.000663199 0.059090374
v -0.005873325 -0.000822017 0.059090374
v -0.005940611 -0.000976238 0.059090374
v -0.006019233 -0.001125000 0.059090374
v -0.006108753 -0.001267470 0.059090374
v -0.006208670 -0.001402852 0.059090374
v -0.006318424 -0.001530389 0.059090374
v -0.006437402 -0.001649367 0.059090374
v -0.006564939 -0.001759121 0.059090374
v -0.006700320 -0.001859037 0.059090374
v -0.006842791 -0.001948557 0.059090374
v -0.006991552 -0.002027180 0.059090374
v -0.007145773 -0.002094466 0.059090374
v -0.007304591 -0.002150039 0.059090374
v -0.007467118 -0.002193588 0.059090374
v -0.007632445 -0.002224869 0.059090374
v -0.007799648 -0.002243709 0.059090374
v -0.007967791 -0.002250000 0.059090374
v -0.008135933 -0.002243709 0.059090374
v -0.008303136 -0.002224869 0.059090374
v -0.008468463 -0.002193588 0.059090374
v -0.008630990 -0.002150039 0.059090374
v -0.008789808 -0.002094466 0.059090374
v -0.008944029 -0.002027180 0.059090374
v -0.009092791 -0.001948557 0.059090374
v -0.009235261 -0.001859037 0.059090374
v -0.009370643 -0.001759121 0.059090374
v -0.009498179 -0.001649367 0.059090374
v -0.009617157 -0.001530389 0.059090374
v -0.009726911 -0.001402852 0.059090374
v -0.009826828 -0.001267470 0.059090374
v -0.009916348 -0.001125000 0.059090374
v -0.009994971 -0.000976238 0.059090374
v -0.010062256 -0.000822017 0.059090374
v -0.010117829 -0.000663199 0.059090374
v -0.010161378 -0.000500672 0.059090374
v -0.010192660 -0.000335345 0.059090374
v -0.010211499 -0.000168143 0.059090374
v -0.005833218 -0.007500000 0.055890374
v -0.005642251 -0.007493916 0.055890374
v -0.005452060 -0.007475688 0.055890374
v -0.005263414 -0.007445390 0.055890374
v -0.005077079 -0.007403146 0.055890374
v -0.004861046 -0.007338112 0.055948259
v -0.004645729 -0.007254972 0.056005953
v -0.004454347 -0.007164341 0.056057234
v -0.004285478 -0.007069923 0.056102482
v -0.004121102 -0.006963465 0.056146527
v -0.003962467 -0.006845270 0.056189033
v -0.003810799 -0.006715812 0.056229672
v -0.003667265 -0.006575729 0.056268132
v -0.003532954 -0.006425820 0.056304121
v -0.003408841 -0.006267030 0.056337377
v -0.003295771 -0.006100426 0.056367674
v -0.003194437 -0.005927178 0.056394826
v -0.003105366 -0.005748529 0.056418692
v -0.003028911 -0.005565767 0.056439179
v -0.002965248 -0.005380198 0.056456237
v -0.002914383 -0.005193110 0.056469866
v -0.002876156 -0.005005755 0.056480109
v -0.002850260 -0.004819319 0.056487048
v -0.002837411 -0.004658558 0.056490491
v -0.002833218 -0.004500000 0.056491614
v -0.002833218 -0.004500000 0.059090374
v -0.005833218 -0.007500000 0.059090374
v -0.005609028 -0.007491611 0.059090374
v -0.005386091 -0.007466492 0.059090374
v -0.005165655 -0.007424784 0.059090374
v -0.004948952 -0.007366718 0.059090374
v -0.004737195 -0.007292621 0.059090374
v -0.004531567 -0.007202907 0.059090374
v -0.004333218 -0.007098076 0.059090374
v -0.004143258 -0.006978716 0.059090374
v -0.003962748 -0.006845494 0.059090374
v -0.003792700 -0.006699156 0.059090374
v -0.003634062 -0.006540518 0.059090374
v -0.003487723 -0.006370469 0.059090374
v -0.003354502 -0.006189960 0.059090374
v -0.003235142 -0.006000000 0.059090374
v -0.003130311 -0.005801651 0.059090374
v -0.003040597 -0.005596023 0.059090374
v -0.002966499 -0.005384266 0.059090374
v -0.002908434 -0.005167563 0.059090374
v -0.002866725 -0.004947127 0.059090374
v -0.002841606 -0.004724190 0.059090374
v -0.005833218 0.007500000 0.055890374
v -0.005642251 0.007493916 0.055890374
v -0.005452060 0.007475688 0.055890374
v -0.005263414 0.007445390 0.055890374
v -0.005077079 0.007403146 0.055890374
v -0.005077079 -0.007403146 0.055890374
v -0.005833218 -0.007500000 0.055890374
v -0.005642251 -0.007493916 0.055890374
v -0.005452060 -0.007475688 0.055890374
v -0.005263414 -0.007445390 0.055890374
v -0.012369330 -0.007500000 0.055890374
v -0.012369330 -0.003000000 0.055890374
v -0.011394947 -0.003000000 0.055890374
v -0.011394947 0.003000000 0.055890374
v -0.012369330 0.003000000 0.055890374
v -0.012369330 0.007500000 0.055890374
v -0.010217791 0.000000000 0.055890374
v -0.010211499 -0.000168143 0.055890374
v -0.010192660 -0.000335345 0.055890374
v -0.010161378 -0.000500672 0.055890374
v -0.010117829 -0.000663199 0.055890374
v -0.010062256 -0.000822017 0.055890374
v -0.009994971 -0.000976238 0.055890374
v -0.009916348 -0.001125000 0.055890374
v -0.009826828 -0.001267470 0.055890374
v -0.009726911 -0.001402852 0.055890374
v -0.009617157 -0.001530389 0.055890374
v -0.009498179 -0.001649367 0.055890374
v -0.009370643 -0.001759121 0.055890374
v -0.009235261 -0.001859037 0.055890374
v -0.009092791 -0.001948557 0.055890374
v -0.008944029 -0.002027180 0.055890374
v -0.008789808 -0.002094466 0.055890374
v -0.008630990 -0.002150039 0.055890374
v -0.008468463 -0.002193588 0.055890374
v -0.008303136 -0.002224869 0.055890374
v -0.008135933 -0.002243709 0.055890374
v -0.007967791 -0.002250000 0.055890374
v -0.007799648 -0.002243709 0.055890374
v -0.007632445 -0.002224869 0.055890374
v -0.007467118 -0.002193588 0.055890374
v -0.007304591 -0.002150039 0.055890374
v -0.007145773 -0.002094466 0.055890374
v -0.006991552 -0.002027180 0.055890374
v -0.006842791 -0.001948557 0.055890374
v -0.006700320 -0.001859037 0.055890374
v -0.006564939 -0.001759121 0.055890374
v -0.006437402 -0.001649367 0.055890374
v -0.006318424 -0.001530389 0.055890374
v -0.006208670 -0.001402852 0.055890374
v -0.006108753 -0.001267470 0.055890374
v -0.006019233 -0.001125000 0.055890374
v -0.005940611 -0.000976238 0.055890374
v -0.005873325 -0.000822017 0.055890374
v -0.005817752 -0.000663199 0.055890374
v -0.005774203 -0.000500672 0.055890374
v -0.005742921 -0.000335345 0.055890374
v -0.005724082 -0.000168143 0.055890374
v -0.005717791 0.000000000 0.055890374
v -0.005724082 0.000168143 0.055890374
v -0.005742921 0.000335345 0.055890374
v -0.005774203 0.000500672 0.055890374
v -0.005817752 0.000663199 0.055890374
v -0.005873325 0.000822017 0.055890374
v -0.005940611 0.000976238 0.055890374
v -0.006019233 0.001125000 0.055890374
v -0.006108753 0.001267470 0.055890374
v -0.006208670 0.001402852 0.055890374
v -0.006318424 0.001530389 0.055890374
v -0.006437402 0.001649367 0.055890374
v -0.006564939 0.001759121 0.055890374
v -0.006700320 0.001859037 0.055890374
v -0.006842791 0.001948557 0.055890374
v -0.006991552 0.002027180 0.055890374
v -0.007145773 0.002094466 0.055890374
v -0.007304591 0.002150039 0.055890374
v -0.007467118 0.002193588 0.055890374
v -0.007632445 0.002224869 0.055890374
v -0.007799648 0.002243709 0.055890374
v -0.007967791 0.002250000 0.055890374
v -0.008135933 0.002243709 0.055890374
v -0.008303136 0.002224869 0.055890374
v -0.008468463 0.002193588 0.055890374
v -0.008630990 0.002150039 0.055890374
v -0.008789808 0.002094466 0.055890374
v -0.008944029 0.002027180 0.055890374
v -0.009092791 0.001948557 0.055890374
v -0.009235261 0.001859037 0.055890374
v -0.009370643 0.001759121 0.055890374
v -0.009498179 0.001649367 0.055890374
v -0.009617157 0.001530389 0.055890374
v -0.009726911 0.001402852 0.055890374
v -0.009826828 0.001267470 0.055890374
v -0.009916348 0.001125000 0.055890374
v -0.009994971 0.000976238 0.055890374
v -0.010062256 0.000822017 0.055890374
v -0.010117829 0.000663199 0.055890374
v -0.010161378 0.000500672 0.055890374
v -0.010192660 0.000335345 0.055890374
v -0.010211499 0.000168143 0.055890374
v -0.012369330 -0.007500000 0.055890374
v -0.012369330 -0.003000000 0.055890374
v -0.012515806 -0.003000000 0.055885003
v -0.012661496 -0.003000000 0.055868918
v -0.012805616 -0.003000000 0.055842207
v -0.012947393 -0.003000000 0.055805013
v -0.013086066 -0.003000000 0.055757534
v -0.013220888 -0.003000000 0.055700028
v -0.013351137 -0.003000000 0.055632801
v -0.013476113 -0.003000000 0.055556216
v -0.013595144 -0.003000000 0.055470684
v -0.013707591 -0.003000000 0.055376663
v -0.013812850 -0.003000000 0.055274660
v -0.013910356 -0.003000000 0.055165222
v -0.013999585 -0.003000000 0.055048936
v -0.014080058 -0.003000000 0.054926428
v -0.014151343 -0.003000000 0.054798355
v -0.014213056 -0.003000000 0.054665405
v -0.014264867 -0.003000000 0.054528292
v -0.014306496 -0.003000000 0.054387753
v -0.014337721 -0.003000000 0.054244543
v -0.014358374 -0.003000000 0.054099430
v -0.014368343 -0.003000000 0.053953195
v -0.014367575 -0.003000000 0.053806622
v -0.014356075 -0.003000000 0.053660499
v -0.014333904 -0.003000000 0.053515611
v -0.014301181 -0.003000000 0.053372735
v -0.014301181 -0.007500000 0.053372735
v -0.014333904 -0.007500000 0.053515611
v -0.014356075 -0.007500000 0.053660499
v -0.014367575 -0.007500000 0.053806622
v -0.014368343 -0.007500000 0.053953195
v -0.014358374 -0.007500000 0.054099430
v -0.014337721 -0.007500000 0.054244543
v -0.014306496 -0.007500000 0.054387753
v -0.014264867 -0.007500000 0.054528292
v -0.014213056 -0.007500000 0.054665405
v -0.014151343 -0.007500000 0.054798355
v -0.014080058 -0.007500000 0.054926428
v -0.013999585 -0.007500000 0.055048936
v -0.013910356 -0.007500000 0.055165222
v -0.013812850 -0.007500000 0.055274660
v -0.013707591 -0.007500000 0.055376663
v -0.013595144 -0.007500000 0.055470684
v -0.013476113 -0.007500000 0.055556216
v -0.013351137 -0.007500000 0.055632801
v -0.013220888 -0.007500000 0.055700028
v -0.013086066 -0.007500000 0.055757534
v -0.012947393 -0.007500000 0.055805013
v -0.012805616 -0.007500000 0.055842207
v -0.012661496 -0.007500000 0.055868918
v -0.012515806 -0.007500000 0.055885003
v -0.014301181 -0.003000000 0.053372735
v -0.014301181 -0.007500000 0.053372735
v -0.013432708 -0.003000000 0.050131550
v -0.013432708 0.003000000 0.050131550
v -0.014301181 0.003000000 0.053372735
v -0.014301181 0.007500000 0.053372735
v 0.000336465 0.007500000 -0.001255704
v 0.000133493 0.007102418 -0.000498203
v 0.000170187 0.007143882 -0.000635147
v 0.000205989 0.007195697 -0.000768762
v 0.000240704 0.007257580 -0.000898318
v 0.000274141 0.007329194 -0.001023110
v 0.000306120 0.007410148 -0.001142455
v 0.000075067 0.007036441 -0.000280155
v 0.000018053 0.006954064 -0.000067377
v -0.000037240 0.006855730 0.000138983
v -0.000090516 0.006741971 0.000337809
v -0.000141485 0.006613401 0.000528028
v -0.000189872 0.006470715 0.000708612
v -0.000235416 0.006314683 0.000878586
v -0.000277872 0.006146149 0.001037032
v -0.000317009 0.005966022 0.001183093
v -0.000352616 0.005775276 0.001315981
v -0.000384501 0.005574941 0.001434978
v -0.000412492 0.005366098 0.001539442
v -0.000436438 0.005149877 0.001628808
v -0.000456208 0.004927445 0.001702593
v -0.000471697 0.004700003 0.001760398
v -0.000482821 0.004468780 0.001801913
v -0.000489519 0.004235025 0.001826911
v -0.000491756 0.004000000 0.001835259
v -0.000491756 -0.004000000 0.001835259
v -0.000489519 -0.004235025 0.001826911
v -0.000482821 -0.004468780 0.001801913
v -0.000471697 -0.004700003 0.001760398
v -0.000456208 -0.004927445 0.001702593
v -0.000436438 -0.005149877 0.001628808
v -0.000412492 -0.005366098 0.001539442
v -0.000384501 -0.005574941 0.001434978
v -0.000352616 -0.005775276 0.001315981
v -0.000317009 -0.005966022 0.001183093
v -0.000277872 -0.006146149 0.001037032
v -0.000235416 -0.006314683 0.000878586
v -0.000189872 -0.006470715 0.000708612
v -0.000141485 -0.006613401 0.000528028
v -0.000090516 -0.006741971 0.000337809
v -0.000037240 -0.006855730 0.000138983
v 0.000018053 -0.006954064 -0.000067377
v 0.000075067 -0.007036441 -0.000280155
v 0.000133493 -0.007102418 -0.000498203
v 0.000170187 -0.007143882 -0.000635147
v 0.000205989 -0.007195697 -0.000768762
v 0.000240704 -0.007257580 -0.000898318
v 0.000274141 -0.007329194 -0.001023110
v 0.000306120 -0.007410148 -0.001142455
v 0.000336465 -0.007500000 -0.001255704
v 0.000133493 -0.007102418 -0.000498203
v 0.000170187 -0.007143882 -0.000635147
v 0.000205989 -0.007195697 -0.000768762
v 0.000240704 -0.007257580 -0.000898318
v 0.000274141 -0.007329194 -0.001023110
v 0.000306120 -0.007410148 -0.001142455
v 0.000336465 -0.007500000 -0.001255704
v 0.004480159 -0.007102418 0.000666483
v 0.004516853 -0.007143882 0.000529539
v 0.004552655 -0.007195697 0.000395924
v 0.004587370 -0.007257580 0.000266367
v 0.004620808 -0.007329194 0.000141576
v 0.004652786 -0.007410148 0.000022231
v 0.004683131 -0.007500000 -0.000091018
v -0.001239975 -0.006800000 -0.002713386
v -0.001239975 -0.007500000 -0.002713386
v 0.004941950 -0.007500000 -0.001056944
v 0.004941950 -0.006800000 -0.001056944
v 0.001425861 0.007000000 -0.012662422
v 0.001426585 0.006925270 -0.012665123
v 0.001428752 0.006850958 -0.012673210
v 0.001432350 0.006777479 -0.012686639
v 0.001437360 0.006705245 -0.012705335
v 0.001443752 0.006634659 -0.012729192
v 0.001451492 0.006566116 -0.012758078
v 0.001460536 0.006500000 -0.012791831
v 0.001470834 0.006436680 -0.012830262
v 0.001482327 0.006376510 -0.012873156
v 0.001494952 0.006319827 -0.012920274
v 0.001508638 0.006266948 -0.012971351
v 0.001523309 0.006218169 -0.013026103
v 0.001538882 0.006173761 -0.013084222
v 0.001555270 0.006133975 -0.013145385
v 0.001572383 0.006099031 -0.013209248
v 0.001590123 0.006069126 -0.013275455
v 0.001608392 0.006044427 -0.013343636
v 0.001627087 0.006025072 -0.013413409
v 0.001646105 0.006011169 -0.013484384
v 0.001665338 0.006002796 -0.013556164
v 0.001684680 0.006000000 -0.013628347
v 0.001425861 0.007500000 -0.012662422
v -0.001239975 0.007500000 -0.002713386
v -0.001239975 0.006800000 -0.002713386
v -0.001447031 0.006000000 -0.001940645
v -0.001431557 0.006002237 -0.001998392
v -0.001416171 0.006008935 -0.002055816
v -0.001400956 0.006020058 -0.002112596
v -0.001386000 0.006035542 -0.002168414
v -0.001371385 0.006055301 -0.002222959
v -0.001357193 0.006079225 -0.002275925
v -0.001343503 0.006107180 -0.002327015
v -0.001330392 0.006139009 -0.002375945
v -0.001317934 0.006174535 -0.002422441
v -0.001306197 0.006213559 -0.002466242
v -0.001295248 0.006255862 -0.002507104
v -0.001285148 0.006301208 -0.002544798
v -0.001275953 0.006349344 -0.002579113
v -0.001267715 0.006400000 -0.002609858
v -0.001260480 0.006452893 -0.002636860
v -0.001254288 0.006507727 -0.002659969
v -0.001249174 0.006564196 -0.002679055
v -0.001245167 0.006621983 -0.002694011
v -0.001242288 0.006680766 -0.002704755
v -0.001240554 0.006740216 -0.002711225
v -0.001498794 0.006000000 -0.001747460
v -0.001537477 0.005994408 -0.001603092
v -0.001575944 0.005977662 -0.001459532
v -0.001613980 0.005949856 -0.001317582
v -0.001651371 0.005911146 -0.001178036
v -0.001687909 0.005861747 -0.001041675
v -0.001723389 0.005801938 -0.000909261
v -0.001757613 0.005732051 -0.000781534
v -0.001790390 0.005652478 -0.000659209
v -0.001821536 0.005563663 -0.000542970
v -0.001850878 0.005466104 -0.000433467
v -0.001878250 0.005360345 -0.000331312
v -0.001903500 0.005246980 -0.000237077
v -0.001926487 0.005126640 -0.000151289
v -0.001947082 0.005000000 -0.000074427
v -0.001965170 0.004867767 -0.000006922
v -0.001980650 0.004730682 0.000050850
v -0.001993435 0.004589510 0.000098565
v -0.002003454 0.004445042 0.000135956
v -0.002010651 0.004298085 0.000162815
v -0.002014985 0.004149460 0.000178990
v -0.002016432 0.004000000 0.000184392
v -0.002016432 -0.004000000 0.000184392
v -0.002014985 -0.004149460 0.000178990
v -0.002010651 -0.004298085 0.000162815
v -0.002003454 -0.004445042 0.000135956
v -0.001993435 -0.004589510 0.000098565
v -0.001980650 -0.004730682 0.000050850
v -0.001965170 -0.004867767 -0.000006922
v -0.001947082 -0.005000000 -0.000074427
v -0.001926487 -0.005126640 -0.000151289
v -0.001903500 -0.005246980 -0.000237077
v -0.001878250 -0.005360345 -0.000331312
v -0.001850878 -0.005466104 -0.000433467
v -0.001821536 -0.005563663 -0.000542970
v -0.001790390 -0.005652478 -0.000659209
v -0.001757613 -0.005732051 -0.000781534
v -0.001723389 -0.005801938 -0.000909261
v -0.001687909 -0.005861747 -0.001041675
v -0.001651371 -0.005911146 -0.001178036
v -0.001613980 -0.005949856 -0.001317582
v -0.001575944 -0.005977662 -0.001459532
v -0.001537477 -0.005994408 -0.001603092
v -0.001498794 -0.006000000 -0.001747460
v -0.001447031 -0.006000000 -0.001940645
v -0.001431557 -0.006002237 -0.001998392
v -0.001416171 -0.006008935 -0.002055816
v -0.001400956 -0.006020058 -0.002112596
v -0.001386000 -0.006035542 -0.002168414
v -0.001371385 -0.006055301 -0.002222959
v -0.001357193 -0.006079225 -0.002275925
v -0.001343503 -0.006107180 -0.002327015
v -0.001330392 -0.006139009 -0.002375945
v -0.001317934 -0.006174535 -0.002422441
v -0.001306197 -0.006213559 -0.002466242
v -0.001295248 -0.006255862 -0.002507104
v -0.001285148 -0.006301208 -0.002544798
v -0.001275953 -0.006349344 -0.002579113
v -0.001267715 -0.006400000 -0.002609858
v -0.001260480 -0.006452893 -0.002636860
v -0.001254288 -0.006507727 -0.002659969
v -0.001249174 -0.006564196 -0.002679055
v -0.001245167 -0.006621983 -0.002694011
v -0.001242288 -0.006680766 -0.002704755
v -0.001240554 -0.006740216 -0.002711225
v -0.001239975 -0.006800000 -0.002713386
v -0.001239975 -0.007500000 -0.002713386
v 0.001425861 -0.007500000 -0.012662422
v 0.001425861 -0.007000000 -0.012662422
v 0.001684680 -0.006000000 -0.013628347
v 0.001665338 -0.006002796 -0.013556164
v 0.001646105 -0.006011169 -0.013484384
v 0.001627087 -0.006025072 -0.013413409
v 0.001608392 -0.006044427 -0.013343636
v 0.001590123 -0.006069126 -0.013275455
v 0.001572383 -0.006099031 -0.013209248
v 0.001555270 -0.006133975 -0.013145385
v 0.001538882 -0.006173761 -0.013084222
v 0.001523309 -0.006218169 -0.013026103
v 0.001508638 -0.006266948 -0.012971351
v 0.001494952 -0.006319827 -0.012920274
v 0.001482327 -0.006376510 -0.012873156
v 0.001470834 -0.006436680 -0.012830262
v 0.001460536 -0.006500000 -0.012791831
v 0.001451492 -0.006566116 -0.012758078
v 0.001443752 -0.006634659 -0.012729192
v 0.001437360 -0.006705245 -0.012705335
v 0.001432350 -0.006777479 -0.012686639
v 0.001428752 -0.006850958 -0.012673210
v 0.001426585 -0.006925270 -0.012665123
v 0.003418768 -0.006000000 -0.020100050
v 0.003457451 -0.005994408 -0.020244418
v 0.003495917 -0.005977662 -0.020387978
v 0.003533953 -0.005949856 -0.020529928
v 0.003571344 -0.005911146 -0.020669474
v 0.003607882 -0.005861747 -0.020805835
v 0.003643362 -0.005801938 -0.020938249
v 0.003677587 -0.005732051 -0.021065976
v 0.003710363 -0.005652478 -0.021188301
v 0.003741510 -0.005563663 -0.021304540
v 0.003770851 -0.005466104 -0.021414043
v 0.003798223 -0.005360345 -0.021516198
v 0.003823473 -0.005246980 -0.021610433
v 0.003846460 -0.005126640 -0.021696221
v 0.003867055 -0.005000000 -0.021773083
v 0.003885143 -0.004867767 -0.021840589
v 0.003900623 -0.004730682 -0.021898360
v 0.003913408 -0.004589510 -0.021946075
v 0.003923427 -0.004445042 -0.021983467
v 0.003930624 -0.004298085 -0.022010325
v 0.003934958 -0.004149460 -0.022026500
v 0.003936406 -0.004000000 -0.022031902
v 0.003936406 0.004000000 -0.022031902
v 0.003934958 0.004149460 -0.022026500
v 0.003930624 0.004298085 -0.022010325
v 0.003923427 0.004445042 -0.021983467
v 0.003913408 0.004589510 -0.021946075
v 0.003900623 0.004730682 -0.021898360
v 0.003885143 0.004867767 -0.021840589
v 0.003867055 0.005000000 -0.021773083
v 0.003846460 0.005126640 -0.021696221
v 0.003823473 0.005246980 -0.021610433
v 0.003798223 0.005360345 -0.021516198
v 0.003770851 0.005466104 -0.021414043
v 0.003741510 0.005563663 -0.021304540
v 0.003710363 0.005652478 -0.021188301
v 0.003677587 0.005732051 -0.021065976
v 0.003643362 0.005801938 -0.020938249
v 0.003607882 0.005861747 -0.020805835
v 0.003571344 0.005911146 -0.020669474
v 0.003533953 0.005949856 -0.020529928
v 0.003495917 0.005977662 -0.020387978
v 0.003457451 0.005994408 -0.020244418
v 0.003418768 0.006000000 -0.020100050
v 0.000183529 0.006425000 -0.008025978
v 0.000195618 0.006423252 -0.008071092
v 0.000207639 0.006418019 -0.008115955
v 0.000219525 0.006409330 -0.008160314
v 0.000231210 0.006397233 -0.008203922
v 0.000242628 0.006381796 -0.008246535
v 0.000253715 0.006363106 -0.008287915
v 0.000264410 0.006341266 -0.008327829
v 0.000274653 0.006316399 -0.008366056
v 0.000284386 0.006288645 -0.008402381
v 0.000293556 0.006258157 -0.008436600
v 0.000302109 0.006225108 -0.008468524
v 0.000310000 0.006189681 -0.008497972
v 0.000317183 0.006152075 -0.008524781
v 0.000323619 0.006112500 -0.008548800
v 0.000329272 0.006071177 -0.008569896
v 0.000334109 0.006028338 -0.008587950
v 0.000338105 0.005984222 -0.008602860
v 0.000341236 0.005939076 -0.008614545
v 0.000343485 0.005893151 -0.008622938
v 0.000344839 0.005846706 -0.008627993
v 0.000345291 0.005800000 -0.008629681
v 0.000344839 0.005753294 -0.008627993
v 0.000343485 0.005706849 -0.008622938
v 0.000341236 0.005660924 -0.008614545
v 0.000338105 0.005615778 -0.008602860
v 0.000334109 0.005571662 -0.008587950
v 0.000329272 0.005528823 -0.008569896
v 0.000323619 0.005487500 -0.008548800
v 0.000317183 0.005447925 -0.008524781
v 0.000310000 0.005410319 -0.008497972
v 0.000302109 0.005374892 -0.008468524
v 0.000293556 0.005341843 -0.008436600
v 0.000284386 0.005311355 -0.008402381
v 0.000274653 0.005283601 -0.008366056
v 0.000264410 0.005258734 -0.008327829
v 0.000253715 0.005236894 -0.008287915
v 0.000242628 0.005218204 -0.008246535
v 0.000231210 0.005202767 -0.008203922
v 0.000219525 0.005190670 -0.008160314
v 0.000207639 0.005181981 -0.008115955
v 0.000195618 0.005176748 -0.008071092
v 0.000183529 0.005175000 -0.008025978
v 0.000171441 0.005176748 -0.007980863
v 0.000159420 0.005181981 -0.007936000
v 0.000147534 0.005190670 -0.007891641
v 0.000135849 0.005202767 -0.007848033
v 0.000124431 0.005218204 -0.007805420
v 0.000113344 0.005236894 -0.007764040
v 0.000102649 0.005258734 -0.007724126
v 0.000092406 0.005283601 -0.007685899
v 0.000082673 0.005311355 -0.007649575
v 0.000073503 0.005341843 -0.007615355
v 0.000064950 0.005374892 -0.007583432
v 0.000057059 0.005410319 -0.007553983
v 0.000049876 0.005447925 -0.007527174
v 0.000043440 0.005487500 -0.007503155
v 0.000037787 0.005528823 -0.007482059
v 0.000032950 0.005571662 -0.007464006
v 0.000028954 0.005615778 -0.007449095
v 0.000025823 0.005660924 -0.007437410
v 0.000023574 0.005706849 -0.007429017
v 0.000022220 0.005753294 -0.007423962
v 0.000021768 0.005800000 -0.007422274
v 0.000022220 0.005846706 -0.007423962
v 0.000023574 0.005893151 -0.007429017
v 0.000025823 0.005939076 -0.007437410
v 0.000028954 0.005984222 -0.007449095
v 0.000032950 0.006028338 -0.007464006
v 0.000037787 0.006071177 -0.007482059
v 0.000043440 0.006112500 -0.007503155
v 0.000049876 0.006152075 -0.007527174
v 0.000057059 0.006189681 -0.007553983
v 0.000064950 0.006225108 -0.007583432
v 0.000073503 0.006258157 -0.007615355
v 0.000082673 0.006288645 -0.007649575
v 0.000092406 0.006316399 -0.007685899
v 0.000102649 0.006341266 -0.007724126
v 0.000113344 0.006363106 -0.007764040
v 0.000124431 0.006381796 -0.007805420
v 0.000135849 0.006397233 -0.007848033
v 0.000147534 0.006409330 -0.007891641
v 0.000159420 0.006418019 -0.007936000
v 0.000171441 0.006423252 -0.007980863
v 0.000183529 -0.005175000 -0.008025978
v 0.000195618 -0.005176748 -0.008071092
v 0.000207639 -0.005181981 -0.008115955
v 0.000219525 -0.005190670 -0.008160314
v 0.000231210 -0.005202767 -0.008203922
v 0.000242628 -0.005218204 -0.008246535
v 0.000253715 -0.005236894 -0.008287915
v 0.000264410 -0.005258734 -0.008327829
v 0.000274653 -0.005283601 -0.008366056
v 0.000284386 -0.005311355 -0.008402381
v 0.000293556 -0.005341843 -0.008436600
v 0.000302109 -0.005374892 -0.008468524
v 0.000310000 -0.005410319 -0.008497972
v 0.000317183 -0.005447925 -0.008524781
v 0.000323619 -0.005487500 -0.008548800
v 0.000329272 -0.005528823 -0.008569896
v 0.000334109 -0.005571662 -0.008587950
v 0.000338105 -0.005615778 -0.008602860
v 0.000341236 -0.005660924 -0.008614545
v 0.000343485 -0.005706849 -0.008622938
v 0.000344839 -0.005753294 -0.008627993
v 0.000345291 -0.005800000 -0.008629681
v 0.000344839 -0.005846706 -0.008627993
v 0.000343485 -0.005893151 -0.008622938
v 0.000341236 -0.005939076 -0.008614545
v 0.000338105 -0.005984222 -0.008602860
v 0.000334109 -0.006028338 -0.008587950
v 0.000329272 -0.006071177 -0.008569896
v 0.000323619 -0.006112500 -0.008548800
v 0.000317183 -0.006152075 -0.008524781
v 0.000310000 -0.006189681 -0.008497972
v 0.000302109 -0.006225108 -0.008468524
v 0.000293556 -0.006258157 -0.008436600
v 0.000284386 -0.006288645 -0.008402381
v 0.000274653 -0.006316399 -0.008366056
v 0.000264410 -0.006341266 -0.008327829
v 0.000253715 -0.006363106 -0.008287915
v 0.000242628 -0.006381796 -0.008246535
v 0.000231210 -0.006397233 -0.008203922
v 0.000219525 -0.006409330 -0.008160314
v 0.000207639 -0.006418019 -0.008115955
v 0.000195618 -0.006423252 -0.008071092
v 0.000183529 -0.006425000 -0.008025978
v 0.000171441 -0.006423252 -0.007980863
v 0.000159420 -0.006418019 -0.007936000
v 0.000147534 -0.006409330 -0.007891641
v 0.000135849 -0.006397233 -0.007848033
v 0.000124431 -0.006381796 -0.007805420
v 0.000113344 -0.006363106 -0.007764040
v 0.000102649 -0.006341266 -0.007724126
v 0.000092406 -0.006316399 -0.007685899
v 0.000082673 -0.006288645 -0.007649575
v 0.000073503 -0.006258157 -0.007615355
v 0.000064950 -0.006225108 -0.007583432
v 0.000057059 -0.006189681 -0.007553983
v 0.000049876 -0.006152075 -0.007527174
v 0.000043440 -0.006112500 -0.007503155
v 0.000037787 -0.006071177 -0.007482059
v 0.000032950 -0.006028338 -0.007464006
v 0.000028954 -0.005984222 -0.007449095
v 0.000025823 -0.005939076 -0.007437410
v 0.000023574 -0.005893151 -0.007429017
v 0.000022220 -0.005846706 -0.007423962
v 0.000021768 -0.005800000 -0.007422274
v 0.000022220 -0.005753294 -0.007423962
v 0.000023574 -0.005706849 -0.007429017
v 0.000025823 -0.005660924 -0.007437410
v 0.000028954 -0.005615778 -0.007449095
v 0.000032950 -0.005571662 -0.007464006
v 0.000037787 -0.005528823 -0.007482059
v 0.000043440 -0.005487500 -0.007503155
v 0.000049876 -0.005447925 -0.007527174
v 0.000057059 -0.005410319 -0.007553983
v 0.000064950 -0.005374892 -0.007583432
v 0.000073503 -0.005341843 -0.007615355
v 0.000082673 -0.005311355 -0.007649575
v 0.000092406 -0.005283601 -0.007685899
v 0.000102649 -0.005258734 -0.007724126
v 0.000113344 -0.005236894 -0.007764040
v 0.000124431 -0.005218204 -0.007805420
v 0.000135849 -0.005202767 -0.007848033
v 0.000147534 -0.005190670 -0.007891641
v 0.000159420 -0.005181981 -0.007936000
v 0.000171441 -0.005176748 -0.007980863
v 0.003289358 0.000625000 -0.019617088
v 0.003301447 0.000623252 -0.019662202
v 0.003313467 0.000618019 -0.019707065
v 0.003325353 0.000609330 -0.019751424
v 0.003337038 0.000597233 -0.019795032
v 0.003348456 0.000581796 -0.019837645
v 0.003359544 0.000563106 -0.019879025
v 0.003370239 0.000541266 -0.019918939
v 0.003380482 0.000516399 -0.019957166
v 0.003390215 0.000488645 -0.019993491
v 0.003399384 0.000458157 -0.020027710
v 0.003407938 0.000425108 -0.020059634
v 0.003415829 0.000389681 -0.020089082
v 0.003423012 0.000352075 -0.020115891
v 0.003429448 0.000312500 -0.020139910
v 0.003435100 0.000271177 -0.020161006
v 0.003439938 0.000228338 -0.020179059
v 0.003443933 0.000184222 -0.020193970
v 0.003447064 0.000139076 -0.020205655
v 0.003449313 0.000093151 -0.020214048
v 0.003450668 0.000046706 -0.020219103
v 0.003451120 -0.000000000 -0.020220791
v 0.003450668 -0.000046706 -0.020219103
v 0.003449313 -0.000093151 -0.020214048
v 0.003447064 -0.000139076 -0.020205655
v 0.003443933 -0.000184222 -0.020193970
v 0.003439938 -0.000228338 -0.020179059
v 0.003435100 -0.000271177 -0.020161006
v 0.003429448 -0.000312500 -0.020139910
v 0.003423012 -0.000352075 -0.020115891
v 0.003415829 -0.000389681 -0.020089082
v 0.003407938 -0.000425108 -0.020059634
v 0.003399384 -0.000458157 -0.020027710
v 0.003390215 -0.000488645 -0.019993491
v 0.003380482 -0.000516399 -0.019957166
v 0.003370239 -0.000541266 -0.019918939
v 0.003359544 -0.000563106 -0.019879025
v 0.003348456 -0.000581796 -0.019837645
v 0.003337038 -0.000597233 -0.019795032
v 0.003325353 -0.000609330 -0.019751424
v 0.003313467 -0.000618019 -0.019707065
v 0.003301447 -0.000623252 -0.019662202
v 0.003289358 -0.000625000 -0.019617088
v 0.003277270 -0.000623252 -0.019571973
v 0.003265249 -0.000618019 -0.019527110
v 0.003253363 -0.000609330 -0.019482751
v 0.003241678 -0.000597233 -0.019439143
v 0.003230260 -0.000581796 -0.019396530
v 0.003219172 -0.000563106 -0.019355150
v 0.003208477 -0.000541266 -0.019315236
v 0.003198234 -0.000516399 -0.019277009
v 0.003188501 -0.000488645 -0.019240684
v 0.003179332 -0.000458157 -0.019206465
v 0.003170778 -0.000425108 -0.019174541
v 0.003162887 -0.000389681 -0.019145093
v 0.003155704 -0.000352075 -0.019118284
v 0.003149268 -0.000312500 -0.019094265
v 0.003143616 -0.000271177 -0.019073169
v 0.003138778 -0.000228338 -0.019055116
v 0.003134783 -0.000184222 -0.019040205
v 0.003131652 -0.000139076 -0.019028520
v 0.003129403 -0.000093151 -0.019020127
v 0.003128048 -0.000046706 -0.019015072
v 0.003127596 0.000000000 -0.019013384
v 0.003128048 0.000046706 -0.019015072
v 0.003129403 0.000093151 -0.019020127
v 0.003131652 0.000139076 -0.019028520
v 0.003134783 0.000184222 -0.019040205
v 0.003138778 0.000228338 -0.019055116
v 0.003143616 0.000271177 -0.019073169
v 0.003149268 0.000312500 -0.019094265
v 0.003155704 0.000352075 -0.019118284
v 0.003162887 0.000389681 -0.019145093
v 0.003170778 0.000425108 -0.019174541
v 0.003179332 0.000458157 -0.019206465
v 0.003188501 0.000488645 -0.019240684
v 0.003198234 0.000516399 -0.019277009
v 0.003208477 0.000541266 -0.019315236
v 0.003219172 0.000563106 -0.019355150
v 0.003230260 0.000581796 -0.019396530
v 0.003241678 0.000597233 -0.019439143
v 0.003253363 0.000609330 -0.019482751
v 0.003265249 0.000618019 -0.019527110
v 0.003277270 0.000623252 -0.019571973
v -0.001252916 0.003516857 -0.002665090
v -0.001252916 0.004000000 -0.002665090
v -0.001251469 0.004149460 -0.002670491
v -0.001247135 0.004298085 -0.002686666
v -0.001239938 0.004445042 -0.002713525
v -0.001229919 0.004589510 -0.002750916
v -0.001217134 0.004730682 -0.002798631
v -0.001201654 0.004867767 -0.002856403
v -0.001183566 0.005000000 -0.002923908
v -0.001162971 0.005126640 -0.003000770
v -0.001139984 0.005246980 -0.003086559
v -0.001114734 0.005360345 -0.003180793
v -0.001087361 0.005466104 -0.003282948
v -0.001058020 0.005563663 -0.003392451
v -0.001026874 0.005652478 -0.003508690
v -0.000994097 0.005732051 -0.003631015
v -0.000959873 0.005801938 -0.003758742
v -0.000924393 0.005861747 -0.003891156
v -0.000887855 0.005911146 -0.004027518
v -0.000850463 0.005949856 -0.004167064
v -0.000812428 0.005977662 -0.004309013
v -0.000773961 0.005994408 -0.004452573
v -0.000735278 0.006000000 -0.004596941
v -0.000661311 0.006000000 -0.004872989
v -0.000623113 0.005994547 -0.005015547
v -0.000585123 0.005978218 -0.005157328
v -0.000547549 0.005951102 -0.005297557
v -0.000510594 0.005913347 -0.005435472
v -0.000474462 0.005865159 -0.005570320
v -0.000439349 0.005806800 -0.005701365
v -0.000405446 0.005738589 -0.005827893
v -0.000372938 0.005660898 -0.005949214
v -0.000342002 0.005574150 -0.006064667
v -0.000312808 0.005478818 -0.006173621
v -0.000285514 0.005375422 -0.006275484
v -0.000260269 0.005264527 -0.006369698
v -0.000237211 0.005146736 -0.006455752
v -0.000216466 0.005022692 -0.006533174
v -0.000198146 0.004893071 -0.006601544
v -0.000182352 0.004758581 -0.006660489
v -0.000169170 0.004619954 -0.006709686
v -0.000158671 0.004477947 -0.006748868
v -0.000150913 0.004333333 -0.006777821
v -0.000147034 0.004261027 -0.006792297
v -0.000141785 0.004190023 -0.006811888
v -0.000135194 0.004120709 -0.006836487
v -0.000127297 0.004053464 -0.006865959
v -0.000118137 0.003988654 -0.006900144
v -0.000107764 0.003926632 -0.006938855
v -0.000096235 0.003867737 -0.006981882
v -0.000083613 0.003812289 -0.007028989
v -0.000069966 0.003760591 -0.007079921
v -0.000055369 0.003712925 -0.007134398
v -0.000039901 0.003669551 -0.007192124
v -0.000023647 0.003630705 -0.007252785
v -0.000006695 0.003596600 -0.007316049
v 0.000010861 0.003567421 -0.007381571
v 0.000028928 0.003543326 -0.007448995
v 0.000047405 0.003524449 -0.007517953
v 0.000066192 0.003510891 -0.007588068
v 0.000085187 0.003502726 -0.007658958
v 0.000104286 0.003500000 -0.007730237
v 0.002474078 0.003500000 -0.016574421
v 0.002512761 0.003494408 -0.016718789
v 0.002551228 0.003477662 -0.016862349
v 0.002589263 0.003449856 -0.017004299
v 0.002626655 0.003411146 -0.017143844
v 0.002663192 0.003361747 -0.017280206
v 0.002698673 0.003301938 -0.017412620
v 0.002732897 0.003232051 -0.017540347
v 0.002765674 0.003152478 -0.017662672
v 0.002796820 0.003063663 -0.017778911
v 0.002826161 0.002966104 -0.017888414
v 0.002853534 0.002860345 -0.017990569
v 0.002878784 0.002746980 -0.018084804
v 0.002901771 0.002626640 -0.018170592
v 0.002922366 0.002500000 -0.018247454
v 0.002940454 0.002367767 -0.018314959
v 0.002955934 0.002230682 -0.018372731
v 0.002968719 0.002089510 -0.018420446
v 0.002978738 0.001945042 -0.018457837
v 0.002985935 0.001798085 -0.018484696
v 0.002990269 0.001649460 -0.018500871
v 0.002991716 0.001500000 -0.018506273
v 0.002991716 -0.001500000 -0.018506273
v 0.002990269 -0.001649460 -0.018500871
v 0.002985935 -0.001798085 -0.018484696
v 0.002978738 -0.001945042 -0.018457837
v 0.002968719 -0.002089510 -0.018420446
v 0.002955934 -0.002230682 -0.018372731
v 0.002940454 -0.002367767 -0.018314959
v 0.002922366 -0.002500000 -0.018247454
v 0.002901771 -0.002626640 -0.018170592
v 0.002878784 -0.002746980 -0.018084804
v 0.002853534 -0.002860345 -0.017990569
v 0.002826161 -0.002966104 -0.017888414
v 0.002796820 -0.003063663 -0.017778911
v 0.002765674 -0.003152478 -0.017662672
v 0.002732897 -0.003232051 -0.017540347
v 0.002698673 -0.003301938 -0.017412620
v 0.002663192 -0.003361747 -0.017280206
v 0.002626655 -0.003411146 -0.017143844
v 0.002589263 -0.003449856 -0.017004299
v 0.002551228 -0.003477662 -0.016862349
v 0.002512761 -0.003494408 -0.016718789
v 0.002474078 -0.003500000 -0.016574421
v 0.000069142 -0.003500000 -0.007599077
v 0.000050043 -0.003502726 -0.007527798
v 0.000031048 -0.003510891 -0.007456908
v 0.000012260 -0.003524449 -0.007386793
v -0.000006217 -0.003543326 -0.007317836
v -0.000024283 -0.003567421 -0.007250412
v -0.000041839 -0.003596600 -0.007184889
v -0.000058791 -0.003630705 -0.007121625
v -0.000075045 -0.003669551 -0.007060965
v -0.000090513 -0.003712925 -0.007003238
v -0.000105110 -0.003760591 -0.006948761
v -0.000118757 -0.003812289 -0.006897830
v -0.000131379 -0.003867737 -0.006850722
v -0.000142908 -0.003926632 -0.006807696
v -0.000153281 -0.003988654 -0.006768984
v -0.000162441 -0.004053464 -0.006734800
v -0.000170338 -0.004120709 -0.006705327
v -0.000176929 -0.004190023 -0.006680729
v -0.000182178 -0.004261027 -0.006661138
v -0.000186057 -0.004333333 -0.006646661
v -0.000193815 -0.004477947 -0.006617708
v -0.000204314 -0.004619954 -0.006578526
v -0.000217496 -0.004758581 -0.006529329
v -0.000233290 -0.004893071 -0.006470385
v -0.000251610 -0.005022692 -0.006402015
v -0.000272355 -0.005146736 -0.006324592
v -0.000295413 -0.005264527 -0.006238539
v -0.000320658 -0.005375422 -0.006144324
v -0.000347952 -0.005478818 -0.006042462
v -0.000377146 -0.005574150 -0.005933507
v -0.000408082 -0.005660898 -0.005818055
v -0.000440590 -0.005738589 -0.005696733
v -0.000474493 -0.005806800 -0.005570205
v -0.000509606 -0.005865159 -0.005439160
v -0.000545738 -0.005913347 -0.005304313
v -0.000582693 -0.005951102 -0.005166398
v -0.000620267 -0.005978218 -0.005026168
v -0.000658257 -0.005994547 -0.004884388
v -0.000696455 -0.006000000 -0.004741830
v -0.000735278 -0.006000000 -0.004596941
v -0.000773961 -0.005994408 -0.004452574
v -0.000812428 -0.005977662 -0.004309013
v -0.000850463 -0.005949856 -0.004167064
v -0.000887855 -0.005911146 -0.004027518
v -0.000924393 -0.005861748 -0.003891156
v -0.000959873 -0.005801938 -0.003758742
v -0.000994097 -0.005732051 -0.003631015
v -0.001026874 -0.005652478 -0.003508690
v -0.001058020 -0.005563663 -0.003392451
v -0.001087361 -0.005466104 -0.003282948
v -0.001114734 -0.005360346 -0.003180794
v -0.001139984 -0.005246980 -0.003086559
v -0.001162971 -0.005126640 -0.003000770
v -0.001183566 -0.005000000 -0.002923909
v -0.001201654 -0.004867768 -0.002856403
v -0.001217134 -0.004730682 -0.002798631
v -0.001229919 -0.004589511 -0.002750916
v -0.001239938 -0.004445042 -0.002713525
v -0.001247135 -0.004298085 -0.002686667
v -0.001251469 -0.004149461 -0.002670491
v -0.001252916 -0.004000000 -0.002665089
v -0.001252916 -0.003517700 -0.002665090
v -0.001251424 -0.003368103 -0.002670659
v -0.001247040 -0.003219356 -0.002687021
v -0.001239788 -0.003072293 -0.002714085
v -0.001229709 -0.002927738 -0.002751699
v -0.001216860 -0.002786501 -0.002799651
v -0.001201313 -0.002649372 -0.002857674
v -0.001183155 -0.002517122 -0.002925443
v -0.001162487 -0.002390489 -0.003002577
v -0.001141762 -0.002263802 -0.003079921
v -0.001123551 -0.002131474 -0.003147885
v -0.001107956 -0.001994249 -0.003206087
v -0.001095065 -0.001852897 -0.003254200
v -0.001084949 -0.001708212 -0.003291953
v -0.001077665 -0.001561006 -0.003319135
v -0.001073255 -0.001412107 -0.003335593
v -0.001071743 -0.001262349 -0.003341237
v -0.001071743 0.001261507 -0.003341236
v -0.001073235 0.001411104 -0.003335667
v -0.001077620 0.001559850 -0.003319305
v -0.001084871 0.001706913 -0.003292241
v -0.001094950 0.001851468 -0.003254628
v -0.001107799 0.001992706 -0.003206675
v -0.001123346 0.002129834 -0.003148652
v -0.001141504 0.002262084 -0.003080884
v -0.001162172 0.002388717 -0.003003750
v -0.001182897 0.002515404 -0.002926405
v -0.001201108 0.002647732 -0.002858441
v -0.001216703 0.002784957 -0.002800240
v -0.001229595 0.002926309 -0.002752127
v -0.001239711 0.003070994 -0.002714374
v -0.001246994 0.003218200 -0.002687191
v -0.001251404 0.003367099 -0.002670733
v -0.001369385 0.000625000 -0.002230423
v -0.001357296 0.000623252 -0.002275538
v -0.001345275 0.000618019 -0.002320400
v -0.001333389 0.000609330 -0.002364759
v -0.001321705 0.000597233 -0.002408367
v -0.001310287 0.000581796 -0.002450980
v -0.001299199 0.000563106 -0.002492360
v -0.001288504 0.000541266 -0.002532274
v -0.001278261 0.000516399 -0.002570501
v -0.001268528 0.000488645 -0.002606826
v -0.001259359 0.000458157 -0.002641045
v -0.001250805 0.000425108 -0.002672969
v -0.001242914 0.000389681 -0.002702417
v -0.001235731 0.000352075 -0.002729226
v -0.001229295 0.000312500 -0.002753245
v -0.001223642 0.000271177 -0.002774341
v -0.001218805 0.000228338 -0.002792395
v -0.001214810 0.000184222 -0.002807305
v -0.001211679 0.000139076 -0.002818990
v -0.001209430 0.000093151 -0.002827383
v -0.001208075 0.000046706 -0.002832438
v -0.001207623 -0.000000000 -0.002834126
v -0.001208075 -0.000046706 -0.002832438
v -0.001209430 -0.000093151 -0.002827383
v -0.001211679 -0.000139076 -0.002818990
v -0.001214810 -0.000184222 -0.002807305
v -0.001218805 -0.000228338 -0.002792395
v -0.001223642 -0.000271177 -0.002774341
v -0.001229295 -0.000312500 -0.002753245
v -0.001235731 -0.000352075 -0.002729226
v -0.001242914 -0.000389681 -0.002702417
v -0.001250805 -0.000425108 -0.002672969
v -0.001259359 -0.000458157 -0.002641045
v -0.001268528 -0.000488645 -0.002606826
v -0.001278261 -0.000516399 -0.002570501
v -0.001288504 -0.000541266 -0.002532274
v -0.001299199 -0.000563106 -0.002492360
v -0.001310287 -0.000581796 -0.002450980
v -0.001321705 -0.000597233 -0.002408367
v -0.001333389 -0.000609330 -0.002364759
v -0.001345275 -0.000618019 -0.002320400
v -0.001357296 -0.000623252 -0.002275538
v -0.001369385 -0.000625000 -0.002230423
v -0.001381473 -0.000623252 -0.002185308
v -0.001393494 -0.000618019 -0.002140445
v -0.001405380 -0.000609330 -0.002096086
v -0.001417065 -0.000597233 -0.002052478
v -0.001428483 -0.000581796 -0.002009865
v -0.001439571 -0.000563106 -0.001968485
v -0.001450266 -0.000541266 -0.001928571
v -0.001460509 -0.000516399 -0.001890344
v -0.001470242 -0.000488645 -0.001854020
v -0.001479411 -0.000458157 -0.001819800
v -0.001487965 -0.000425108 -0.001787877
v -0.001495855 -0.000389681 -0.001758428
v -0.001503039 -0.000352075 -0.001731619
v -0.001509475 -0.000312500 -0.001707600
v -0.001515127 -0.000271177 -0.001686504
v -0.001519965 -0.000228338 -0.001668451
v -0.001523960 -0.000184222 -0.001653540
v -0.001527091 -0.000139076 -0.001641855
v -0.001529340 -0.000093151 -0.001633462
v -0.001530694 -0.000046706 -0.001628407
v -0.001531147 0.000000000 -0.001626719
v -0.001530694 0.000046706 -0.001628407
v -0.001529340 0.000093151 -0.001633462
v -0.001527091 0.000139076 -0.001641855
v -0.001523960 0.000184222 -0.001653540
v -0.001519965 0.000228338 -0.001668451
v -0.001515127 0.000271177 -0.001686504
v -0.001509475 0.000312500 -0.001707600
v -0.001503039 0.000352075 -0.001731619
v -0.001495855 0.000389681 -0.001758428
v -0.001487965 0.000425108 -0.001787877
v -0.001479411 0.000458157 -0.001819800
v -0.001470242 0.000488645 -0.001854020
v -0.001460509 0.000516399 -0.001890344
v -0.001450266 0.000541266 -0.001928571
v -0.001439571 0.000563106 -0.001968485
v -0.001428483 0.000581796 -0.002009865
v -0.001417065 0.000597233 -0.002052478
v -0.001405380 0.000609330 -0.002096086
v -0.001393494 0.000618019 -0.002140445
v -0.001381473 0.000623252 -0.002185308
v 0.001425861 -0.007500000 -0.012662422
v 0.001425861 -0.007000000 -0.012662422
v 0.003261120 -0.007000000 -0.012170665
v 0.003261120 -0.007500000 -0.012170665
v 0.003261120 -0.007000000 -0.012170665
v 0.003261120 -0.007500000 -0.012170665
v 0.003261844 -0.006925270 -0.012173366
v 0.003264011 -0.006850958 -0.012181454
v 0.003267609 -0.006777479 -0.012194883
v 0.003272619 -0.006705245 -0.012213579
v 0.003279011 -0.006634659 -0.012237436
v 0.003286751 -0.006566116 -0.012266322
v 0.003295795 -0.006500000 -0.012300075
v 0.003306093 -0.006436680 -0.012338506
v 0.003317586 -0.006376510 -0.012381400
v 0.003330211 -0.006319827 -0.012428518
v 0.003343897 -0.006266948 -0.012479595
v 0.003358568 -0.006218169 -0.012534346
v 0.003374141 -0.006173761 -0.012592466
v 0.003390529 -0.006133975 -0.012653628
v 0.003407642 -0.006099031 -0.012717492
v 0.003425382 -0.006069126 -0.012783699
v 0.003443651 -0.006044427 -0.012851880
v 0.003462346 -0.006025072 -0.012921653
v 0.003481364 -0.006011169 -0.012992627
v 0.003500597 -0.006002796 -0.013064408
v 0.003519939 -0.006000000 -0.013136591
v 0.005254027 -0.006000000 -0.019608294
v 0.005292710 -0.005994408 -0.019752662
v 0.005331177 -0.005977662 -0.019896222
v 0.005369212 -0.005949856 -0.020038172
v 0.005406603 -0.005911146 -0.020177718
v 0.005443141 -0.005861747 -0.020314079
v 0.005478621 -0.005801938 -0.020446493
v 0.005512846 -0.005732051 -0.020574220
v 0.005545623 -0.005652478 -0.020696545
v 0.005576769 -0.005563663 -0.020812784
v 0.005606110 -0.005466104 -0.020922287
v 0.005633482 -0.005360345 -0.021024442
v 0.005658732 -0.005246980 -0.021118677
v 0.005681719 -0.005126640 -0.021204465
v 0.005702314 -0.005000000 -0.021281327
v 0.005720402 -0.004867767 -0.021348832
v 0.005735882 -0.004730682 -0.021406604
v 0.005748667 -0.004589510 -0.021454319
v 0.005758686 -0.004445042 -0.021491710
v 0.005765883 -0.004298085 -0.021518569
v 0.005770217 -0.004149460 -0.021534744
v 0.005771665 -0.004000000 -0.021540146
v 0.005771665 0.004000000 -0.021540146
v 0.005770217 0.004149460 -0.021534744
v 0.005765883 0.004298085 -0.021518569
v 0.005758686 0.004445042 -0.021491710
v 0.005748667 0.004589510 -0.021454319
v 0.005735882 0.004730682 -0.021406604
v 0.005720402 0.004867767 -0.021348832
v 0.005702314 0.005000000 -0.021281327
v 0.005681719 0.005126640 -0.021204465
v 0.005658732 0.005246980 -0.021118677
v 0.005633482 0.005360345 -0.021024442
v 0.005606110 0.005466104 -0.020922287
v 0.005576769 0.005563663 -0.020812784
v 0.005545623 0.005652478 -0.020696545
v 0.005512846 0.005732051 -0.020574220
v 0.005478621 0.005801938 -0.020446493
v 0.005443141 0.005861747 -0.020314079
v 0.005406603 0.005911146 -0.020177718
v 0.005369212 0.005949856 -0.020038172
v 0.005331177 0.005977662 -0.019896222
v 0.005292710 0.005994408 -0.019752662
v 0.005254027 0.006000000 -0.019608294
v 0.003519939 0.006000000 -0.013136591
v 0.003500597 0.006002796 -0.013064408
v 0.003481364 0.006011169 -0.012992627
v 0.003462346 0.006025072 -0.012921653
v 0.003443651 0.006044427 -0.012851880
v 0.003425382 0.006069126 -0.012783699
v 0.003407642 0.006099031 -0.012717492
v 0.003390529 0.006133975 -0.012653628
v 0.003374141 0.006173761 -0.012592466
v 0.003358568 0.006218169 -0.012534346
v 0.003343897 0.006266948 -0.012479595
v 0.003330211 0.006319827 -0.012428518
v 0.003317586 0.006376510 -0.012381400
v 0.003306093 0.006436680 -0.012338506
v 0.003295795 0.006500000 -0.012300075
v 0.003286751 0.006566116 -0.012266322
v 0.003279011 0.006634659 -0.012237436
v 0.003272619 0.006705245 -0.012213579
v 0.003267609 0.006777479 -0.012194883
v 0.003264011 0.006850958 -0.012181454
v 0.003261844 0.006925270 -0.012173366
v 0.003261120 0.007000000 -0.012170665
v 0.003261120 0.007500000 -0.012170665
v 0.014623276 0.007500000 -0.054574809
v 0.014623276 -0.007500000 -0.054574809
v 0.017072766 -0.007500000 -0.055989023
v 0.016926951 -0.007500000 -0.056022304
v 0.016779057 -0.007500000 -0.056044596
v 0.016629910 -0.007500000 -0.056055773
v 0.016480345 -0.007500000 -0.056055773
v 0.016331199 -0.007500000 -0.056044596
v 0.016183304 -0.007500000 -0.056022304
v 0.016037490 -0.007500000 -0.055989023
v 0.015894570 -0.007500000 -0.055944938
v 0.015755344 -0.007500000 -0.055890296
v 0.015620590 -0.007500000 -0.055825402
v 0.015491064 -0.007500000 -0.055750619
v 0.015367487 -0.007500000 -0.055666367
v 0.015250553 -0.007500000 -0.055573115
v 0.015140914 -0.007500000 -0.055471385
v 0.015039184 -0.007500000 -0.055361746
v 0.014945932 -0.007500000 -0.055244811
v 0.014861679 -0.007500000 -0.055121235
v 0.014786897 -0.007500000 -0.054991708
v 0.014722003 -0.007500000 -0.054856955
v 0.014667361 -0.007500000 -0.054717729
v 0.014623276 -0.007500000 -0.054574809
v 0.014623276 0.007500000 -0.054574809
v 0.014667361 0.007500000 -0.054717729
v 0.014722003 0.007500000 -0.054856955
v 0.014786897 0.007500000 -0.054991708
v 0.014861679 0.007500000 -0.055121235
v 0.014945932 0.007500000 -0.055244811
v 0.015039184 0.007500000 -0.055361746
v 0.015140914 0.007500000 -0.055471385
v 0.015250553 0.007500000 -0.055573115
v 0.015367487 0.007500000 -0.055666367
v 0.015491064 0.007500000 -0.055750619
v 0.015620590 0.007500000 -0.055825402
v 0.015755344 0.007500000 -0.055890296
v 0.015894570 0.007500000 -0.055944938
v 0.016037490 0.007500000 -0.055989023
v 0.016183304 0.007500000 -0.056022304
v 0.016331199 0.007500000 -0.056044596
v 0.016480345 0.007500000 -0.056055773
v 0.016629910 0.007500000 -0.056055773
v 0.016779057 0.007500000 -0.056044596
v 0.016926951 0.007500000 -0.056022304
v 0.017072766 0.007500000 -0.055989023
v 0.019452905 -0.007500000 -0.057144417
v 0.018038692 -0.007500000 -0.055730204
v 0.019452905 0.007500000 -0.057144417
v 0.018038692 0.007500000 -0.055730204
v 0.019452905 0.007500000 -0.057144417
v 0.020497473 0.007500000 -0.061042796
v 0.020497473 -0.007500000 -0.061042796
v 0.019452905 -0.007500000 -0.057144417
v 0.017962540 -0.007500000 -0.059827342
v 0.019660956 -0.007500000 -0.061525759
v 0.019660956 0.007500000 -0.061525759
v 0.017962540 0.007500000 -0.059827342
v 0.017962540 0.007500000 -0.059827342
v 0.017923311 0.007500000 -0.059764791
v 0.017879575 0.007500000 -0.059705306
v 0.017831568 0.007500000 -0.059649209
v 0.017779554 0.007500000 -0.059596807
v 0.017723815 0.007500000 -0.059548386
v 0.017664655 0.007500000 -0.059504210
v 0.017602396 0.007500000 -0.059464519
v 0.017537379 0.007500000 -0.059429530
v 0.017469958 0.007500000 -0.059399433
v 0.017400500 0.007500000 -0.059374393
v 0.017329383 0.007500000 -0.059354547
v 0.017256996 0.007500000 -0.059340001
v 0.017183733 0.007500000 -0.059330836
v 0.017109994 0.007500000 -0.059327102
v 0.017036180 0.007500000 -0.059328819
v 0.016962694 0.007500000 -0.059335977
v 0.016889936 0.007500000 -0.059348538
v 0.016818303 0.007500000 -0.059366433
v 0.016748187 0.007500000 -0.059389564
v 0.016679967 0.007500000 -0.059417806
v 0.016614018 0.007500000 -0.059451005
v 0.016550698 0.007500000 -0.059488978
v 0.016490352 0.007500000 -0.059531521
v 0.016433310 0.007500000 -0.059578400
v 0.016379882 0.007500000 -0.059629360
v 0.016330360 0.007500000 -0.059684123
v 0.016285013 0.007500000 -0.059742390
v 0.016244089 0.007500000 -0.059803845
v 0.016207811 0.007500000 -0.059868152
v 0.016176377 0.007500000 -0.059934960
v 0.016149958 0.007500000 -0.060003906
v 0.016128698 0.007500000 -0.060074613
v 0.016112713 0.007500000 -0.060146695
v 0.016102089 0.007500000 -0.060219761
v 0.016096886 0.007500000 -0.060293411
v 0.016097132 0.007500000 -0.060367245
v 0.016102824 0.007500000 -0.060440859
v 0.016113932 0.007500000 -0.060513853
v 0.016130396 0.007500000 -0.060585828
v 0.016130396 -0.007500000 -0.060585828
v 0.016113932 -0.007500000 -0.060513853
v 0.016102824 -0.007500000 -0.060440859
v 0.016097132 -0.007500000 -0.060367245
v 0.016096886 -0.007500000 -0.060293411
v 0.016102089 -0.007500000 -0.060219761
v 0.016112713 -0.007500000 -0.060146695
v 0.016128698 -0.007500000 -0.060074613
v 0.016149958 -0.007500000 -0.060003906
v 0.016176377 -0.007500000 -0.059934960
v 0.016207811 -0.007500000 -0.059868152
v 0.016244089 -0.007500000 -0.059803845
v 0.016285013 -0.007500000 -0.059742390
v 0.016330360 -0.007500000 -0.059684123
v 0.016379882 -0.007500000 -0.059629360
v 0.016433310 -0.007500000 -0.059578400
v 0.016490352 -0.007500000 -0.059531521
v 0.016550698 -0.007500000 -0.059488978
v 0.016614018 -0.007500000 -0.059451005
v 0.016679967 -0.007500000 -0.059417806
v 0.016748187 -0.007500000 -0.059389564
v 0.016818303 -0.007500000 -0.059366433
v 0.016889936 -0.007500000 -0.059348538
v 0.016962694 -0.007500000 -0.059335977
v 0.017036180 -0.007500000 -0.059328819
v 0.017109994 -0.007500000 -0.059327102
v 0.017183733 -0.007500000 -0.059330836
v 0.017256996 -0.007500000 -0.059340001
v 0.017329383 -0.007500000 -0.059354547
v 0.017400500 -0.007500000 -0.059374393
v 0.017469958 -0.007500000 -0.059399433
v 0.017537379 -0.007500000 -0.059429530
v 0.017602396 -0.007500000 -0.059464519
v 0.017664655 -0.007500000 -0.059504210
v 0.017723815 -0.007500000 -0.059548386
v 0.017779554 -0.007500000 -0.059596807
v 0.017831568 -0.007500000 -0.059649209
v 0.017879575 -0.007500000 -0.059705306
v 0.017923311 -0.007500000 -0.059764791
v 0.017962540 -0.007500000 -0.059827342
v 0.013976876 0.007500000 -0.063547859
v 0.015760720 0.007500000 -0.063069880
v 0.015760720 -0.007500000 -0.063069880
v 0.013976876 -0.007500000 -0.063547859
v 0.011599165 0.007500000 -0.062350941
v 0.011657561 0.007500000 -0.062484316
v 0.011725506 0.007500000 -0.062613090
v 0.011802639 0.007500000 -0.062736579
v 0.011888552 0.007500000 -0.062854129
v 0.011982789 0.007500000 -0.062965118
v 0.012084851 0.007500000 -0.063068956
v 0.012194197 0.007500000 -0.063165094
v 0.012310247 0.007500000 -0.063253023
v 0.012432386 0.007500000 -0.063332276
v 0.012559968 0.007500000 -0.063402432
v 0.012692316 0.007500000 -0.063463122
v 0.012828728 0.007500000 -0.063514021
v 0.012968482 0.007500000 -0.063554862
v 0.013110836 0.007500000 -0.063585428
v 0.013255037 0.007500000 -0.063605556
v 0.013400320 0.007500000 -0.063615139
v 0.013545916 0.007500000 -0.063614128
v 0.013691052 0.007500000 -0.063602528
v 0.013834960 0.007500000 -0.063580399
v 0.013976876 0.007500000 -0.063547859
v 0.013976876 -0.007500000 -0.063547859
v 0.011599165 -0.007500000 -0.062350941
v 0.011657561 -0.007500000 -0.062484316
v 0.011725506 -0.007500000 -0.062613090
v 0.011802639 -0.007500000 -0.062736579
v 0.011888552 -0.007500000 -0.062854129
v 0.011982789 -0.007500000 -0.062965118
v 0.012084851 -0.007500000 -0.063068956
v 0.012194197 -0.007500000 -0.063165094
v 0.012310247 -0.007500000 -0.063253023
v 0.012432386 -0.007500000 -0.063332276
v 0.012559968 -0.007500000 -0.063402432
v 0.012692316 -0.007500000 -0.063463122
v 0.012828728 -0.007500000 -0.063514021
v 0.012968482 -0.007500000 -0.063554862
v 0.013110836 -0.007500000 -0.063585428
v 0.013255037 -0.007500000 -0.063605556
v 0.013400320 -0.007500000 -0.063615139
v 0.013545916 -0.007500000 -0.063614128
v 0.013691052 -0.007500000 -0.063602528
v 0.013834960 -0.007500000 -0.063580399
v 0.000176062 -0.007500000 -0.033439759
v 0.011599165 -0.007500000 -0.062350941
v 0.011599165 0.007500000 -0.062350941
v 0.000176062 0.007500000 -0.033439759
v -0.003544084 -0.007500000 -0.030909626
v -0.003245734 -0.007500000 -0.030920769
v -0.002949045 -0.007500000 -0.030954133
v -0.002655671 -0.007500000 -0.031009534
v -0.002367247 -0.007500000 -0.031086662
v -0.002085379 -0.007500000 -0.031185089
v -0.001811638 -0.007500000 -0.031304265
v -0.001547548 -0.007500000 -0.031443527
v -0.001294581 -0.007500000 -0.031602099
v -0.001054147 -0.007500000 -0.031779098
v -0.000827583 -0.007500000 -0.031973537
v -0.000616154 -0.007500000 -0.032184333
v -0.000421037 -0.007500000 -0.032410312
v -0.000243318 -0.007500000 -0.032650215
v -0.000083988 -0.007500000 -0.032902705
v 0.000056065 -0.007500000 -0.033166376
v 0.000176062 -0.007500000 -0.033439759
v 0.000176062 0.007500000 -0.033439759
v 0.000056065 0.007500000 -0.033166376
v -0.000083988 0.007500000 -0.032902705
v -0.000243318 0.007500000 -0.032650215
v -0.000421037 0.007500000 -0.032410312
v -0.000616154 0.007500000 -0.032184333
v -0.000827583 0.007500000 -0.031973537
v -0.001054147 0.007500000 -0.031779098
v -0.001294581 0.007500000 -0.031602099
v -0.001547548 0.007500000 -0.031443527
v -0.001811638 0.007500000 -0.031304265
v -0.002085379 0.007500000 -0.031185089
v -0.002367247 0.007500000 -0.031086662
v -0.002655671 0.007500000 -0.031009534
v -0.002949045 0.007500000 -0.030954133
v -0.003245734 0.007500000 -0.030920769
v -0.003544084 0.007500000 -0.030909626
v -0.003544084 0.007500000 -0.030909626
v -0.005717791 0.007500000 -0.030909626
v -0.005717791 -0.007500000 -0.030909626
v -0.003544084 -0.007500000 -0.030909626
v -0.005717791 0.007500000 -0.030909626
v -0.005837150 0.007500000 -0.030719666
v -0.005970372 0.007500000 -0.030539157
v -0.006116711 0.007500000 -0.030369108
v -0.006275349 0.007500000 -0.030210471
v -0.006445397 0.007500000 -0.030064132
v -0.006625907 0.007500000 -0.029930910
v -0.006815867 0.007500000 -0.029811550
v -0.007014216 0.007500000 -0.029706720
v -0.007219844 0.007500000 -0.029617005
v -0.007431601 0.007500000 -0.029542908
v -0.007648304 0.007500000 -0.029484843
v -0.007868740 0.007500000 -0.029443134
v -0.008091676 0.007500000 -0.029418015
v -0.008315867 0.007500000 -0.029409626
v -0.008315867 -0.007500000 -0.029409626
v -0.008091676 -0.007500000 -0.029418015
v -0.007868740 -0.007500000 -0.029443134
v -0.007648304 -0.007500000 -0.029484843
v -0.007431601 -0.007500000 -0.029542908
v -0.007219844 -0.007500000 -0.029617005
v -0.007014216 -0.007500000 -0.029706720
v -0.006815867 -0.007500000 -0.029811550
v -0.006625907 -0.007500000 -0.029930910
v -0.006445397 -0.007500000 -0.030064132
v -0.006275349 -0.007500000 -0.030210471
v -0.006116711 -0.007500000 -0.030369108
v -0.005970372 -0.007500000 -0.030539157
v -0.005837150 -0.007500000 -0.030719666
v -0.005717791 -0.007500000 -0.030909626
v -0.008315867 0.007500000 -0.029409626
v -0.038119714 0.007500000 -0.029409626
v -0.038119714 -0.007500000 -0.029409626
v -0.008315867 -0.007500000 -0.029409626
v -0.015617791 0.000000000 -0.029409626
v -0.015622264 -0.000119568 -0.029409626
v -0.015635661 -0.000238468 -0.029409626
v -0.015657906 -0.000356033 -0.029409626
v -0.015688874 -0.000471608 -0.029409626
v -0.015728393 -0.000584546 -0.029409626
v -0.015776240 -0.000694214 -0.029409626
v -0.015832150 -0.000800000 -0.029409626
v -0.015895809 -0.000901312 -0.029409626
v -0.015966860 -0.000997584 -0.029409626
v -0.016044908 -0.001088276 -0.029409626
v -0.016129514 -0.001172883 -0.029409626
v -0.016220207 -0.001250930 -0.029409626
v -0.016316478 -0.001321982 -0.029409626
v -0.016417791 -0.001385641 -0.029409626
v -0.016523577 -0.001441550 -0.029409626
v -0.016633245 -0.001489398 -0.029409626
v -0.016746182 -0.001528916 -0.029409626
v -0.016861757 -0.001559885 -0.029409626
v -0.016979323 -0.001582129 -0.029409626
v -0.017098222 -0.001595526 -0.029409626
v -0.017217791 -0.001600000 -0.029409626
v -0.017337359 -0.001595526 -0.029409626
v -0.017456258 -0.001582129 -0.029409626
v -0.017573824 -0.001559885 -0.029409626
v -0.017689399 -0.001528916 -0.029409626
v -0.017802336 -0.001489398 -0.029409626
v -0.017912005 -0.001441550 -0.029409626
v -0.018017791 -0.001385641 -0.029409626
v -0.018119103 -0.001321982 -0.029409626
v -0.018215374 -0.001250930 -0.029409626
v -0.018306067 -0.001172883 -0.029409626
v -0.018390674 -0.001088276 -0.029409626
v -0.018468721 -0.000997584 -0.029409626
v -0.018539773 -0.000901312 -0.029409626
v -0.018603431 -0.000800000 -0.029409626
v -0.018659341 -0.000694214 -0.029409626
v -0.018707189 -0.000584546 -0.029409626
v -0.018746707 -0.000471608 -0.029409626
v -0.018777675 -0.000356033 -0.029409626
v -0.018799920 -0.000238468 -0.029409626
v -0.018813317 -0.000119568 -0.029409626
v -0.018817791 0.000000000 -0.029409626
v -0.018813317 0.000119568 -0.029409626
v -0.018799920 0.000238468 -0.029409626
v -0.018777675 0.000356033 -0.029409626
v -0.018746707 0.000471608 -0.029409626
v -0.018707189 0.000584546 -0.029409626
v -0.018659341 0.000694214 -0.029409626
v -0.018603431 0.000800000 -0.029409626
v -0.018539773 0.000901312 -0.029409626
v -0.018468721 0.000997584 -0.029409626
v -0.018390674 0.001088276 -0.029409626
v -0.018306067 0.001172883 -0.029409626
v -0.018215374 0.001250930 -0.029409626
v -0.018119103 0.001321982 -0.029409626
v -0.018017791 0.001385641 -0.029409626
v -0.017912005 0.001441550 -0.029409626
v -0.017802336 0.001489398 -0.029409626
v -0.017689399 0.001528916 -0.029409626
v -0.017573824 0.001559885 -0.029409626
v -0.017456258 0.001582129 -0.029409626
v -0.017337359 0.001595526 -0.029409626
v -0.017217791 0.001600000 -0.029409626
v -0.017098222 0.001595526 -0.029409626
v -0.016979323 0.001582129 -0.029409626
v -0.016861757 0.001559885 -0.029409626
v -0.016746182 0.001528916 -0.029409626
v -0.016633245 0.001489398 -0.029409626
v -0.016523577 0.001441550 -0.029409626
v -0.016417791 0.001385641 -0.029409626
v -0.016316478 0.001321982 -0.029409626
v -0.016220207 0.001250930 -0.029409626
v -0.016129514 0.001172883 -0.029409626
v -0.016044908 0.001088276 -0.029409626
v -0.015966860 0.000997584 -0.029409626
v -0.015895809 0.000901312 -0.029409626
v -0.015832150 0.000800000 -0.029409626
v -0.015776240 0.000694214 -0.029409626
v -0.015728393 0.000584546 -0.029409626
v -0.015688874 0.000471608 -0.029409626
v -0.015657906 0.000356033 -0.029409626
v -0.015635661 0.000238468 -0.029409626
v -0.015622264 0.000119568 -0.029409626
v -0.027617791 0.000000000 -0.029409626
v -0.027622264 -0.000119568 -0.029409626
v -0.027635661 -0.000238468 -0.029409626
v -0.027657906 -0.000356033 -0.029409626
v -0.027688874 -0.000471608 -0.029409626
v -0.027728393 -0.000584546 -0.029409626
v -0.027776240 -0.000694214 -0.029409626
v -0.027832150 -0.000800000 -0.029409626
v -0.027895809 -0.000901312 -0.029409626
v -0.027966860 -0.000997584 -0.029409626
v -0.028044908 -0.001088276 -0.029409626
v -0.028129514 -0.001172883 -0.029409626
v -0.028220207 -0.001250930 -0.029409626
v -0.028316478 -0.001321982 -0.029409626
v -0.028417791 -0.001385641 -0.029409626
v -0.028523577 -0.001441550 -0.029409626
v -0.028633245 -0.001489398 -0.029409626
v -0.028746182 -0.001528916 -0.029409626
v -0.028861757 -0.001559885 -0.029409626
v -0.028979323 -0.001582129 -0.029409626
v -0.029098222 -0.001595526 -0.029409626
v -0.029217791 -0.001600000 -0.029409626
v -0.029337359 -0.001595526 -0.029409626
v -0.029456258 -0.001582129 -0.029409626
v -0.029573824 -0.001559885 -0.029409626
v -0.029689399 -0.001528916 -0.029409626
v -0.029802336 -0.001489398 -0.029409626
v -0.029912005 -0.001441550 -0.029409626
v -0.030017791 -0.001385641 -0.029409626
v -0.030119103 -0.001321982 -0.029409626
v -0.030215374 -0.001250930 -0.029409626
v -0.030306067 -0.001172883 -0.029409626
v -0.030390674 -0.001088276 -0.029409626
v -0.030468721 -0.000997584 -0.029409626
v -0.030539773 -0.000901312 -0.029409626
v -0.030603431 -0.000800000 -0.029409626
v -0.030659341 -0.000694214 -0.029409626
v -0.030707189 -0.000584546 -0.029409626
v -0.030746707 -0.000471608 -0.029409626
v -0.030777675 -0.000356033 -0.029409626
v -0.030799920 -0.000238468 -0.029409626
v -0.030813317 -0.000119568 -0.029409626
v -0.030817791 -0.000000000 -0.029409626
v -0.030813317 0.000119568 -0.029409626
v -0.030799920 0.000238468 -0.029409626
v -0.030777675 0.000356033 -0.029409626
v -0.030746707 0.000471608 -0.029409626
v -0.030707189 0.000584546 -0.029409626
v -0.030659341 0.000694214 -0.029409626
v -0.030603431 0.000800000 -0.029409626
v -0.030539773 0.000901312 -0.029409626
v -0.030468721 0.000997584 -0.029409626
v -0.030390674 0.001088276 -0.029409626
v -0.030306067 0.001172883 -0.029409626
v -0.030215374 0.001250930 -0.029409626
v -0.030119103 0.001321982 -0.029409626
v -0.030017791 0.001385641 -0.029409626
v -0.029912005 0.001441550 -0.029409626
v -0.029802336 0.001489398 -0.029409626
v -0.029689399 0.001528916 -0.029409626
v -0.029573824 0.001559885 -0.029409626
v -0.029456258 0.001582129 -0.029409626
v -0.029337359 0.001595526 -0.029409626
v -0.029217791 0.001600000 -0.029409626
v -0.029098222 0.001595526 -0.029409626
v -0.028979323 0.001582129 -0.029409626
v -0.028861757 0.001559885 -0.029409626
v -0.028746182 0.001528916 -0.029409626
v -0.028633245 0.001489398 -0.029409626
v -0.028523577 0.001441550 -0.029409626
v -0.028417791 0.001385641 -0.029409626
v -0.028316478 0.001321982 -0.029409626
v -0.028220207 0.001250930 -0.029409626
v -0.028129514 0.001172883 -0.029409626
v -0.028044908 0.001088276 -0.029409626
v -0.027966860 0.000997584 -0.029409626
v -0.027895809 0.000901312 -0.029409626
v -0.027832150 0.000800000 -0.029409626
v -0.027776240 0.000694214 -0.029409626
v -0.027728393 0.000584546 -0.029409626
v -0.027688874 0.000471608 -0.029409626
v -0.027657906 0.000356033 -0.029409626
v -0.027635661 0.000238468 -0.029409626
v -0.027622264 0.000119568 -0.029409626
v -0.009067791 0.000000000 -0.029409626
v -0.009072404 -0.000123305 -0.029409626
v -0.009086220 -0.000245920 -0.029409626
v -0.009109160 -0.000367160 -0.029409626
v -0.009141095 -0.000486346 -0.029409626
v -0.009181849 -0.000602813 -0.029409626
v -0.009231192 -0.000715908 -0.029409626
v -0.009288849 -0.000825000 -0.029409626
v -0.009354497 -0.000929478 -0.029409626
v -0.009427769 -0.001028758 -0.029409626
v -0.009508255 -0.001122285 -0.029409626
v -0.009595506 -0.001209536 -0.029409626
v -0.009689032 -0.001290022 -0.029409626
v -0.009788312 -0.001363294 -0.029409626
v -0.009892791 -0.001428942 -0.029409626
v -0.010001882 -0.001486599 -0.029409626
v -0.010114978 -0.001535942 -0.029409626
v -0.010231445 -0.001576695 -0.029409626
v -0.010350631 -0.001608631 -0.029409626
v -0.010471871 -0.001631571 -0.029409626
v -0.010594486 -0.001645386 -0.029409626
v -0.010717791 -0.001650000 -0.029409626
v -0.010841095 -0.001645386 -0.029409626
v -0.010963710 -0.001631571 -0.029409626
v -0.011084950 -0.001608631 -0.029409626
v -0.011204137 -0.001576695 -0.029409626
v -0.011320603 -0.001535942 -0.029409626
v -0.011433699 -0.001486599 -0.029409626
v -0.011542791 -0.001428942 -0.029409626
v -0.011647269 -0.001363294 -0.029409626
v -0.011746549 -0.001290022 -0.029409626
v -0.011840076 -0.001209536 -0.029409626
v -0.011927326 -0.001122285 -0.029409626
v -0.012007813 -0.001028758 -0.029409626
v -0.012081085 -0.000929478 -0.029409626
v -0.012146732 -0.000825000 -0.029409626
v -0.012204389 -0.000715908 -0.029409626
v -0.012253732 -0.000602813 -0.029409626
v -0.012294486 -0.000486346 -0.029409626
v -0.012326422 -0.000367160 -0.029409626
v -0.012349361 -0.000245920 -0.029409626
v -0.012363177 -0.000123305 -0.029409626
v -0.012367791 0.000000000 -0.029409626
v -0.012363177 0.000123305 -0.029409626
v -0.012349361 0.000245920 -0.029409626
v -0.012326422 0.000367160 -0.029409626
v -0.012294486 0.000486346 -0.029409626
v -0.012253732 0.000602813 -0.029409626
v -0.012204389 0.000715908 -0.029409626
v -0.012146732 0.000825000 -0.029409626
v -0.012081085 0.000929478 -0.029409626
v -0.012007813 0.001028758 -0.029409626
v -0.011927326 0.001122285 -0.029409626
v -0.011840076 0.001209536 -0.029409626
v -0.011746549 0.001290022 -0.029409626
v -0.011647269 0.001363294 -0.029409626
v -0.011542791 0.001428942 -0.029409626
v -0.011433699 0.001486599 -0.029409626
v -0.011320603 0.001535942 -0.029409626
v -0.011204137 0.001576695 -0.029409626
v -0.011084950 0.001608631 -0.029409626
v -0.010963710 0.001631571 -0.029409626
v -0.010841095 0.001645386 -0.029409626
v -0.010717791 0.001650000 -0.029409626
v -0.010594486 0.001645386 -0.029409626
v -0.010471871 0.001631571 -0.029409626
v -0.010350631 0.001608631 -0.029409626
v -0.010231445 0.001576695 -0.029409626
v -0.010114978 0.001535942 -0.029409626
v -0.010001882 0.001486599 -0.029409626
v -0.009892791 0.001428942 -0.029409626
v -0.009788312 0.001363294 -0.029409626
v -0.009689032 0.001290022 -0.029409626
v -0.009595506 0.001209536 -0.029409626
v -0.009508255 0.001122285 -0.029409626
v -0.009427769 0.001028758 -0.029409626
v -0.009354497 0.000929478 -0.029409626
v -0.009288849 0.000825000 -0.029409626
v -0.009231192 0.000715908 -0.029409626
v -0.009181849 0.000602813 -0.029409626
v -0.009141095 0.000486346 -0.029409626
v -0.009109160 0.000367160 -0.029409626
v -0.009086220 0.000245920 -0.029409626
v -0.009072404 0.000123305 -0.029409626
v -0.034067791 0.000000000 -0.029409626
v -0.034072404 -0.000123305 -0.029409626
v -0.034086220 -0.000245920 -0.029409626
v -0.034109160 -0.000367160 -0.029409626
v -0.034141095 -0.000486346 -0.029409626
v -0.034181849 -0.000602813 -0.029409626
v -0.034231192 -0.000715908 -0.029409626
v -0.034288849 -0.000825000 -0.029409626
v -0.034354497 -0.000929478 -0.029409626
v -0.034427769 -0.001028758 -0.029409626
v -0.034508255 -0.001122285 -0.029409626
v -0.034595506 -0.001209536 -0.029409626
v -0.034689032 -0.001290022 -0.029409626
v -0.034788312 -0.001363294 -0.029409626
v -0.034892791 -0.001428942 -0.029409626
v -0.035001882 -0.001486599 -0.029409626
v -0.035114978 -0.001535942 -0.029409626
v -0.035231445 -0.001576695 -0.029409626
v -0.035350631 -0.001608631 -0.029409626
v -0.035471871 -0.001631571 -0.029409626
v -0.035594486 -0.001645386 -0.029409626
v -0.035717791 -0.001650000 -0.029409626
v -0.035841095 -0.001645386 -0.029409626
v -0.035963710 -0.001631571 -0.029409626
v -0.036084950 -0.001608631 -0.029409626
v -0.036204137 -0.001576695 -0.029409626
v -0.036320603 -0.001535942 -0.029409626
v -0.036433699 -0.001486599 -0.029409626
v -0.036542791 -0.001428942 -0.029409626
v -0.036647269 -0.001363294 -0.029409626
v -0.036746549 -0.001290022 -0.029409626
v -0.036840076 -0.001209536 -0.029409626
v -0.036927326 -0.001122285 -0.029409626
v -0.037007813 -0.001028758 -0.029409626
v -0.037081085 -0.000929478 -0.029409626
v -0.037146732 -0.000825000 -0.029409626
v -0.037204389 -0.000715908 -0.029409626
v -0.037253732 -0.000602813 -0.029409626
v -0.037294486 -0.000486346 -0.029409626
v -0.037326422 -0.000367160 -0.029409626
v -0.037349361 -0.000245920 -0.029409626
v -0.037363177 -0.000123305 -0.029409626
v -0.037367791 0.000000000 -0.029409626
v -0.037363177 0.000123305 -0.029409626
v -0.037349361 0.000245920 -0.029409626
v -0.037326422 0.000367160 -0.029409626
v -0.037294486 0.000486346 -0.029409626
v -0.037253732 0.000602813 -0.029409626
v -0.037204389 0.000715908 -0.029409626
v -0.037146732 0.000825000 -0.029409626
v -0.037081085 0.000929478 -0.029409626
v -0.037007813 0.001028758 -0.029409626
v -0.036927326 0.001122285 -0.029409626
v -0.036840076 0.001209536 -0.029409626
v -0.036746549 0.001290022 -0.029409626
v -0.036647269 0.001363294 -0.029409626
v -0.036542791 0.001428942 -0.029409626
v -0.036433699 0.001486599 -0.029409626
v -0.036320603 0.001535942 -0.029409626
v -0.036204137 0.001576695 -0.029409626
v -0.036084950 0.001608631 -0.029409626
v -0.035963710 0.001631571 -0.029409626
v -0.035841095 0.001645386 -0.029409626
v -0.035717791 0.001650000 -0.029409626
v -0.035594486 0.001645386 -0.029409626
v -0.035471871 0.001631571 -0.029409626
v -0.035350631 0.001608631 -0.029409626
v -0.035231445 0.001576695 -0.029409626
v -0.035114978 0.001535942 -0.029409626
v -0.035001882 0.001486599 -0.029409626
v -0.034892791 0.001428942 -0.029409626
v -0.034788312 0.001363294 -0.029409626
v -0.034689032 0.001290022 -0.029409626
v -0.034595506 0.001209536 -0.029409626
v -0.034508255 0.001122285 -0.029409626
v -0.034427769 0.001028758 -0.029409626
v -0.034354497 0.000929478 -0.029409626
v -0.034288849 0.000825000 -0.029409626
v -0.034231192 0.000715908 -0.029409626
v -0.034181849 0.000602813 -0.029409626
v -0.034141095 0.000486346 -0.029409626
v -0.034109160 0.000367160 -0.029409626
v -0.034086220 0.000245920 -0.029409626
v -0.034072404 0.000123305 -0.029409626
v -0.038119714 0.007500000 -0.029409626
v -0.038343905 0.007500000 -0.029418015
v -0.038566841 0.007500000 -0.029443134
v -0.038787277 0.007500000 -0.029484843
v -0.039003980 0.007500000 -0.029542908
v -0.039215737 0.007500000 -0.029617005
v -0.039421366 0.007500000 -0.029706720
v -0.039619714 0.007500000 -0.029811550
v -0.039809675 0.007500000 -0.029930910
v -0.039990184 0.007500000 -0.030064132
v -0.040160233 0.007500000 -0.030210471
v -0.040318870 0.007500000 -0.030369108
v -0.040465209 0.007500000 -0.030539157
v -0.040598431 0.007500000 -0.030719666
v -0.040717791 0.007500000 -0.030909626
v -0.040717791 -0.007500000 -0.030909626
v -0.040598431 -0.007500000 -0.030719666
v -0.040465209 -0.007500000 -0.030539157
v -0.040318870 -0.007500000 -0.030369108
v -0.040160233 -0.007500000 -0.030210471
v -0.039990184 -0.007500000 -0.030064132
v -0.039809675 -0.007500000 -0.029930910
v -0.039619714 -0.007500000 -0.029811550
v -0.039421366 -0.007500000 -0.029706720
v -0.039215737 -0.007500000 -0.029617005
v -0.039003980 -0.007500000 -0.029542908
v -0.038787277 -0.007500000 -0.029484843
v -0.038566841 -0.007500000 -0.029443134
v -0.038343905 -0.007500000 -0.029418015
v -0.038119714 -0.007500000 -0.029409626
v -0.047217791 -0.007500000 -0.030909626
v -0.040717791 -0.007500000 -0.030909626
v -0.040717791 0.007500000 -0.030909626
v -0.047217791 0.007500000 -0.030909626
v -0.050115568 -0.007500000 -0.028686084
v -0.050115568 0.007500000 -0.028686084
v -0.050217791 -0.007500000 -0.027909626
v -0.050211367 -0.007500000 -0.028105836
v -0.050192125 -0.007500000 -0.028301205
v -0.050160146 -0.007500000 -0.028494897
v -0.050217791 0.007500000 -0.027909626
v -0.050211367 0.007500000 -0.028105836
v -0.050192125 0.007500000 -0.028301205
v -0.050160146 0.007500000 -0.028494897
v -0.050217791 -0.007500000 -0.015909626
v -0.050217791 -0.007500000 -0.027909626
v -0.050217791 0.007500000 -0.015909626
v -0.050217791 0.007500000 -0.027909626
v -0.050217791 0.007500000 -0.015909626
v -0.050027830 0.007500000 -0.015790267
v -0.049847321 0.007500000 -0.015657045
v -0.049677272 0.007500000 -0.015510706
v -0.049518635 0.007500000 -0.015352068
v -0.049372296 0.007500000 -0.015182020
v -0.049239074 0.007500000 -0.015001510
v -0.049119714 0.007500000 -0.014811550
v -0.049014884 0.007500000 -0.014613201
v -0.048925169 0.007500000 -0.014407573
v -0.048851072 0.007500000 -0.014195816
v -0.048793007 0.007500000 -0.013979113
v -0.048751298 0.007500000 -0.013758677
v -0.048726179 0.007500000 -0.013535741
v -0.048717791 0.007500000 -0.013311550
v -0.048717791 -0.007500000 -0.013311550
v -0.048726179 -0.007500000 -0.013535741
v -0.048751298 -0.007500000 -0.013758677
v -0.048793007 -0.007500000 -0.013979113
v -0.048851072 -0.007500000 -0.014195816
v -0.048925169 -0.007500000 -0.014407573
v -0.049014884 -0.007500000 -0.014613201
v -0.049119714 -0.007500000 -0.014811550
v -0.049239074 -0.007500000 -0.015001510
v -0.049372296 -0.007500000 -0.015182020
v -0.049518635 -0.007500000 -0.015352068
v -0.049677272 -0.007500000 -0.015510706
v -0.049847321 -0.007500000 -0.015657045
v -0.050027830 -0.007500000 -0.015790267
v -0.050217791 -0.007500000 -0.015909626
v -0.048717791 0.007500000 0.016492297
v -0.048717791 0.007500000 -0.013311550
v -0.048717791 -0.007500000 -0.013311550
v -0.048717791 -0.007500000 0.016492297
v -0.048717791 0.000000000 0.015740374
v -0.048717791 -0.000123305 0.015735760
v -0.048717791 -0.000245920 0.015721944
v -0.048717791 -0.000367160 0.015699005
v -0.048717791 -0.000486346 0.015667069
v -0.048717791 -0.000602813 0.015626315
v -0.048717791 -0.000715908 0.015576972
v -0.048717791 -0.000825000 0.015519315
v -0.048717791 -0.000929478 0.015453668
v -0.048717791 -0.001028758 0.015380396
v -0.048717791 -0.001122285 0.015299909
v -0.048717791 -0.001209536 0.015212659
v -0.048717791 -0.001290022 0.015119132
v -0.048717791 -0.001363294 0.015019852
v -0.048717791 -0.001428942 0.014915374
v -0.048717791 -0.001486599 0.014806282
v -0.048717791 -0.001535942 0.014693186
v -0.048717791 -0.001576695 0.014576720
v -0.048717791 -0.001608631 0.014457533
v -0.048717791 -0.001631571 0.014336293
v -0.048717791 -0.001645386 0.014213678
v -0.048717791 -0.001650000 0.014090374
v -0.048717791 -0.001645386 0.013967069
v -0.048717791 -0.001631571 0.013844454
v -0.048717791 -0.001608631 0.013723214
v -0.048717791 -0.001576695 0.013604028
v -0.048717791 -0.001535942 0.013487561
v -0.048717791 -0.001486599 0.013374465
v -0.048717791 -0.001428942 0.013265374
v -0.048717791 -0.001363294 0.013160895
v -0.048717791 -0.001290022 0.013061615
v -0.048717791 -0.001209536 0.012968089
v -0.048717791 -0.001122285 0.012880838
v -0.048717791 -0.001028758 0.012800352
v -0.048717791 -0.000929478 0.012727080
v -0.048717791 -0.000825000 0.012661432
v -0.048717791 -0.000715908 0.012603775
v -0.048717791 -0.000602813 0.012554432
v -0.048717791 -0.000486346 0.012513678
v -0.048717791 -0.000367160 0.012481743
v -0.048717791 -0.000245920 0.012458803
v -0.048717791 -0.000123305 0.012444987
v -0.048717791 0.000000000 0.012440374
v -0.048717791 0.000123305 0.012444987
v -0.048717791 0.000245920 0.012458803
v -0.048717791 0.000367160 0.012481743
v -0.048717791 0.000486346 0.012513678
v -0.048717791 0.000602813 0.012554432
v -0.048717791 0.000715908 0.012603775
v -0.048717791 0.000825000 0.012661432
v -0.048717791 0.000929478 0.012727080
v -0.048717791 0.001028758 0.012800352
v -0.048717791 0.001122285 0.012880838
v -0.048717791 0.001209536 0.012968089
v -0.048717791 0.001290022 0.013061615
v -0.048717791 0.001363294 0.013160895
v -0.048717791 0.001428942 0.013265374
v -0.048717791 0.001486599 0.013374465
v -0.048717791 0.001535942 0.013487561
v -0.048717791 0.001576695 0.013604028
v -0.048717791 0.001608631 0.013723214
v -0.048717791 0.001631571 0.013844454
v -0.048717791 0.001645386 0.013967069
v -0.048717791 0.001650000 0.014090374
v -0.048717791 0.001645386 0.014213678
v -0.048717791 0.001631571 0.014336293
v -0.048717791 0.001608631 0.014457533
v -0.048717791 0.001576695 0.014576720
v -0.048717791 0.001535942 0.014693186
v -0.048717791 0.001486599 0.014806282
v -0.048717791 0.001428942 0.014915374
v -0.048717791 0.001363294 0.015019852
v -0.048717791 0.001290022 0.015119132
v -0.048717791 0.001209536 0.015212659
v -0.048717791 0.001122285 0.015299909
v -0.048717791 0.001028758 0.015380396
v -0.048717791 0.000929478 0.015453668
v -0.048717791 0.000825000 0.015519315
v -0.048717791 0.000715908 0.015576972
v -0.048717791 0.000602813 0.015626315
v -0.048717791 0.000486346 0.015667069
v -0.048717791 0.000367160 0.015699005
v -0.048717791 0.000245920 0.015721944
v -0.048717791 0.000123305 0.015735760
v -0.048717791 0.000000000 -0.002809626
v -0.048717791 -0.000119568 -0.002814100
v -0.048717791 -0.000238468 -0.002827497
v -0.048717791 -0.000356033 -0.002849742
v -0.048717791 -0.000471608 -0.002880710
v -0.048717791 -0.000584546 -0.002920228
v -0.048717791 -0.000694214 -0.002968076
v -0.048717791 -0.000800000 -0.003023986
v -0.048717791 -0.000901312 -0.003087644
v -0.048717791 -0.000997584 -0.003158696
v -0.048717791 -0.001088276 -0.003236743
v -0.048717791 -0.001172883 -0.003321350
v -0.048717791 -0.001250930 -0.003412043
v -0.048717791 -0.001321982 -0.003508314
v -0.048717791 -0.001385641 -0.003609626
v -0.048717791 -0.001441550 -0.003715412
v -0.048717791 -0.001489398 -0.003825081
v -0.048717791 -0.001528916 -0.003938018
v -0.048717791 -0.001559885 -0.004053593
v -0.048717791 -0.001582129 -0.004171159
v -0.048717791 -0.001595526 -0.004290058
v -0.048717791 -0.001600000 -0.004409626
v -0.048717791 -0.001595526 -0.004529195
v -0.048717791 -0.001582129 -0.004648094
v -0.048717791 -0.001559885 -0.004765660
v -0.048717791 -0.001528916 -0.004881235
v -0.048717791 -0.001489398 -0.004994172
v -0.048717791 -0.001441550 -0.005103840
v -0.048717791 -0.001385641 -0.005209626
v -0.048717791 -0.001321982 -0.005310939
v -0.048717791 -0.001250930 -0.005407210
v -0.048717791 -0.001172883 -0.005497903
v -0.048717791 -0.001088276 -0.005582509
v -0.048717791 -0.000997584 -0.005660557
v -0.048717791 -0.000901312 -0.005731608
v -0.048717791 -0.000800000 -0.005795267
v -0.048717791 -0.000694214 -0.005851177
v -0.048717791 -0.000584546 -0.005899024
v -0.048717791 -0.000471608 -0.005938543
v -0.048717791 -0.000356033 -0.005969511
v -0.048717791 -0.000238468 -0.005991756
v -0.048717791 -0.000119568 -0.006005153
v -0.048717791 0.000000000 -0.006009626
v -0.048717791 0.000119568 -0.006005153
v -0.048717791 0.000238468 -0.005991756
v -0.048717791 0.000356033 -0.005969511
v -0.048717791 0.000471608 -0.005938543
v -0.048717791 0.000584546 -0.005899024
v -0.048717791 0.000694214 -0.005851177
v -0.048717791 0.000800000 -0.005795267
v -0.048717791 0.000901312 -0.005731608
v -0.048717791 0.000997584 -0.005660557
v -0.048717791 0.001088276 -0.005582509
v -0.048717791 0.001172883 -0.005497903
v -0.048717791 0.001250930 -0.005407210
v -0.048717791 0.001321982 -0.005310939
v -0.048717791 0.001385641 -0.005209626
v -0.048717791 0.001441550 -0.005103840
v -0.048717791 0.001489398 -0.004994172
v -0.048717791 0.001528916 -0.004881235
v -0.048717791 0.001559885 -0.004765660
v -0.048717791 0.001582129 -0.004648094
v -0.048717791 0.001595526 -0.004529195
v -0.048717791 0.001600000 -0.004409626
v -0.048717791 0.001595526 -0.004290058
v -0.048717791 0.001582129 -0.004171159
v -0.048717791 0.001559885 -0.004053593
v -0.048717791 0.001528916 -0.003938018
v -0.048717791 0.001489398 -0.003825081
v -0.048717791 0.001441550 -0.003715412
v -0.048717791 0.001385641 -0.003609626
v -0.048717791 0.001321982 -0.003508314
v -0.048717791 0.001250930 -0.003412043
v -0.048717791 0.001172883 -0.003321350
v -0.048717791 0.001088276 -0.003236743
v -0.048717791 0.000997584 -0.003158696
v -0.048717791 0.000901312 -0.003087644
v -0.048717791 0.000800000 -0.003023986
v -0.048717791 0.000694214 -0.002968076
v -0.048717791 0.000584546 -0.002920228
v -0.048717791 0.000471608 -0.002880710
v -0.048717791 0.000356033 -0.002849742
v -0.048717791 0.000238468 -0.002827497
v -0.048717791 0.000119568 -0.002814100
v -0.048717791 0.000000000 0.009190374
v -0.048717791 -0.000119568 0.009185900
v -0.048717791 -0.000238468 0.009172503
v -0.048717791 -0.000356033 0.009150258
v -0.048717791 -0.000471608 0.009119290
v -0.048717791 -0.000584546 0.009079772
v -0.048717791 -0.000694214 0.009031924
v -0.048717791 -0.000800000 0.008976014
v -0.048717791 -0.000901312 0.008912356
v -0.048717791 -0.000997584 0.008841304
v -0.048717791 -0.001088276 0.008763257
v -0.048717791 -0.001172883 0.008678650
v -0.048717791 -0.001250930 0.008587957
v -0.048717791 -0.001321982 0.008491686
v -0.048717791 -0.001385641 0.008390374
v -0.048717791 -0.001441550 0.008284588
v -0.048717791 -0.001489398 0.008174919
v -0.048717791 -0.001528916 0.008061982
v -0.048717791 -0.001559885 0.007946407
v -0.048717791 -0.001582129 0.007828841
v -0.048717791 -0.001595526 0.007709942
v -0.048717791 -0.001600000 0.007590374
v -0.048717791 -0.001595526 0.007470805
v -0.048717791 -0.001582129 0.007351906
v -0.048717791 -0.001559885 0.007234340
v -0.048717791 -0.001528916 0.007118765
v -0.048717791 -0.001489398 0.007005828
v -0.048717791 -0.001441550 0.006896160
v -0.048717791 -0.001385641 0.006790374
v -0.048717791 -0.001321982 0.006689061
v -0.048717791 -0.001250930 0.006592790
v -0.048717791 -0.001172883 0.006502097
v -0.048717791 -0.001088276 0.006417491
v -0.048717791 -0.000997584 0.006339443
v -0.048717791 -0.000901312 0.006268392
v -0.048717791 -0.000800000 0.006204733
v -0.048717791 -0.000694214 0.006148823
v -0.048717791 -0.000584546 0.006100976
v -0.048717791 -0.000471608 0.006061457
v -0.048717791 -0.000356033 0.006030489
v -0.048717791 -0.000238468 0.006008244
v -0.048717791 -0.000119568 0.005994847
v -0.048717791 0.000000000 0.005990374
v -0.048717791 0.000119568 0.005994847
v -0.048717791 0.000238468 0.006008244
v -0.048717791 0.000356033 0.006030489
v -0.048717791 0.000471608 0.006061457
v -0.048717791 0.000584546 0.006100976
v -0.048717791 0.000694214 0.006148823
v -0.048717791 0.000800000 0.006204733
v -0.048717791 0.000901312 0.006268392
v -0.048717791 0.000997584 0.006339443
v -0.048717791 0.001088276 0.006417491
v -0.048717791 0.001172883 0.006502097
v -0.048717791 0.001250930 0.006592790
v -0.048717791 0.001321982 0.006689061
v -0.048717791 0.001385641 0.006790374
v -0.048717791 0.001441550 0.006896160
v -0.048717791 0.001489398 0.007005828
v -0.048717791 0.001528916 0.007118765
v -0.048717791 0.001559885 0.007234340
v -0.048717791 0.001582129 0.007351906
v -0.048717791 0.001595526 0.007470805
v -0.048717791 0.001600000 0.007590374
v -0.048717791 0.001595526 0.007709942
v -0.048717791 0.001582129 0.007828841
v -0.048717791 0.001559885 0.007946407
v -0.048717791 0.001528916 0.008061982
v -0.048717791 0.001489398 0.008174919
v -0.048717791 0.001441550 0.008284588
v -0.048717791 0.001385641 0.008390374
v -0.048717791 0.001321982 0.008491686
v -0.048717791 0.001250930 0.008587957
v -0.048717791 0.001172883 0.008678650
v -0.048717791 0.001088276 0.008763257
v -0.048717791 0.000997584 0.008841304
v -0.048717791 0.000901312 0.008912356
v -0.048717791 0.000800000 0.008976014
v -0.048717791 0.000694214 0.009031924
v -0.048717791 0.000584546 0.009079772
v -0.048717791 0.000471608 0.009119290
v -0.048717791 0.000356033 0.009150258
v -0.048717791 0.000238468 0.009172503
v -0.048717791 0.000119568 0.009185900
v -0.048717791 -0.000000000 -0.009259626
v -0.048717791 -0.000123305 -0.009264240
v -0.048717791 -0.000245920 -0.009278056
v -0.048717791 -0.000367160 -0.009300995
v -0.048717791 -0.000486346 -0.009332931
v -0.048717791 -0.000602813 -0.009373685
v -0.048717791 -0.000715908 -0.009423028
v -0.048717791 -0.000825000 -0.009480685
v -0.048717791 -0.000929478 -0.009546332
v -0.048717791 -0.001028758 -0.009619604
v -0.048717791 -0.001122285 -0.009700091
v -0.048717791 -0.001209536 -0.009787341
v -0.048717791 -0.001290022 -0.009880868
v -0.048717791 -0.001363294 -0.009980148
v -0.048717791 -0.001428942 -0.010084626
v -0.048717791 -0.001486599 -0.010193718
v -0.048717791 -0.001535942 -0.010306814
v -0.048717791 -0.001576695 -0.010423280
v -0.048717791 -0.001608631 -0.010542467
v -0.048717791 -0.001631571 -0.010663707
v -0.048717791 -0.001645386 -0.010786322
v -0.048717791 -0.001650000 -0.010909626
v -0.048717791 -0.001645386 -0.011032931
v -0.048717791 -0.001631571 -0.011155546
v -0.048717791 -0.001608631 -0.011276786
v -0.048717791 -0.001576695 -0.011395972
v -0.048717791 -0.001535942 -0.011512439
v -0.048717791 -0.001486599 -0.011625535
v -0.048717791 -0.001428942 -0.011734626
v -0.048717791 -0.001363294 -0.011839105
v -0.048717791 -0.001290022 -0.011938385
v -0.048717791 -0.001209536 -0.012031911
v -0.048717791 -0.001122285 -0.012119162
v -0.048717791 -0.001028758 -0.012199648
v -0.048717791 -0.000929478 -0.012272920
v -0.048717791 -0.000825000 -0.012338568
v -0.048717791 -0.000715908 -0.012396225
v -0.048717791 -0.000602813 -0.012445568
v -0.048717791 -0.000486346 -0.012486322
v -0.048717791 -0.000367160 -0.012518257
v -0.048717791 -0.000245920 -0.012541197
v -0.048717791 -0.000123305 -0.012555013
v -0.048717791 -0.000000000 -0.012559626
v -0.048717791 0.000123305 -0.012555013
v -0.048717791 0.000245920 -0.012541197
v -0.048717791 0.000367160 -0.012518257
v -0.048717791 0.000486346 -0.012486322
v -0.048717791 0.000602813 -0.012445568
v -0.048717791 0.000715908 -0.012396225
v -0.048717791 0.000825000 -0.012338568
v -0.048717791 0.000929478 -0.012272920
v -0.048717791 0.001028758 -0.012199648
v -0.048717791 0.001122285 -0.012119162
v -0.048717791 0.001209536 -0.012031911
v -0.048717791 0.001290022 -0.011938385
v -0.048717791 0.001363294 -0.011839105
v -0.048717791 0.001428942 -0.011734626
v -0.048717791 0.001486599 -0.011625535
v -0.048717791 0.001535942 -0.011512439
v -0.048717791 0.001576695 -0.011395972
v -0.048717791 0.001608631 -0.011276786
v -0.048717791 0.001631571 -0.011155546
v -0.048717791 0.001645386 -0.011032931
v -0.048717791 0.001650000 -0.010909626
v -0.048717791 0.001645386 -0.010786322
v -0.048717791 0.001631571 -0.010663707
v -0.048717791 0.001608631 -0.010542467
v -0.048717791 0.001576695 -0.010423280
v -0.048717791 0.001535942 -0.010306814
v -0.048717791 0.001486599 -0.010193718
v -0.048717791 0.001428942 -0.010084626
v -0.048717791 0.001363294 -0.009980148
v -0.048717791 0.001290022 -0.009880868
v -0.048717791 0.001209536 -0.009787341
v -0.048717791 0.001122285 -0.009700091
v -0.048717791 0.001028758 -0.009619604
v -0.048717791 0.000929478 -0.009546332
v -0.048717791 0.000825000 -0.009480685
v -0.048717791 0.000715908 -0.009423028
v -0.048717791 0.000602813 -0.009373685
v -0.048717791 0.000486346 -0.009332931
v -0.048717791 0.000367160 -0.009300995
v -0.048717791 0.000245920 -0.009278056
v -0.048717791 0.000123305 -0.009264240
v -0.048717791 0.007500000 0.016492297
v -0.048726179 0.007500000 0.016716488
v -0.048751298 0.007500000 0.016939424
v -0.048793007 0.007500000 0.017159860
v -0.048851072 0.007500000 0.017376563
v -0.048925169 0.007500000 0.017588320
v -0.049014884 0.007500000 0.017793949
v -0.049119714 0.007500000 0.017992297
v -0.049239074 0.007500000 0.018182258
v -0.049372296 0.007500000 0.018362767
v -0.049518635 0.007500000 0.018532816
v -0.049677272 0.007500000 0.018691453
v -0.049847321 0.007500000 0.018837792
v -0.050027830 0.007500000 0.018971014
v -0.050217791 0.007500000 0.019090374
v -0.050217791 -0.007500000 0.019090374
v -0.050027830 -0.007500000 0.018971014
v -0.049847321 -0.007500000 0.018837792
v -0.049677272 -0.007500000 0.018691453
v -0.049518635 -0.007500000 0.018532816
v -0.049372296 -0.007500000 0.018362767
v -0.049239074 -0.007500000 0.018182258
v -0.049119714 -0.007500000 0.017992297
v -0.049014884 -0.007500000 0.017793949
v -0.048925169 -0.007500000 0.017588320
v -0.048851072 -0.007500000 0.017376563
v -0.048793007 -0.007500000 0.017159860
v -0.048751298 -0.007500000 0.016939424
v -0.048726179 -0.007500000 0.016716488
v -0.048717791 -0.007500000 0.016492297
v -0.050217791 -0.007500000 0.036090374
v -0.050217791 -0.007500000 0.019090374
v -0.050217791 -0.002500000 0.036090374
v -0.050217791 -0.002500000 0.042847733
v -0.050217791 0.002500000 0.042847733
v -0.050217791 0.002500000 0.036090374
v -0.050217791 0.007500000 0.036090374
v -0.050217791 0.007500000 0.019090374
v -0.050217791 0.000000000 0.032840374
v -0.050217791 -0.000130778 0.032835480
v -0.050217791 -0.000260824 0.032820828
v -0.050217791 -0.000389412 0.032796497
v -0.050217791 -0.000515822 0.032762626
v -0.050217791 -0.000639347 0.032719403
v -0.050217791 -0.000759297 0.032667069
v -0.050217791 -0.000875000 0.032605918
v -0.050217791 -0.000985810 0.032536291
v -0.050217791 -0.001091107 0.032458579
v -0.050217791 -0.001190302 0.032373214
v -0.050217791 -0.001282841 0.032280676
v -0.050217791 -0.001368205 0.032181481
v -0.050217791 -0.001445918 0.032076184
v -0.050217791 -0.001515544 0.031965374
v -0.050217791 -0.001576696 0.031849670
v -0.050217791 -0.001629029 0.031729720
v -0.050217791 -0.001672252 0.031606195
v -0.050217791 -0.001706124 0.031479785
v -0.050217791 -0.001730454 0.031351198
v -0.050217791 -0.001745107 0.031221151
v -0.050217791 -0.001750000 0.031090374
v -0.050217791 -0.001745107 0.030959596
v -0.050217791 -0.001730454 0.030829550
v -0.050217791 -0.001706124 0.030700962
v -0.050217791 -0.001672252 0.030574552
v -0.050217791 -0.001629029 0.030451027
v -0.050217791 -0.001576696 0.030331077
v -0.050217791 -0.001515544 0.030215374
v -0.050217791 -0.001445918 0.030104563
v -0.050217791 -0.001368205 0.029999266
v -0.050217791 -0.001282841 0.029900071
v -0.050217791 -0.001190302 0.029807533
v -0.050217791 -0.001091107 0.029722168
v -0.050217791 -0.000985810 0.029644456
v -0.050217791 -0.000875000 0.029574829
v -0.050217791 -0.000759297 0.029513678
v -0.050217791 -0.000639347 0.029461344
v -0.050217791 -0.000515822 0.029418121
v -0.050217791 -0.000389412 0.029384250
v -0.050217791 -0.000260824 0.029359920
v -0.050217791 -0.000130778 0.029345267
v -0.050217791 0.000000000 0.029340374
v -0.050217791 0.000130778 0.029345267
v -0.050217791 0.000260824 0.029359920
v -0.050217791 0.000389412 0.029384250
v -0.050217791 0.000515822 0.029418121
v -0.050217791 0.000639347 0.029461344
v -0.050217791 0.000759297 0.029513678
v -0.050217791 0.000875000 0.029574829
v -0.050217791 0.000985810 0.029644456
v -0.050217791 0.001091107 0.029722168
v -0.050217791 0.001190302 0.029807533
v -0.050217791 0.001282841 0.029900071
v -0.050217791 0.001368205 0.029999266
v -0.050217791 0.001445918 0.030104563
v -0.050217791 0.001515544 0.030215374
v -0.050217791 0.001576696 0.030331077
v -0.050217791 0.001629029 0.030451027
v -0.050217791 0.001672252 0.030574552
v -0.050217791 0.001706124 0.030700962
v -0.050217791 0.001730454 0.030829550
v -0.050217791 0.001745107 0.030959596
v -0.050217791 0.001750000 0.031090374
v -0.050217791 0.001745107 0.031221151
v -0.050217791 0.001730454 0.031351198
v -0.050217791 0.001706124 0.031479785
v -0.050217791 0.001672252 0.031606195
v -0.050217791 0.001629029 0.031729720
v -0.050217791 0.001576696 0.031849670
v -0.050217791 0.001515544 0.031965374
v -0.050217791 0.001445918 0.032076184
v -0.050217791 0.001368205 0.032181481
v -0.050217791 0.001282841 0.032280676
v -0.050217791 0.001190302 0.032373214
v -0.050217791 0.001091107 0.032458579
v -0.050217791 0.000985810 0.032536291
v -0.050217791 0.000875000 0.032605918
v -0.050217791 0.000759297 0.032667069
v -0.050217791 0.000639347 0.032719403
v -0.050217791 0.000515822 0.032762626
v -0.050217791 0.000389412 0.032796497
v -0.050217791 0.000260824 0.032820828
v -0.050217791 0.000130778 0.032835480
v -0.050217791 -0.007500000 0.036090374
v -0.050217791 -0.002500000 0.036090374
v -0.047217791 -0.007500000 0.039090374
v -0.047217791 -0.002500000 0.039090374
v -0.029632004 0.007500000 0.056976160
v -0.029729290 0.007500000 0.056871668
v -0.029818873 0.007500000 0.056760502
v -0.029900298 0.007500000 0.056643228
v -0.029973149 0.007500000 0.056520444
v -0.030037055 0.007500000 0.056392776
v -0.030091690 0.007500000 0.056260875
v -0.030136777 0.007500000 0.056125412
v -0.030172084 0.007500000 0.055987077
v -0.030197433 0.007500000 0.055846576
v -0.030212695 0.007500000 0.055704625
v -0.030217791 0.007500000 0.055561946
v -0.030217791 0.007500000 0.041090374
v -0.032217791 0.007500000 0.039090374
v -0.032068330 0.007500000 0.039095966
v -0.031919706 0.007500000 0.039112712
v -0.031772749 0.007500000 0.039140518
v -0.031628280 0.007500000 0.039179228
v -0.031487109 0.007500000 0.039228626
v -0.031350023 0.007500000 0.039288436
v -0.031217791 0.007500000 0.039358323
v -0.031091150 0.007500000 0.039437896
v -0.030970811 0.007500000 0.039526711
v -0.030857445 0.007500000 0.039624270
v -0.030751687 0.007500000 0.039730028
v -0.030654128 0.007500000 0.039843394
v -0.030565313 0.007500000 0.039963733
v -0.030485740 0.007500000 0.040090374
v -0.030415853 0.007500000 0.040222606
v -0.030356043 0.007500000 0.040359692
v -0.030306645 0.007500000 0.040500863
v -0.030267935 0.007500000 0.040645332
v -0.030240129 0.007500000 0.040792289
v -0.030223383 0.007500000 0.040940913
v -0.047217791 0.007500000 0.039090374
v -0.050217791 0.007500000 0.036090374
v -0.050217791 0.007500000 0.019090374
v -0.048717791 0.007500000 0.016492297
v -0.048726179 0.007500000 0.016716488
v -0.048751298 0.007500000 0.016939424
v -0.048793007 0.007500000 0.017159860
v -0.048851072 0.007500000 0.017376563
v -0.048925169 0.007500000 0.017588320
v -0.049014884 0.007500000 0.017793949
v -0.049119714 0.007500000 0.017992297
v -0.049239074 0.007500000 0.018182258
v -0.049372296 0.007500000 0.018362767
v -0.049518635 0.007500000 0.018532816
v -0.049677272 0.007500000 0.018691453
v -0.049847321 0.007500000 0.018837792
v -0.050027830 0.007500000 0.018971014
v -0.048717791 0.007500000 -0.013311550
v -0.050217791 0.007500000 -0.015909626
v -0.050027830 0.007500000 -0.015790267
v -0.049847321 0.007500000 -0.015657045
v -0.049677272 0.007500000 -0.015510706
v -0.049518635 0.007500000 -0.015352068
v -0.049372296 0.007500000 -0.015182020
v -0.049239074 0.007500000 -0.015001510
v -0.049119714 0.007500000 -0.014811550
v -0.049014884 0.007500000 -0.014613201
v -0.048925169 0.007500000 -0.014407573
v -0.048851072 0.007500000 -0.014195816
v -0.048793007 0.007500000 -0.013979113
v -0.048751298 0.007500000 -0.013758677
v -0.048726179 0.007500000 -0.013535741
v -0.050217791 0.007500000 -0.027909626
v -0.050211367 0.007500000 -0.028105836
v -0.050192125 0.007500000 -0.028301205
v -0.050160146 0.007500000 -0.028494897
v -0.050115568 0.007500000 -0.028686084
v -0.050051493 0.007500000 -0.028894578
v -0.049972439 0.007500000 -0.029097866
v -0.049878823 0.007500000 -0.029294872
v -0.049771141 0.007500000 -0.029484556
v -0.049649961 0.007500000 -0.029665915
v -0.049515924 0.007500000 -0.029837989
v -0.049369739 0.007500000 -0.029999870
v -0.049212178 0.007500000 -0.030150702
v -0.049044075 0.007500000 -0.030289686
v -0.048866317 0.007500000 -0.030416090
v -0.048679846 0.007500000 -0.030529244
v -0.048485645 0.007500000 -0.030628550
v -0.048284743 0.007500000 -0.030713483
v -0.048078200 0.007500000 -0.030783595
v -0.047867109 0.007500000 -0.030838514
v -0.047652586 0.007500000 -0.030877951
v -0.047435764 0.007500000 -0.030901697
v -0.047217791 0.007500000 -0.030909626
v -0.040717791 0.007500000 -0.030909626
v -0.038119714 0.007500000 -0.029409626
v -0.038343905 0.007500000 -0.029418015
v -0.038566841 0.007500000 -0.029443134
v -0.038787277 0.007500000 -0.029484843
v -0.039003980 0.007500000 -0.029542908
v -0.039215737 0.007500000 -0.029617005
v -0.039421366 0.007500000 -0.029706720
v -0.039619714 0.007500000 -0.029811550
v -0.039809675 0.007500000 -0.029930910
v -0.039990184 0.007500000 -0.030064132
v -0.040160233 0.007500000 -0.030210471
v -0.040318870 0.007500000 -0.030369108
v -0.040465209 0.007500000 -0.030539157
v -0.040598431 0.007500000 -0.030719666
v -0.008315867 0.007500000 -0.029409626
v -0.005717791 0.007500000 -0.030909626
v -0.005837150 0.007500000 -0.030719666
v -0.005970372 0.007500000 -0.030539157
v -0.006116711 0.007500000 -0.030369108
v -0.006275349 0.007500000 -0.030210471
v -0.006445397 0.007500000 -0.030064132
v -0.006625907 0.007500000 -0.029930910
v -0.006815867 0.007500000 -0.029811550
v -0.007014216 0.007500000 -0.029706720
v -0.007219844 0.007500000 -0.029617005
v -0.007431601 0.007500000 -0.029542908
v -0.007648304 0.007500000 -0.029484843
v -0.007868740 0.007500000 -0.029443134
v -0.008091676 0.007500000 -0.029418015
v -0.003544084 0.007500000 -0.030909626
v 0.000176062 0.007500000 -0.033439759
v 0.000056065 0.007500000 -0.033166376
v -0.000083988 0.007500000 -0.032902705
v -0.000243318 0.007500000 -0.032650215
v -0.000421037 0.007500000 -0.032410312
v -0.000616154 0.007500000 -0.032184333
v -0.000827583 0.007500000 -0.031973537
v -0.001054147 0.007500000 -0.031779098
v -0.001294581 0.007500000 -0.031602099
v -0.001547548 0.007500000 -0.031443527
v -0.001811638 0.007500000 -0.031304265
v -0.002085379 0.007500000 -0.031185089
v -0.002367247 0.007500000 -0.031086662
v -0.002655671 0.007500000 -0.031009534
v -0.002949045 0.007500000 -0.030954133
v -0.003245734 0.007500000 -0.030920769
v 0.011599165 0.007500000 -0.062350941
v 0.011657561 0.007500000 -0.062484316
v 0.011725506 0.007500000 -0.062613090
v 0.011802639 0.007500000 -0.062736579
v 0.011888552 0.007500000 -0.062854129
v 0.011982789 0.007500000 -0.062965118
v 0.012084851 0.007500000 -0.063068956
v 0.012194197 0.007500000 -0.063165094
v 0.012310247 0.007500000 -0.063253023
v 0.012432386 0.007500000 -0.063332276
v 0.012559968 0.007500000 -0.063402432
v 0.012692316 0.007500000 -0.063463122
v 0.012828728 0.007500000 -0.063514021
v 0.012968482 0.007500000 -0.063554862
v 0.013110836 0.007500000 -0.063585428
v 0.013255037 0.007500000 -0.063605556
v 0.013400320 0.007500000 -0.063615139
v 0.013545916 0.007500000 -0.063614128
v 0.013691052 0.007500000 -0.063602528
v 0.013834960 0.007500000 -0.063580399
v 0.013976876 0.007500000 -0.063547859
v 0.015760720 0.007500000 -0.063069880
v 0.015832180 0.007500000 -0.063047837
v 0.015901793 0.007500000 -0.063020516
v 0.015969169 0.007500000 -0.062988069
v 0.016033933 0.007500000 -0.062950678
v 0.016095721 0.007500000 -0.062908552
v 0.016154188 0.007500000 -0.062861926
v 0.016209007 0.007500000 -0.062811061
v 0.016259872 0.007500000 -0.062756241
v 0.016306498 0.007500000 -0.062697774
v 0.016348625 0.007500000 -0.062635986
v 0.016386016 0.007500000 -0.062571222
v 0.016418463 0.007500000 -0.062503846
v 0.016445784 0.007500000 -0.062434233
v 0.016467826 0.007500000 -0.062362773
v 0.016484467 0.007500000 -0.062289865
v 0.016495613 0.007500000 -0.062215918
v 0.016501201 0.007500000 -0.062141345
v 0.016501201 0.007500000 -0.062066563
v 0.016495613 0.007500000 -0.061991989
v 0.016484467 0.007500000 -0.061918042
v 0.016467826 0.007500000 -0.061845135
v 0.016130396 0.007500000 -0.060585828
v 0.017962540 0.007500000 -0.059827342
v 0.017923311 0.007500000 -0.059764791
v 0.017879575 0.007500000 -0.059705306
v 0.017831568 0.007500000 -0.059649209
v 0.017779554 0.007500000 -0.059596807
v 0.017723815 0.007500000 -0.059548386
v 0.017664655 0.007500000 -0.059504210
v 0.017602396 0.007500000 -0.059464519
v 0.017537379 0.007500000 -0.059429530
v 0.017469958 0.007500000 -0.059399433
v 0.017400500 0.007500000 -0.059374393
v 0.017329383 0.007500000 -0.059354547
v 0.017256996 0.007500000 -0.059340001
v 0.017183733 0.007500000 -0.059330836
v 0.017109994 0.007500000 -0.059327102
v 0.017036180 0.007500000 -0.059328819
v 0.016962694 0.007500000 -0.059335977
v 0.016889936 0.007500000 -0.059348538
v 0.016818303 0.007500000 -0.059366433
v 0.016748187 0.007500000 -0.059389564
v 0.016679967 0.007500000 -0.059417806
v 0.016614018 0.007500000 -0.059451005
v 0.016550698 0.007500000 -0.059488978
v 0.016490352 0.007500000 -0.059531521
v 0.016433310 0.007500000 -0.059578400
v 0.016379882 0.007500000 -0.059629360
v 0.016330360 0.007500000 -0.059684123
v 0.016285013 0.007500000 -0.059742390
v 0.016244089 0.007500000 -0.059803845
v 0.016207811 0.007500000 -0.059868152
v 0.016176377 0.007500000 -0.059934960
v 0.016149958 0.007500000 -0.060003906
v 0.016128698 0.007500000 -0.060074613
v 0.016112713 0.007500000 -0.060146695
v 0.016102089 0.007500000 -0.060219761
v 0.016096886 0.007500000 -0.060293411
v 0.016097132 0.007500000 -0.060367245
v 0.016102824 0.007500000 -0.060440859
v 0.016113932 0.007500000 -0.060513853
v 0.019660956 0.007500000 -0.061525759
v 0.019688366 0.007500000 -0.061551191
v 0.019717600 0.007500000 -0.061574504
v 0.019748494 0.007500000 -0.061595567
v 0.019780875 0.007500000 -0.061614263
v 0.019814564 0.007500000 -0.061630486
v 0.019849370 0.007500000 -0.061644147
v 0.019885100 0.007500000 -0.061655168
v 0.019921554 0.007500000 -0.061663489
v 0.019958527 0.007500000 -0.061669061
v 0.019995814 0.007500000 -0.061671856
v 0.020033205 0.007500000 -0.061671856
v 0.020070492 0.007500000 -0.061669061
v 0.020107465 0.007500000 -0.061663489
v 0.020143919 0.007500000 -0.061655168
v 0.020179649 0.007500000 -0.061644147
v 0.020214456 0.007500000 -0.061630486
v 0.020248144 0.007500000 -0.061614263
v 0.020280526 0.007500000 -0.061595567
v 0.020311420 0.007500000 -0.061574504
v 0.020340653 0.007500000 -0.061551191
v 0.020368063 0.007500000 -0.061525759
v 0.020393495 0.007500000 -0.061498349
v 0.020416809 0.007500000 -0.061469115
v 0.020437872 0.007500000 -0.061438221
v 0.020456567 0.007500000 -0.061405840
v 0.020472791 0.007500000 -0.061372151
v 0.020486451 0.007500000 -0.061337345
v 0.020497473 0.007500000 -0.061301615
v 0.020505793 0.007500000 -0.061265161
v 0.020511366 0.007500000 -0.061228188
v 0.020514160 0.007500000 -0.061190901
v 0.020514160 0.007500000 -0.061153510
v 0.020511366 0.007500000 -0.061116223
v 0.020505793 0.007500000 -0.061079249
v 0.020497473 0.007500000 -0.061042796
v 0.019452905 0.007500000 -0.057144417
v 0.018038692 0.007500000 -0.055730204
v 0.017072766 0.007500000 -0.055989023
v 0.014623276 0.007500000 -0.054574809
v 0.014667361 0.007500000 -0.054717729
v 0.014722003 0.007500000 -0.054856955
v 0.014786897 0.007500000 -0.054991708
v 0.014861679 0.007500000 -0.055121235
v 0.014945932 0.007500000 -0.055244811
v 0.015039184 0.007500000 -0.055361746
v 0.015140914 0.007500000 -0.055471385
v 0.015250553 0.007500000 -0.055573115
v 0.015367487 0.007500000 -0.055666367
v 0.015491064 0.007500000 -0.055750619
v 0.015620590 0.007500000 -0.055825402
v 0.015755344 0.007500000 -0.055890296
v 0.015894570 0.007500000 -0.055944938
v 0.016037490 0.007500000 -0.055989023
v 0.016183304 0.007500000 -0.056022304
v 0.016331199 0.007500000 -0.056044596
v 0.016480345 0.007500000 -0.056055773
v 0.016629910 0.007500000 -0.056055773
v 0.016779057 0.007500000 -0.056044596
v 0.016926951 0.007500000 -0.056022304
v 0.003261120 0.007500000 -0.012170665
v 0.001425861 0.007500000 -0.012662422
v -0.001239975 0.007500000 -0.002713386
v 0.004941950 0.007500000 -0.001056944
v 0.004683131 0.007500000 -0.000091018
v 0.000336465 0.007500000 -0.001255704
v -0.014301181 0.007500000 0.053372735
v -0.014333904 0.007500000 0.053515611
v -0.014356075 0.007500000 0.053660499
v -0.014367575 0.007500000 0.053806622
v -0.014368343 0.007500000 0.053953195
v -0.014358374 0.007500000 0.054099430
v -0.014337721 0.007500000 0.054244543
v -0.014306496 0.007500000 0.054387753
v -0.014264867 0.007500000 0.054528292
v -0.014213056 0.007500000 0.054665405
v -0.014151343 0.007500000 0.054798355
v -0.014080058 0.007500000 0.054926428
v -0.013999585 0.007500000 0.055048936
v -0.013910356 0.007500000 0.055165222
v -0.013812850 0.007500000 0.055274660
v -0.013707591 0.007500000 0.055376663
v -0.013595144 0.007500000 0.055470684
v -0.013476113 0.007500000 0.055556216
v -0.013351137 0.007500000 0.055632801
v -0.013220888 0.007500000 0.055700028
v -0.013086066 0.007500000 0.055757534
v -0.012947393 0.007500000 0.055805013
v -0.012805616 0.007500000 0.055842207
v -0.012661496 0.007500000 0.055868918
v -0.012515806 0.007500000 0.055885003
v -0.012369330 0.007500000 0.055890374
v -0.005833218 0.007500000 0.055890374
v -0.005833218 0.007500000 0.059090374
v -0.020367791 0.007500000 0.059090374
v -0.020967791 0.007500000 0.058490374
v -0.020967791 0.007500000 0.054890374
v -0.023967791 0.007500000 0.054890374
v -0.023967791 0.007500000 0.058490374
v -0.024567791 0.007500000 0.059090374
v -0.026689363 0.007500000 0.059090374
v -0.026832042 0.007500000 0.059085278
v -0.026973993 0.007500000 0.059070016
v -0.027114494 0.007500000 0.059044667
v -0.027252829 0.007500000 0.059009360
v -0.027388292 0.007500000 0.058964273
v -0.027520193 0.007500000 0.058909638
v -0.027647861 0.007500000 0.058845732
v -0.027770645 0.007500000 0.058772881
v -0.027887919 0.007500000 0.058691456
v -0.027999085 0.007500000 0.058601873
v -0.028103577 0.007500000 0.058504587
v -0.031270277 0.007500000 0.036590374
v -0.031069725 0.007500000 0.036583663
v -0.030870071 0.007500000 0.036563560
v -0.030672206 0.007500000 0.036530154
v -0.030477018 0.007500000 0.036483597
v -0.030285379 0.007500000 0.036424095
v -0.013719808 0.007500000 0.030666508
v -0.011806929 0.007500000 0.028609244
v -0.011873216 0.007500000 0.028824081
v -0.011955406 0.007500000 0.029033350
v -0.012053038 0.007500000 0.029235876
v -0.012165564 0.007500000 0.029430522
v -0.012292350 0.007500000 0.029616194
v -0.012432686 0.007500000 0.029791849
v -0.012585782 0.007500000 0.029956501
v -0.012750779 0.007500000 0.030109225
v -0.012926751 0.007500000 0.030249164
v -0.013112709 0.007500000 0.030375531
v -0.013307608 0.007500000 0.030487616
v -0.013510354 0.007500000 0.030584790
v -0.008301942 0.007500000 0.015528457
v -0.011537505 0.007500000 0.012519975
v -0.011358915 0.007500000 0.012465290
v -0.011176740 0.007500000 0.012424091
v -0.010991998 0.007500000 0.012396607
v -0.010805719 0.007500000 0.012382993
v -0.010618944 0.007500000 0.012383324
v -0.010432715 0.007500000 0.012397598
v -0.010248071 0.007500000 0.012425736
v -0.010066044 0.007500000 0.012467580
v -0.009887648 0.007500000 0.012522898
v -0.009713880 0.007500000 0.012591379
v -0.009545710 0.007500000 0.012672643
v -0.009384076 0.007500000 0.012766235
v -0.009229880 0.007500000 0.012871634
v -0.009083984 0.007500000 0.012988250
v -0.008947201 0.007500000 0.013115433
v -0.008820296 0.007500000 0.013252473
v -0.008703975 0.007500000 0.013398605
v -0.008598889 0.007500000 0.013553013
v -0.008505624 0.007500000 0.013714836
v -0.008424701 0.007500000 0.013883171
v -0.008356571 0.007500000 0.014057077
v -0.008301615 0.007500000 0.014235584
v -0.008260139 0.007500000 0.014417696
v -0.008232375 0.007500000 0.014602396
v -0.008218478 0.007500000 0.014788654
v -0.008218525 0.007500000 0.014975429
v -0.008232517 0.007500000 0.015161680
v -0.008260374 0.007500000 0.015346366
v -0.044538539 0.007500000 0.023989927
v -0.046217791 0.007500000 0.026351362
v -0.046211183 0.007500000 0.026169714
v -0.046191394 0.007500000 0.025989027
v -0.046158529 0.007500000 0.025810255
v -0.046112761 0.007500000 0.025634343
v -0.046054333 0.007500000 0.025462222
v -0.045983553 0.007500000 0.025294801
v -0.045900795 0.007500000 0.025132965
v -0.045806498 0.007500000 0.024977571
v -0.045701159 0.007500000 0.024829438
v -0.045585335 0.007500000 0.024689351
v -0.045459638 0.007500000 0.024558050
v -0.045324734 0.007500000 0.024436229
v -0.045181335 0.007500000 0.024324532
v -0.045030199 0.007500000 0.024223550
v -0.044872125 0.007500000 0.024133815
v -0.044707949 0.007500000 0.024055804
v -0.046217791 0.007500000 0.034590374
v -0.044217791 0.007500000 0.036590374
v -0.044367251 0.007500000 0.036584781
v -0.044515875 0.007500000 0.036568035
v -0.044662832 0.007500000 0.036540229
v -0.044807301 0.007500000 0.036501519
v -0.044948473 0.007500000 0.036452121
v -0.045085558 0.007500000 0.036392311
v -0.045217791 0.007500000 0.036322424
v -0.045344431 0.007500000 0.036242851
v -0.045464770 0.007500000 0.036154037
v -0.045578136 0.007500000 0.036056477
v -0.045683894 0.007500000 0.035950719
v -0.045781454 0.007500000 0.035837353
v -0.045870268 0.007500000 0.035717014
v -0.045949841 0.007500000 0.035590374
v -0.046019728 0.007500000 0.035458141
v -0.046079538 0.007500000 0.035321056
v -0.046128936 0.007500000 0.035179884
v -0.046167646 0.007500000 0.035035415
v -0.046195452 0.007500000 0.034888458
v -0.046212198 0.007500000 0.034739834
v -0.017199603 0.007500000 0.050666831
v -0.017263678 0.007500000 0.050875325
v -0.017342732 0.007500000 0.051078613
v -0.017436348 0.007500000 0.051275619
v -0.017544030 0.007500000 0.051465303
v -0.017665210 0.007500000 0.051646662
v -0.017799247 0.007500000 0.051818736
v -0.017945432 0.007500000 0.051980617
v -0.018102993 0.007500000 0.052131449
v -0.018271096 0.007500000 0.052270434
v -0.018448854 0.007500000 0.052396837
v -0.018635325 0.007500000 0.052509991
v -0.018829526 0.007500000 0.052609297
v -0.019030428 0.007500000 0.052694230
v -0.019236971 0.007500000 0.052764342
v -0.019448062 0.007500000 0.052819262
v -0.019662585 0.007500000 0.052858698
v -0.019879407 0.007500000 0.052882444
v -0.020097380 0.007500000 0.052890374
v -0.013562892 0.007500000 0.037094442
v -0.016151343 0.007500000 0.034687656
v -0.016008470 0.007500000 0.034643908
v -0.015862730 0.007500000 0.034610949
v -0.015714937 0.007500000 0.034588962
v -0.015565914 0.007500000 0.034578071
v -0.015416494 0.007500000 0.034578335
v -0.015267511 0.007500000 0.034589755
v -0.015119796 0.007500000 0.034612265
v -0.014974173 0.007500000 0.034645740
v -0.014831457 0.007500000 0.034689994
v -0.014692443 0.007500000 0.034744780
v -0.014557906 0.007500000 0.034809791
v -0.014428599 0.007500000 0.034884665
v -0.014305243 0.007500000 0.034968983
v -0.014188526 0.007500000 0.035062276
v -0.014079100 0.007500000 0.035164023
v -0.013977575 0.007500000 0.035273655
v -0.013884519 0.007500000 0.035390560
v -0.013800450 0.007500000 0.035514087
v -0.013725838 0.007500000 0.035643545
v -0.013661100 0.007500000 0.035778213
v -0.013606596 0.007500000 0.035917338
v -0.013562631 0.007500000 0.036060144
v -0.013529450 0.007500000 0.036205833
v -0.013507239 0.007500000 0.036353593
v -0.013496121 0.007500000 0.036502600
v -0.013496159 0.007500000 0.036652020
v -0.013507352 0.007500000 0.036801020
v -0.013529638 0.007500000 0.036948769
v -0.025702688 0.007500000 0.038007355
v -0.027717791 0.007500000 0.040841076
v -0.027709861 0.007500000 0.040623099
v -0.027686115 0.007500000 0.040406274
v -0.027646676 0.007500000 0.040191748
v -0.027591755 0.007500000 0.039980654
v -0.027521641 0.007500000 0.039774108
v -0.027436705 0.007500000 0.039573203
v -0.027337396 0.007500000 0.039379001
v -0.027224239 0.007500000 0.039192527
v -0.027097832 0.007500000 0.039014768
v -0.026958844 0.007500000 0.038846664
v -0.026808008 0.007500000 0.038689102
v -0.026646123 0.007500000 0.038542917
v -0.026474044 0.007500000 0.038408881
v -0.026292680 0.007500000 0.038287702
v -0.026102992 0.007500000 0.038180021
v -0.025905981 0.007500000 0.038086407
v -0.027717791 0.007500000 0.049890374
v -0.024717791 0.007500000 0.052890374
v -0.024941981 0.007500000 0.052881985
v -0.025164917 0.007500000 0.052856866
v -0.025385353 0.007500000 0.052815157
v -0.025602056 0.007500000 0.052757092
v -0.025813814 0.007500000 0.052682995
v -0.026019442 0.007500000 0.052593280
v -0.026217791 0.007500000 0.052488450
v -0.026407751 0.007500000 0.052369090
v -0.026588260 0.007500000 0.052235868
v -0.026758309 0.007500000 0.052089529
v -0.026916946 0.007500000 0.051930892
v -0.027063285 0.007500000 0.051760843
v -0.027196507 0.007500000 0.051580334
v -0.027315867 0.007500000 0.051390374
v -0.027420697 0.007500000 0.051192025
v -0.027510412 0.007500000 0.050986397
v -0.027584509 0.007500000 0.050774639
v -0.027642574 0.007500000 0.050557936
v -0.027684283 0.007500000 0.050337500
v -0.027709402 0.007500000 0.050114564
v -0.011396745 0.007500000 0.004293991
v -0.040464535 0.007500000 -0.016641005
v -0.045115568 0.007500000 -0.014983105
v -0.045049884 0.007500000 -0.015196218
v -0.044968550 0.007500000 -0.015403862
v -0.044872016 0.007500000 -0.015604891
v -0.044760816 0.007500000 -0.015798194
v -0.044635564 0.007500000 -0.015982703
v -0.044496952 0.007500000 -0.016157397
v -0.044345746 0.007500000 -0.016321312
v -0.044182781 0.007500000 -0.016473543
v -0.044008958 0.007500000 -0.016613246
v -0.043825238 0.007500000 -0.016739652
v -0.043632636 0.007500000 -0.016852061
v -0.043432215 0.007500000 -0.016949852
v -0.043225084 0.007500000 -0.017032485
v -0.043012387 0.007500000 -0.017099504
v -0.042795300 0.007500000 -0.017150537
v -0.042575021 0.007500000 -0.017185303
v -0.042352768 0.007500000 -0.017203610
v -0.042129769 0.007500000 -0.017205356
v -0.041907257 0.007500000 -0.017190533
v -0.041686460 0.007500000 -0.017159221
v -0.041468600 0.007500000 -0.017111594
v -0.041254879 0.007500000 -0.017047915
v -0.041046479 0.007500000 -0.016968537
v -0.040844552 0.007500000 -0.016873896
v -0.040650213 0.007500000 -0.016764518
v -0.045217791 0.007500000 -0.014206648
v -0.045211367 0.007500000 -0.014402857
v -0.045192125 0.007500000 -0.014598226
v -0.045160146 0.007500000 -0.014791919
v -0.045217791 0.007500000 0.016831249
v -0.041232893 0.007500000 0.019664970
v -0.041443007 0.007500000 0.019729474
v -0.041657281 0.007500000 0.019778422
v -0.041874563 0.007500000 0.019811550
v -0.042093687 0.007500000 0.019828681
v -0.042313478 0.007500000 0.019829722
v -0.042532755 0.007500000 0.019814669
v -0.042750341 0.007500000 0.019783602
v -0.042965069 0.007500000 0.019736688
v -0.043175785 0.007500000 0.019674178
v -0.043381360 0.007500000 0.019596408
v -0.043580688 0.007500000 0.019503796
v -0.043772702 0.007500000 0.019396839
v -0.043956368 0.007500000 0.019276110
v -0.044130703 0.007500000 0.019142258
v -0.044294770 0.007500000 0.018996002
v -0.044447689 0.007500000 0.018838125
v -0.044588638 0.007500000 0.018669477
v -0.044716861 0.007500000 0.018490961
v -0.044831670 0.007500000 0.018303537
v -0.044932449 0.007500000 0.018108210
v -0.045018656 0.007500000 0.017906029
v -0.045089829 0.007500000 0.017698079
v -0.045145586 0.007500000 0.017485476
v -0.045185628 0.007500000 0.017269361
v -0.045209739 0.007500000 0.017050894
v -0.012165102 0.007500000 0.009562069
v -0.010252223 0.007500000 0.007504805
v -0.010318510 0.007500000 0.007719642
v -0.010400700 0.007500000 0.007928911
v -0.010498333 0.007500000 0.008131437
v -0.010610858 0.007500000 0.008326083
v -0.010737644 0.007500000 0.008511754
v -0.010877980 0.007500000 0.008687410
v -0.011031076 0.007500000 0.008852062
v -0.011196074 0.007500000 0.009004786
v -0.011372045 0.007500000 0.009144725
v -0.011558003 0.007500000 0.009271091
v -0.011752902 0.007500000 0.009383177
v -0.011955648 0.007500000 0.009480351
v -0.011228274 0.007500000 0.004424662
v -0.011069509 0.007500000 0.004566970
v -0.010921252 0.007500000 0.004720194
v -0.010784253 0.007500000 0.004883561
v -0.010659203 0.007500000 0.005056245
v -0.010546733 0.007500000 0.005237375
v -0.010447412 0.007500000 0.005426036
v -0.010361741 0.007500000 0.005621275
v -0.010290153 0.007500000 0.005822105
v -0.010233010 0.007500000 0.006027513
v -0.010190600 0.007500000 0.006236460
v -0.010163138 0.007500000 0.006447892
v -0.010150762 0.007500000 0.006660741
v -0.010153535 0.007500000 0.006873930
v -0.010171442 0.007500000 0.007086385
v -0.010204393 0.007500000 0.007297031
v -0.002027879 0.007500000 -0.024409626
v -0.001808165 0.007500000 -0.024401570
v -0.001589630 0.007500000 -0.024377443
v -0.001373450 0.007500000 -0.024337377
v -0.001160784 0.007500000 -0.024281585
v -0.000952775 0.007500000 -0.024210368
v -0.000750541 0.007500000 -0.024124108
v -0.000555168 0.007500000 -0.024023268
v -0.000367705 0.007500000 -0.023908390
v -0.000189158 0.007500000 -0.023780091
v -0.000020487 0.007500000 -0.023639061
v 0.000137401 0.007500000 -0.023486056
v 0.000283660 0.007500000 -0.023321898
v 0.000417504 0.007500000 -0.023147470
v 0.000538214 0.007500000 -0.022963707
v 0.000645140 0.007500000 -0.022771598
v 0.000737710 0.007500000 -0.022572173
v 0.000815426 0.007500000 -0.022366504
v 0.000877870 0.007500000 -0.022155696
v 0.000924708 0.007500000 -0.021940881
v 0.000955686 0.007500000 -0.021723212
v 0.000970640 0.007500000 -0.021503859
v 0.000969489 0.007500000 -0.021283999
v 0.000952239 0.007500000 -0.021064815
v 0.000918983 0.007500000 -0.020847482
v 0.000869898 0.007500000 -0.020633169
v -0.033719466 0.007500000 -0.024409626
v -0.036057140 0.007500000 -0.017163817
v -0.036290842 0.007500000 -0.017345638
v -0.036510453 0.007500000 -0.017544249
v -0.036714771 0.007500000 -0.017758561
v -0.036902675 0.007500000 -0.017987401
v -0.037073136 0.007500000 -0.018229513
v -0.037225220 0.007500000 -0.018483572
v -0.037358094 0.007500000 -0.018748185
v -0.037471029 0.007500000 -0.019021903
v -0.037563406 0.007500000 -0.019303225
v -0.037634720 0.007500000 -0.019590609
v -0.037684579 0.007500000 -0.019882482
v -0.037712710 0.007500000 -0.020177243
v -0.037718959 0.007500000 -0.020473277
v -0.037703293 0.007500000 -0.020768963
v -0.037665796 0.007500000 -0.021062680
v -0.037606674 0.007500000 -0.021352818
v -0.037526252 0.007500000 -0.021637788
v -0.037424969 0.007500000 -0.021916028
v -0.037303382 0.007500000 -0.022186013
v -0.037162155 0.007500000 -0.022446264
v -0.037002064 0.007500000 -0.022695354
v -0.036823984 0.007500000 -0.022931920
v -0.036628893 0.007500000 -0.023154664
v -0.036417859 0.007500000 -0.023362366
v -0.036192039 0.007500000 -0.023553888
v -0.035952669 0.007500000 -0.023728181
v -0.035701063 0.007500000 -0.023884288
v -0.035438597 0.007500000 -0.024021356
v -0.035166712 0.007500000 -0.024138632
v -0.034886895 0.007500000 -0.024235474
v -0.034600682 0.007500000 -0.024311351
v -0.034309640 0.007500000 -0.024365849
v -0.034015364 0.007500000 -0.024398667
v -0.009409069 0.007500000 0.002028466
v -0.004758036 0.007500000 0.000370566
v -0.004823720 0.007500000 0.000583679
v -0.004905054 0.007500000 0.000791323
v -0.005001587 0.007500000 0.000992353
v -0.005112788 0.007500000 0.001185655
v -0.005238040 0.007500000 0.001370164
v -0.005376652 0.007500000 0.001544858
v -0.005527858 0.007500000 0.001708774
v -0.005690823 0.007500000 0.001861004
v -0.005864645 0.007500000 0.002000708
v -0.006048365 0.007500000 0.002127113
v -0.006240968 0.007500000 0.002239522
v -0.006441388 0.007500000 0.002337314
v -0.006648519 0.007500000 0.002419947
v -0.006861216 0.007500000 0.002486965
v -0.007078304 0.007500000 0.002537998
v -0.007298583 0.007500000 0.002572764
v -0.007520836 0.007500000 0.002591071
v -0.007743835 0.007500000 0.002592817
v -0.007966347 0.007500000 0.002577994
v -0.008187143 0.007500000 0.002546682
v -0.008405004 0.007500000 0.002499055
v -0.008618724 0.007500000 0.002435376
v -0.008827124 0.007500000 0.002355998
v -0.009029052 0.007500000 0.002261358
v -0.009223391 0.007500000 0.002151979
v -0.046615568 0.007500000 -0.024186084
v -0.046549441 0.007500000 -0.024400464
v -0.046467477 0.007500000 -0.024609303
v -0.046370137 0.007500000 -0.024811432
v -0.046257963 0.007500000 -0.025005723
v -0.046131584 0.007500000 -0.025191087
v -0.045991706 0.007500000 -0.025366489
v -0.045839111 0.007500000 -0.025530947
v -0.045674653 0.007500000 -0.025683542
v -0.045499251 0.007500000 -0.025823420
v -0.045313887 0.007500000 -0.025949799
v -0.045119596 0.007500000 -0.026061973
v -0.044917467 0.007500000 -0.026159313
v -0.044708628 0.007500000 -0.026241276
v -0.044494248 0.007500000 -0.026307404
v -0.044275525 0.007500000 -0.026357326
v -0.044053684 0.007500000 -0.026390763
v -0.043829964 0.007500000 -0.026407529
v -0.043605617 0.007500000 -0.026407529
v -0.043381897 0.007500000 -0.026390763
v -0.043160056 0.007500000 -0.026357326
v -0.042941333 0.007500000 -0.026307404
v -0.042726953 0.007500000 -0.026241276
v -0.042518114 0.007500000 -0.026159313
v -0.042315985 0.007500000 -0.026061973
v -0.042121694 0.007500000 -0.025949799
v -0.041936330 0.007500000 -0.025823420
v -0.041760928 0.007500000 -0.025683542
v -0.041596470 0.007500000 -0.025530947
v -0.041443875 0.007500000 -0.025366489
v -0.041303997 0.007500000 -0.025191087
v -0.041177618 0.007500000 -0.025005723
v -0.041065444 0.007500000 -0.024811432
v -0.040968104 0.007500000 -0.024609303
v -0.040886141 0.007500000 -0.024400464
v -0.040820013 0.007500000 -0.024186084
v -0.040770091 0.007500000 -0.023967361
v -0.040736654 0.007500000 -0.023745520
v -0.040719888 0.007500000 -0.023521800
v -0.040719888 0.007500000 -0.023297453
v -0.040736654 0.007500000 -0.023073733
v -0.040770091 0.007500000 -0.022851892
v -0.040820013 0.007500000 -0.022633169
v -0.040886141 0.007500000 -0.022418789
v -0.040968104 0.007500000 -0.022209950
v -0.041065444 0.007500000 -0.022007821
v -0.041177618 0.007500000 -0.021813530
v -0.041303997 0.007500000 -0.021628166
v -0.041443875 0.007500000 -0.021452764
v -0.041596470 0.007500000 -0.021288306
v -0.041760928 0.007500000 -0.021135711
v -0.041936330 0.007500000 -0.020995833
v -0.042121694 0.007500000 -0.020869454
v -0.042315985 0.007500000 -0.020757280
v -0.042518114 0.007500000 -0.020659940
v -0.042726953 0.007500000 -0.020577976
v -0.042941333 0.007500000 -0.020511849
v -0.043160056 0.007500000 -0.020461927
v -0.043381897 0.007500000 -0.020428490
v -0.043605617 0.007500000 -0.020411724
v -0.043829964 0.007500000 -0.020411724
v -0.044053684 0.007500000 -0.020428490
v -0.044275525 0.007500000 -0.020461927
v -0.044494248 0.007500000 -0.020511849
v -0.044708628 0.007500000 -0.020577976
v -0.044917467 0.007500000 -0.020659940
v -0.045119596 0.007500000 -0.020757280
v -0.045313887 0.007500000 -0.020869454
v -0.045499251 0.007500000 -0.020995833
v -0.045674653 0.007500000 -0.021135711
v -0.045839111 0.007500000 -0.021288306
v -0.045991706 0.007500000 -0.021452764
v -0.046131584 0.007500000 -0.021628166
v -0.046257963 0.007500000 -0.021813530
v -0.046370137 0.007500000 -0.022007821
v -0.046467477 0.007500000 -0.022209950
v -0.046549441 0.007500000 -0.022418789
v -0.046615568 0.007500000 -0.022633169
v -0.046665490 0.007500000 -0.022851892
v -0.046698927 0.007500000 -0.023073733
v -0.046715693 0.007500000 -0.023297453
v -0.046715693 0.007500000 -0.023521800
v -0.046698927 0.007500000 -0.023745520
v -0.046665490 0.007500000 -0.023967361
v -0.031270277 0.007500000 0.036590374
v -0.031069725 0.007500000 0.036583663
v -0.030870071 0.007500000 0.036563560
v -0.030672206 0.007500000 0.036530154
v -0.030477018 0.007500000 0.036483597
v -0.030285379 0.007500000 0.036424095
v -0.031270277 -0.007500000 0.036590374
v -0.031069725 -0.007500000 0.036583663
v -0.030870071 -0.007500000 0.036563560
v -0.030672206 -0.007500000 0.036530154
v -0.030477018 -0.007500000 0.036483597
v -0.030285379 -0.007500000 0.036424095
v -0.050217791 0.000000000 0.029340374
v -0.050217791 0.000130778 0.029345267
v -0.050217791 0.000260824 0.029359920
v -0.050217791 0.000389412 0.029384250
v -0.050217791 0.000515822 0.029418121
v -0.050217791 0.000639347 0.029461344
v -0.050217791 0.000759297 0.029513678
v -0.050217791 0.000875000 0.029574829
v -0.050217791 0.000985810 0.029644456
v -0.050217791 0.001091107 0.029722168
v -0.050217791 0.001190302 0.029807533
v -0.050217791 0.001282841 0.029900071
v -0.050217791 0.001368205 0.029999266
v -0.050217791 0.001445918 0.030104563
v -0.050217791 0.001515544 0.030215374
v -0.050217791 0.001576696 0.030331077
v -0.050217791 0.001629029 0.030451027
v -0.050217791 0.001672252 0.030574552
v -0.050217791 0.001706124 0.030700962
v -0.050217791 0.001730454 0.030829550
v -0.050217791 0.001745107 0.030959596
v -0.050217791 0.001750000 0.031090374
v -0.050217791 0.001745107 0.031221151
v -0.050217791 0.001730454 0.031351198
v -0.050217791 0.001706124 0.031479785
v -0.050217791 0.001672252 0.031606195
v -0.050217791 0.001629029 0.031729720
v -0.050217791 0.001576696 0.031849670
v -0.050217791 0.001515544 0.031965374
v -0.050217791 0.001445918 0.032076184
v -0.050217791 0.001368205 0.032181481
v -0.050217791 0.001282841 0.032280676
v -0.050217791 0.001190302 0.032373214
v -0.050217791 0.001091107 0.032458579
v -0.050217791 0.000985810 0.032536291
v -0.050217791 0.000875000 0.032605918
v -0.050217791 0.000759297 0.032667069
v -0.050217791 0.000639347 0.032719403
v -0.050217791 0.000515822 0.032762626
v -0.050217791 0.000389412 0.032796497
v -0.050217791 0.000260824 0.032820828
v -0.050217791 0.000130778 0.032835480
v -0.050217791 0.000000000 0.032840374
v -0.046217791 0.000000000 0.032840374
v -0.046217791 0.000000000 0.029340374
v -0.046217791 0.000130778 0.029345267
v -0.046217791 0.000260824 0.029359920
v -0.046217791 0.000389412 0.029384250
v -0.046217791 0.000515822 0.029418121
v -0.046217791 0.000639347 0.029461344
v -0.046217791 0.000759297 0.029513678
v -0.046217791 0.000875000 0.029574829
v -0.046217791 0.000985810 0.029644456
v -0.046217791 0.001091107 0.029722168
v -0.046217791 0.001190302 0.029807533
v -0.046217791 0.001282841 0.029900071
v -0.046217791 0.001368205 0.029999266
v -0.046217791 0.001445918 0.030104563
v -0.046217791 0.001515544 0.030215374
v -0.046217791 0.001576696 0.030331077
v -0.046217791 0.001629029 0.030451027
v -0.046217791 0.001672252 0.030574552
v -0.046217791 0.001706124 0.030700962
v -0.046217791 0.001730454 0.030829550
v -0.046217791 0.001745107 0.030959596
v -0.046217791 0.001750000 0.031090374
v -0.046217791 0.001745107 0.031221151
v -0.046217791 0.001730454 0.031351198
v -0.046217791 0.001706124 0.031479785
v -0.046217791 0.001672252 0.031606195
v -0.046217791 0.001629029 0.031729720
v -0.046217791 0.001576696 0.031849670
v -0.046217791 0.001515544 0.031965374
v -0.046217791 0.001445918 0.032076184
v -0.046217791 0.001368205 0.032181481
v -0.046217791 0.001282841 0.032280676
v -0.046217791 0.001190302 0.032373214
v -0.046217791 0.001091107 0.032458579
v -0.046217791 0.000985810 0.032536291
v -0.046217791 0.000875000 0.032605918
v -0.046217791 0.000759297 0.032667069
v -0.046217791 0.000639347 0.032719403
v -0.046217791 0.000515822 0.032762626
v -0.046217791 0.000389412 0.032796497
v -0.046217791 0.000260824 0.032820828
v -0.046217791 0.000130778 0.032835480
v -0.019967791 0.000000000 0.059090374
v -0.019964295 0.000093413 0.059090374
v -0.019953829 0.000186303 0.059090374
v -0.019936450 0.000278151 0.059090374
v -0.019912257 0.000368444 0.059090374
v -0.019881383 0.000456676 0.059090374
v -0.019844002 0.000542355 0.059090374
v -0.019800322 0.000625000 0.059090374
v -0.019750589 0.000704150 0.059090374
v -0.019695080 0.000779362 0.059090374
v -0.019634105 0.000850216 0.059090374
v -0.019568006 0.000916315 0.059090374
v -0.019497153 0.000977289 0.059090374
v -0.019421941 0.001032798 0.059090374
v -0.019342791 0.001082532 0.059090374
v -0.019260145 0.001126211 0.059090374
v -0.019174467 0.001163592 0.059090374
v -0.019086235 0.001194466 0.059090374
v -0.018995942 0.001218660 0.059090374
v -0.018904093 0.001236039 0.059090374
v -0.018811203 0.001246505 0.059090374
v -0.018717791 0.001250000 0.059090374
v -0.018624378 0.001246505 0.059090374
v -0.018531488 0.001236039 0.059090374
v -0.018439639 0.001218660 0.059090374
v -0.018349347 0.001194466 0.059090374
v -0.018261114 0.001163592 0.059090374
v -0.018175436 0.001126211 0.059090374
v -0.018092791 0.001082532 0.059090374
v -0.018013640 0.001032798 0.059090374
v -0.017938428 0.000977289 0.059090374
v -0.017867575 0.000916315 0.059090374
v -0.017801476 0.000850216 0.059090374
v -0.017740501 0.000779362 0.059090374
v -0.017684992 0.000704150 0.059090374
v -0.017635259 0.000625000 0.059090374
v -0.017591579 0.000542355 0.059090374
v -0.017554198 0.000456676 0.059090374
v -0.017523325 0.000368444 0.059090374
v -0.017499131 0.000278151 0.059090374
v -0.017481752 0.000186303 0.059090374
v -0.017471286 0.000093413 0.059090374
v -0.017467791 0.000000000 0.059090374
v -0.017467791 0.000000000 0.051334415
v -0.019967791 0.000000000 0.052887573
v -0.019964489 0.000091033 0.052887436
v -0.019954641 0.000180952 0.052886983
v -0.019938333 0.000269772 0.052886155
v -0.019915504 0.000357618 0.052884860
v -0.019886278 0.000443898 0.052882941
v -0.019851010 0.000527555 0.052880240
v -0.019809814 0.000608116 0.052876564
v -0.019762827 0.000685516 0.052871669
v -0.019710443 0.000759309 0.052865322
v -0.019653051 0.000829048 0.052857289
v -0.019591043 0.000894286 0.052847335
v -0.019531612 0.000948784 0.052836542
v -0.019475252 0.000994328 0.052825149
v -0.019416277 0.001036578 0.052812016
v -0.019355216 0.001075235 0.052797114
v -0.019292600 0.001109998 0.052780413
v -0.019228794 0.001140791 0.052761883
v -0.019163876 0.001167709 0.052741440
v -0.019097903 0.001190808 0.052718986
v -0.019031017 0.001210117 0.052694446
v -0.018963926 0.001225505 0.052667954
v -0.018896932 0.001237050 0.052639607
v -0.018830233 0.001244870 0.052609479
v -0.018764026 0.001249084 0.052577644
v -0.018698509 0.001249809 0.052544177
v -0.018633877 0.001247166 0.052509152
v -0.018570329 0.001241271 0.052472642
v -0.018507988 0.001232262 0.052434721
v -0.018446923 0.001220283 0.052395498
v -0.018387230 0.001205473 0.052355102
v -0.018329006 0.001187970 0.052313663
v -0.018272347 0.001167912 0.052271310
v -0.018199403 0.001137433 0.052213639
v -0.018121120 0.001098405 0.052147446
v -0.018046606 0.001054568 0.052079930
v -0.017975810 0.001006045 0.052011382
v -0.017908813 0.000952985 0.051942194
v -0.017845696 0.000895534 0.051872763
v -0.017786551 0.000833887 0.051803496
v -0.017731561 0.000768408 0.051735007
v -0.017680803 0.000698637 0.051667961
v -0.017634322 0.000623947 0.051603004
v -0.017592165 0.000543711 0.051540781
v -0.017558006 0.000466243 0.051487736
v -0.017533471 0.000399728 0.051448055
v -0.017514190 0.000337153 0.051415910
v -0.017499352 0.000278778 0.051390559
v -0.017488216 0.000224674 0.051371146
v -0.017480121 0.000174786 0.051356797
v -0.017474628 0.000130265 0.051346924
v -0.017470594 0.000083455 0.051339584
v -0.017468500 0.000042009 0.051335733
v -0.027467791 0.000000000 0.059090374
v -0.027464295 0.000093413 0.059090374
v -0.027453829 0.000186303 0.059090374
v -0.027436450 0.000278151 0.059090374
v -0.027412257 0.000368444 0.059090374
v -0.027381383 0.000456676 0.059090374
v -0.027344002 0.000542355 0.059090374
v -0.027300322 0.000625000 0.059090374
v -0.027250589 0.000704150 0.059090374
v -0.027195080 0.000779362 0.059090374
v -0.027134105 0.000850216 0.059090374
v -0.027068006 0.000916315 0.059090374
v -0.026997153 0.000977289 0.059090374
v -0.026921941 0.001032798 0.059090374
v -0.026842791 0.001082532 0.059090374
v -0.026760145 0.001126211 0.059090374
v -0.026674467 0.001163592 0.059090374
v -0.026586235 0.001194466 0.059090374
v -0.026495942 0.001218660 0.059090374
v -0.026404093 0.001236039 0.059090374
v -0.026311203 0.001246505 0.059090374
v -0.026217791 0.001250000 0.059090374
v -0.026124378 0.001246505 0.059090374
v -0.026031488 0.001236039 0.059090374
v -0.025939639 0.001218660 0.059090374
v -0.025849347 0.001194466 0.059090374
v -0.025761114 0.001163592 0.059090374
v -0.025675436 0.001126211 0.059090374
v -0.025592791 0.001082532 0.059090374
v -0.025513640 0.001032798 0.059090374
v -0.025438428 0.000977289 0.059090374
v -0.025367575 0.000916315 0.059090374
v -0.025301476 0.000850216 0.059090374
v -0.025240501 0.000779362 0.059090374
v -0.025184992 0.000704150 0.059090374
v -0.025135259 0.000625000 0.059090374
v -0.025091579 0.000542355 0.059090374
v -0.025054198 0.000456676 0.059090374
v -0.025023325 0.000368444 0.059090374
v -0.024999131 0.000278151 0.059090374
v -0.024981752 0.000186303 0.059090374
v -0.024971286 0.000093413 0.059090374
v -0.024967791 0.000000000 0.059090374
v -0.024967791 0.000000000 0.052879939
v -0.027467791 0.000000000 0.051089331
v -0.027467253 0.000036308 0.051090580
v -0.027465627 0.000072981 0.051094324
v -0.027461885 0.000120833 0.051102847
v -0.027456835 0.000164757 0.051114204
v -0.027450107 0.000209351 0.051129126
v -0.027441610 0.000254480 0.051147677
v -0.027430528 0.000302952 0.051171400
v -0.027414719 0.000360425 0.051204322
v -0.027394660 0.000421329 0.051244721
v -0.027366723 0.000492397 0.051298620
v -0.027335711 0.000559400 0.051355400
v -0.027290556 0.000642027 0.051433188
v -0.027228095 0.000736387 0.051532870
v -0.027150408 0.000832314 0.051646035
v -0.027064549 0.000919636 0.051759280
v -0.026979083 0.000991641 0.051861850
v -0.026886424 0.001056224 0.051963319
v -0.026786186 0.001113300 0.052063327
v -0.026689858 0.001157486 0.052151088
v -0.026598511 0.001190682 0.052227622
v -0.026502882 0.001217096 0.052301465
v -0.026403090 0.001236190 0.052372261
v -0.026310012 0.001246597 0.052432936
v -0.026224108 0.001249999 0.052484695
v -0.026136537 0.001247381 0.052533587
v -0.026047642 0.001238387 0.052579446
v -0.025966788 0.001224547 0.052617992
v -0.025893569 0.001207221 0.052650364
v -0.025820937 0.001185343 0.052680190
v -0.025749409 0.001158944 0.052707424
v -0.025679065 0.001127953 0.052732196
v -0.025609888 0.001092195 0.052754653
v -0.025542082 0.001051561 0.052774886
v -0.025476403 0.001006374 0.052792865
v -0.025413602 0.000956954 0.052808566
v -0.025353940 0.000903341 0.052822150
v -0.025297617 0.000845748 0.052833810
v -0.025244918 0.000784478 0.052843707
v -0.025196125 0.000719837 0.052852003
v -0.025151521 0.000652128 0.052858861
v -0.025111390 0.000581657 0.052864443
v -0.025075976 0.000508660 0.052868915
v -0.025045259 0.000433077 0.052872453
v -0.025019441 0.000355498 0.052875174
v -0.024998786 0.000276636 0.052877185
v -0.024983385 0.000196942 0.052878600
v -0.024973197 0.000116388 0.052879491
v -0.024969145 0.000058416 0.052879829
v -0.012367791 0.000000000 -0.029409626
v -0.012363177 0.000123305 -0.029409626
v -0.012349361 0.000245920 -0.029409626
v -0.012326422 0.000367160 -0.029409626
v -0.012294486 0.000486346 -0.029409626
v -0.012253732 0.000602813 -0.029409626
v -0.012204389 0.000715908 -0.029409626
v -0.012146732 0.000825000 -0.029409626
v -0.012081085 0.000929478 -0.029409626
v -0.012007813 0.001028758 -0.029409626
v -0.011927326 0.001122285 -0.029409626
v -0.011840076 0.001209536 -0.029409626
v -0.011746549 0.001290022 -0.029409626
v -0.011647269 0.001363294 -0.029409626
v -0.011542791 0.001428942 -0.029409626
v -0.011433699 0.001486599 -0.029409626
v -0.011320603 0.001535942 -0.029409626
v -0.011204137 0.001576695 -0.029409626
v -0.011084950 0.001608631 -0.029409626
v -0.010963710 0.001631571 -0.029409626
v -0.010841095 0.001645386 -0.029409626
v -0.010717791 0.001650000 -0.029409626
v -0.010594486 0.001645386 -0.029409626
v -0.010471871 0.001631571 -0.029409626
v -0.010350631 0.001608631 -0.029409626
v -0.010231445 0.001576695 -0.029409626
v -0.010114978 0.001535942 -0.029409626
v -0.010001882 0.001486599 -0.029409626
v -0.009892791 0.001428942 -0.029409626
v -0.009788312 0.001363294 -0.029409626
v -0.009689032 0.001290022 -0.029409626
v -0.009595506 0.001209536 -0.029409626
v -0.009508255 0.001122285 -0.029409626
v -0.009427769 0.001028758 -0.029409626
v -0.009354497 0.000929478 -0.029409626
v -0.009288849 0.000825000 -0.029409626
v -0.009231192 0.000715908 -0.029409626
v -0.009181849 0.000602813 -0.029409626
v -0.009141095 0.000486346 -0.029409626
v -0.009109160 0.000367160 -0.029409626
v -0.009086220 0.000245920 -0.029409626
v -0.009072404 0.000123305 -0.029409626
v -0.009067791 0.000000000 -0.029409626
v -0.012367791 0.000000000 -0.024409626
v -0.009067791 0.000000000 -0.024409626
v -0.009072404 0.000123305 -0.024409626
v -0.009086220 0.000245920 -0.024409626
v -0.009109160 0.000367160 -0.024409626
v -0.009141095 0.000486346 -0.024409626
v -0.009181849 0.000602813 -0.024409626
v -0.009231192 0.000715908 -0.024409626
v -0.009288849 0.000825000 -0.024409626
v -0.009354497 0.000929478 -0.024409626
v -0.009427769 0.001028758 -0.024409626
v -0.009508255 0.001122285 -0.024409626
v -0.009595506 0.001209536 -0.024409626
v -0.009689032 0.001290022 -0.024409626
v -0.009788312 0.001363294 -0.024409626
v -0.009892791 0.001428942 -0.024409626
v -0.010001882 0.001486599 -0.024409626
v -0.010114978 0.001535942 -0.024409626
v -0.010231445 0.001576695 -0.024409626
v -0.010350631 0.001608631 -0.024409626
v -0.010471871 0.001631571 -0.024409626
v -0.010594486 0.001645386 -0.024409626
v -0.010717791 0.001650000 -0.024409626
v -0.010841095 0.001645386 -0.024409626
v -0.010963710 0.001631571 -0.024409626
v -0.011084950 0.001608631 -0.024409626
v -0.011204137 0.001576695 -0.024409626
v -0.011320603 0.001535942 -0.024409626
v -0.011433699 0.001486599 -0.024409626
v -0.011542791 0.001428942 -0.024409626
v -0.011647269 0.001363294 -0.024409626
v -0.011746549 0.001290022 -0.024409626
v -0.011840076 0.001209536 -0.024409626
v -0.011927326 0.001122285 -0.024409626
v -0.012007813 0.001028758 -0.024409626
v -0.012081085 0.000929478 -0.024409626
v -0.012146732 0.000825000 -0.024409626
v -0.012204389 0.000715908 -0.024409626
v -0.012253732 0.000602813 -0.024409626
v -0.012294486 0.000486346 -0.024409626
v -0.012326422 0.000367160 -0.024409626
v -0.012349361 0.000245920 -0.024409626
v -0.012363177 0.000123305 -0.024409626
v -0.001261212 0.001500000 -0.006497834
v -0.001261212 -0.001500000 -0.006497834
v -0.002806693 -0.001500000 -0.006911944
v -0.002806693 0.001500000 -0.006911944
v -0.001261212 0.001500000 -0.006497834
v -0.001259764 0.001649460 -0.006503236
v -0.001255430 0.001798085 -0.006519411
v -0.001248233 0.001945042 -0.006546269
v -0.001238214 0.002089510 -0.006583661
v -0.001225429 0.002230682 -0.006631376
v -0.001209949 0.002367767 -0.006689147
v -0.001191861 0.002500000 -0.006756653
v -0.001171266 0.002626640 -0.006833515
v -0.001148279 0.002746980 -0.006919303
v -0.001123029 0.002860345 -0.007013538
v -0.001095657 0.002966104 -0.007115693
v -0.001066316 0.003063663 -0.007225196
v -0.001035169 0.003152478 -0.007341435
v -0.001002393 0.003232051 -0.007463760
v -0.000968168 0.003301938 -0.007591487
v -0.000932688 0.003361747 -0.007723901
v -0.000896150 0.003411146 -0.007860262
v -0.000858759 0.003449856 -0.007999808
v -0.000820723 0.003477662 -0.008141758
v -0.000782257 0.003494408 -0.008285318
v -0.000743573 0.003500000 -0.008429686
v -0.002289055 0.003500000 -0.008843796
v -0.002327738 0.003494408 -0.008699429
v -0.002366205 0.003477662 -0.008555868
v -0.002404240 0.003449856 -0.008413919
v -0.002441631 0.003411146 -0.008274373
v -0.002478169 0.003361747 -0.008138011
v -0.002513650 0.003301938 -0.008005597
v -0.002547874 0.003232051 -0.007877870
v -0.002580651 0.003152478 -0.007755545
v -0.002611797 0.003063663 -0.007639306
v -0.002641138 0.002966104 -0.007529803
v -0.002668510 0.002860345 -0.007427649
v -0.002693761 0.002746980 -0.007333414
v -0.002716747 0.002626640 -0.007247625
v -0.002737343 0.002500000 -0.007170763
v -0.002755431 0.002367767 -0.007103258
v -0.002770911 0.002230682 -0.007045486
v -0.002783696 0.002089510 -0.006997771
v -0.002793715 0.001945042 -0.006960380
v -0.002800911 0.001798085 -0.006933522
v -0.002805245 0.001649460 -0.006917346
v -0.002806693 0.001500000 -0.006911944
v 0.000104286 0.003500000 -0.007730237
v 0.002474078 0.003500000 -0.016574421
v -0.000861640 0.003500000 -0.007989056
v -0.000743573 0.003500000 -0.008429686
v -0.002289055 0.003500000 -0.008843796
v -0.000037329 0.003500000 -0.017247351
v 0.002474078 0.003500000 -0.016574421
v 0.002512761 0.003494408 -0.016718789
v 0.002551228 0.003477662 -0.016862349
v 0.002589263 0.003449856 -0.017004299
v 0.002626655 0.003411146 -0.017143844
v 0.002663192 0.003361747 -0.017280206
v 0.002698673 0.003301938 -0.017412620
v 0.002732897 0.003232051 -0.017540347
v 0.002765674 0.003152478 -0.017662672
v 0.002796820 0.003063663 -0.017778911
v 0.002826161 0.002966104 -0.017888414
v 0.002853534 0.002860345 -0.017990569
v 0.002878784 0.002746980 -0.018084804
v 0.002901771 0.002626640 -0.018170592
v 0.002922366 0.002500000 -0.018247454
v 0.002940454 0.002367767 -0.018314959
v 0.002955934 0.002230682 -0.018372731
v 0.002968719 0.002089510 -0.018420446
v 0.002978738 0.001945042 -0.018457837
v 0.002985935 0.001798085 -0.018484696
v 0.002990269 0.001649460 -0.018500871
v 0.002991716 0.001500000 -0.018506273
v 0.000480309 0.001500000 -0.019179202
v 0.000478862 0.001649460 -0.019173801
v 0.000474527 0.001798085 -0.019157625
v 0.000467331 0.001945042 -0.019130767
v 0.000457312 0.002089510 -0.019093376
v 0.000444527 0.002230682 -0.019045661
v 0.000429047 0.002367767 -0.018987889
v 0.000410959 0.002500000 -0.018920383
v 0.000390364 0.002626640 -0.018843521
v 0.000367377 0.002746980 -0.018757733
v 0.000342126 0.002860345 -0.018663498
v 0.000314754 0.002966104 -0.018561344
v 0.000285413 0.003063663 -0.018451841
v 0.000254267 0.003152478 -0.018335601
v 0.000221490 0.003232051 -0.018213277
v 0.000187266 0.003301938 -0.018085550
v 0.000151785 0.003361747 -0.017953135
v 0.000115247 0.003411146 -0.017816774
v 0.000077856 0.003449856 -0.017677228
v 0.000039821 0.003477662 -0.017535278
v 0.000001354 0.003494408 -0.017391718
v -0.000037329 0.003500000 -0.017247351
v 0.002991716 0.001500000 -0.018506273
v 0.002991716 -0.001500000 -0.018506273
v 0.000480309 -0.001500000 -0.019179202
v 0.000480309 0.001500000 -0.019179202
v 0.002991716 -0.001500000 -0.018506273
v 0.002990269 -0.001649460 -0.018500871
v 0.002985935 -0.001798085 -0.018484696
v 0.002978738 -0.001945042 -0.018457837
v 0.002968719 -0.002089510 -0.018420446
v 0.002955934 -0.002230682 -0.018372731
v 0.002940454 -0.002367767 -0.018314959
v 0.002922366 -0.002500000 -0.018247454
v 0.002901771 -0.002626640 -0.018170592
v 0.002878784 -0.002746980 -0.018084804
v 0.002853534 -0.002860345 -0.017990569
v 0.002826161 -0.002966104 -0.017888414
v 0.002796820 -0.003063663 -0.017778911
v 0.002765674 -0.003152478 -0.017662672
v 0.002732897 -0.003232051 -0.017540347
v 0.002698673 -0.003301938 -0.017412620
v 0.002663192 -0.003361747 -0.017280206
v 0.002626655 -0.003411146 -0.017143844
v 0.002589263 -0.003449856 -0.017004299
v 0.002551228 -0.003477662 -0.016862349
v 0.002512761 -0.003494408 -0.016718789
v 0.002474078 -0.003500000 -0.016574421
v -0.000037329 -0.003500000 -0.017247351
v 0.000001354 -0.003494408 -0.017391718
v 0.000039821 -0.003477662 -0.017535278
v 0.000077856 -0.003449856 -0.017677228
v 0.000115247 -0.003411146 -0.017816774
v 0.000151785 -0.003361747 -0.017953135
v 0.000187266 -0.003301938 -0.018085550
v 0.000221490 -0.003232051 -0.018213277
v 0.000254267 -0.003152478 -0.018335601
v 0.000285413 -0.003063663 -0.018451841
v 0.000314754 -0.002966104 -0.018561344
v 0.000342126 -0.002860345 -0.018663498
v 0.000367377 -0.002746980 -0.018757733
v 0.000390364 -0.002626640 -0.018843521
v 0.000410959 -0.002500000 -0.018920383
v 0.000429047 -0.002367767 -0.018987889
v 0.000444527 -0.002230682 -0.019045661
v 0.000457312 -0.002089510 -0.019093376
v 0.000467331 -0.001945042 -0.019130767
v 0.000474527 -0.001798085 -0.019157625
v 0.000478862 -0.001649460 -0.019173801
v 0.000480309 -0.001500000 -0.019179202
v -0.002289055 -0.003500000 -0.008843796
v -0.000743573 -0.003500000 -0.008429686
v -0.000896784 -0.003500000 -0.007857896
v 0.000069142 -0.003500000 -0.007599077
v 0.002474078 -0.003500000 -0.016574421
v -0.000037329 -0.003500000 -0.017247351
v -0.002806693 -0.001500000 -0.006911944
v -0.002805245 -0.001649460 -0.006917346
v -0.002800911 -0.001798085 -0.006933522
v -0.002793715 -0.001945042 -0.006960380
v -0.002783696 -0.002089510 -0.006997771
v -0.002770911 -0.002230682 -0.007045486
v -0.002755431 -0.002367767 -0.007103258
v -0.002737343 -0.002500000 -0.007170763
v -0.002716747 -0.002626640 -0.007247625
v -0.002693761 -0.002746980 -0.007333414
v -0.002668510 -0.002860345 -0.007427649
v -0.002641138 -0.002966104 -0.007529803
v -0.002611797 -0.003063663 -0.007639306
v -0.002580651 -0.003152478 -0.007755545
v -0.002547874 -0.003232051 -0.007877870
v -0.002513650 -0.003301938 -0.008005597
v -0.002478169 -0.003361747 -0.008138011
v -0.002441631 -0.003411146 -0.008274373
v -0.002404240 -0.003449856 -0.008413919
v -0.002366205 -0.003477662 -0.008555868
v -0.002327738 -0.003494408 -0.008699429
v -0.002289055 -0.003500000 -0.008843796
v -0.000743573 -0.003500000 -0.008429686
v -0.000782257 -0.003494408 -0.008285318
v -0.000820723 -0.003477662 -0.008141758
v -0.000858759 -0.003449856 -0.007999808
v -0.000896150 -0.003411146 -0.007860262
v -0.000932688 -0.003361747 -0.007723901
v -0.000968168 -0.003301938 -0.007591487
v -0.001002393 -0.003232051 -0.007463760
v -0.001035169 -0.003152478 -0.007341435
v -0.001066316 -0.003063663 -0.007225196
v -0.001095657 -0.002966104 -0.007115693
v -0.001123029 -0.002860345 -0.007013538
v -0.001148279 -0.002746980 -0.006919303
v -0.001171266 -0.002626640 -0.006833515
v -0.001191861 -0.002500000 -0.006756653
v -0.001209949 -0.002367767 -0.006689147
v -0.001225429 -0.002230682 -0.006631376
v -0.001238214 -0.002089510 -0.006583661
v -0.001248233 -0.001945042 -0.006546269
v -0.001255430 -0.001798085 -0.006519411
v -0.001259764 -0.001649460 -0.006503236
v -0.001261212 -0.001500000 -0.006497834
v -0.001369385 -0.000625000 -0.002230423
v -0.001381473 -0.000623252 -0.002185308
v -0.001393494 -0.000618019 -0.002140445
v -0.001405380 -0.000609330 -0.002096086
v -0.001417065 -0.000597233 -0.002052478
v -0.001428483 -0.000581796 -0.002009865
v -0.001439571 -0.000563106 -0.001968485
v -0.001450266 -0.000541266 -0.001928571
v -0.001460509 -0.000516399 -0.001890344
v -0.001470242 -0.000488645 -0.001854020
v -0.001479411 -0.000458157 -0.001819800
v -0.001487965 -0.000425108 -0.001787877
v -0.001495855 -0.000389681 -0.001758428
v -0.001503039 -0.000352075 -0.001731619
v -0.001509475 -0.000312500 -0.001707600
v -0.001515127 -0.000271177 -0.001686504
v -0.001519965 -0.000228338 -0.001668451
v -0.001523960 -0.000184222 -0.001653540
v -0.001527091 -0.000139076 -0.001641855
v -0.001529340 -0.000093151 -0.001633462
v -0.001530694 -0.000046706 -0.001628407
v -0.001531147 0.000000000 -0.001626719
v -0.001530694 0.000046706 -0.001628407
v -0.001529340 0.000093151 -0.001633462
v -0.001527091 0.000139076 -0.001641855
v -0.001523960 0.000184222 -0.001653540
v -0.001519965 0.000228338 -0.001668451
v -0.001515127 0.000271177 -0.001686504
v -0.001509475 0.000312500 -0.001707600
v -0.001503039 0.000352075 -0.001731619
v -0.001495855 0.000389681 -0.001758428
v -0.001487965 0.000425108 -0.001787877
v -0.001479411 0.000458157 -0.001819800
v -0.001470242 0.000488645 -0.001854020
v -0.001460509 0.000516399 -0.001890344
v -0.001450266 0.000541266 -0.001928571
v -0.001439571 0.000563106 -0.001968485
v -0.001428483 0.000581796 -0.002009865
v -0.001417065 0.000597233 -0.002052478
v -0.001405380 0.000609330 -0.002096086
v -0.001393494 0.000618019 -0.002140445
v -0.001381473 0.000623252 -0.002185308
v -0.001369385 0.000625000 -0.002230423
v -0.003880792 0.000625000 -0.002903352
v -0.003892880 0.000623252 -0.002858237
v -0.003904901 0.000618019 -0.002813375
v -0.003916787 0.000609330 -0.002769015
v -0.003928472 0.000597233 -0.002725407
v -0.003939890 0.000581796 -0.002682794
v -0.003950978 0.000563106 -0.002641415
v -0.003961673 0.000541266 -0.002601500
v -0.003971916 0.000516399 -0.002563274
v -0.003981649 0.000488645 -0.002526949
v -0.003990818 0.000458157 -0.002492729
v -0.003999372 0.000425108 -0.002460806
v -0.004007262 0.000389681 -0.002431358
v -0.004014446 0.000352075 -0.002404549
v -0.004020882 0.000312500 -0.002380530
v -0.004026534 0.000271177 -0.002359434
v -0.004031372 0.000228338 -0.002341380
v -0.004035367 0.000184222 -0.002326469
v -0.004038498 0.000139076 -0.002314785
v -0.004040747 0.000093151 -0.002306391
v -0.004042102 0.000046706 -0.002301337
v -0.004042554 -0.000000000 -0.002299649
v -0.004042102 -0.000046706 -0.002301337
v -0.004040747 -0.000093151 -0.002306391
v -0.004038498 -0.000139076 -0.002314785
v -0.004035367 -0.000184222 -0.002326469
v -0.004031372 -0.000228338 -0.002341380
v -0.004026534 -0.000271177 -0.002359434
v -0.004020882 -0.000312500 -0.002380530
v -0.004014446 -0.000352075 -0.002404549
v -0.004007262 -0.000389681 -0.002431358
v -0.003999372 -0.000425108 -0.002460806
v -0.003990818 -0.000458157 -0.002492729
v -0.003981649 -0.000488645 -0.002526949
v -0.003971916 -0.000516399 -0.002563274
v -0.003961673 -0.000541266 -0.002601500
v -0.003950978 -0.000563106 -0.002641415
v -0.003939890 -0.000581796 -0.002682794
v -0.003928472 -0.000597233 -0.002725407
v -0.003916787 -0.000609330 -0.002769015
v -0.003904901 -0.000618019 -0.002813375
v -0.003892880 -0.000623252 -0.002858237
v -0.003880792 -0.000625000 -0.002903352
v 0.003289358 -0.000625000 -0.019617088
v 0.003277270 -0.000623252 -0.019571973
v 0.003265249 -0.000618019 -0.019527110
v 0.003253363 -0.000609330 -0.019482751
v 0.003241678 -0.000597233 -0.019439143
v 0.003230260 -0.000581796 -0.019396530
v 0.003219172 -0.000563106 -0.019355150
v 0.003208477 -0.000541266 -0.019315236
v 0.003198234 -0.000516399 -0.019277009
v 0.003188501 -0.000488645 -0.019240684
v 0.003179332 -0.000458157 -0.019206465
v 0.003170778 -0.000425108 -0.019174541
v 0.003162887 -0.000389681 -0.019145093
v 0.003155704 -0.000352075 -0.019118284
v 0.003149268 -0.000312500 -0.019094265
v 0.003143616 -0.000271177 -0.019073169
v 0.003138778 -0.000228338 -0.019055116
v 0.003134783 -0.000184222 -0.019040205
v 0.003131652 -0.000139076 -0.019028520
v 0.003129403 -0.000093151 -0.019020127
v 0.003128048 -0.000046706 -0.019015072
v 0.003127596 0.000000000 -0.019013384
v 0.003128048 0.000046706 -0.019015072
v 0.003129403 0.000093151 -0.019020127
v 0.003131652 0.000139076 -0.019028520
v 0.003134783 0.000184222 -0.019040205
v 0.003138778 0.000228338 -0.019055116
v 0.003143616 0.000271177 -0.019073169
v 0.003149268 0.000312500 -0.019094265
v 0.003155704 0.000352075 -0.019118284
v 0.003162887 0.000389681 -0.019145093
v 0.003170778 0.000425108 -0.019174541
v 0.003179332 0.000458157 -0.019206465
v 0.003188501 0.000488645 -0.019240684
v 0.003198234 0.000516399 -0.019277009
v 0.003208477 0.000541266 -0.019315236
v 0.003219172 0.000563106 -0.019355150
v 0.003230260 0.000581796 -0.019396530
v 0.003241678 0.000597233 -0.019439143
v 0.003253363 0.000609330 -0.019482751
v 0.003265249 0.000618019 -0.019527110
v 0.003277270 0.000623252 -0.019571973
v 0.003289358 0.000625000 -0.019617088
v 0.000777951 0.000625000 -0.020290017
v 0.000765862 0.000623252 -0.020244902
v 0.000753842 0.000618019 -0.020200040
v 0.000741955 0.000609330 -0.020155680
v 0.000730271 0.000597233 -0.020112072
v 0.000718853 0.000581796 -0.020069459
v 0.000707765 0.000563106 -0.020028080
v 0.000697070 0.000541266 -0.019988165
v 0.000686827 0.000516399 -0.019949939
v 0.000677094 0.000488645 -0.019913614
v 0.000667925 0.000458157 -0.019879394
v 0.000659371 0.000425108 -0.019847471
v 0.000651480 0.000389681 -0.019818023
v 0.000644297 0.000352075 -0.019791214
v 0.000637861 0.000312500 -0.019767194
v 0.000632208 0.000271177 -0.019746099
v 0.000627371 0.000228338 -0.019728045
v 0.000623376 0.000184222 -0.019713134
v 0.000620245 0.000139076 -0.019701450
v 0.000617996 0.000093151 -0.019693056
v 0.000616641 0.000046706 -0.019688001
v 0.000616189 -0.000000000 -0.019686313
v 0.000616641 -0.000046706 -0.019688001
v 0.000617996 -0.000093151 -0.019693056
v 0.000620245 -0.000139076 -0.019701450
v 0.000623376 -0.000184222 -0.019713134
v 0.000627371 -0.000228338 -0.019728045
v 0.000632208 -0.000271177 -0.019746099
v 0.000637861 -0.000312500 -0.019767194
v 0.000644297 -0.000352075 -0.019791214
v 0.000651480 -0.000389681 -0.019818023
v 0.000659371 -0.000425108 -0.019847471
v 0.000667925 -0.000458157 -0.019879394
v 0.000677094 -0.000488645 -0.019913614
v 0.000686827 -0.000516399 -0.019949939
v 0.000697070 -0.000541266 -0.019988165
v 0.000707765 -0.000563106 -0.020028080
v 0.000718853 -0.000581796 -0.020069459
v 0.000730271 -0.000597233 -0.020112072
v 0.000741955 -0.000609330 -0.020155680
v 0.000753842 -0.000618019 -0.020200040
v 0.000765862 -0.000623252 -0.020244902
v 0.000777951 -0.000625000 -0.020290017
v -0.037367791 0.000000000 -0.029409626
v -0.037363177 0.000123305 -0.029409626
v -0.037349361 0.000245920 -0.029409626
v -0.037326422 0.000367160 -0.029409626
v -0.037294486 0.000486346 -0.029409626
v -0.037253732 0.000602813 -0.029409626
v -0.037204389 0.000715908 -0.029409626
v -0.037146732 0.000825000 -0.029409626
v -0.037081085 0.000929478 -0.029409626
v -0.037007813 0.001028758 -0.029409626
v -0.036927326 0.001122285 -0.029409626
v -0.036840076 0.001209536 -0.029409626
v -0.036746549 0.001290022 -0.029409626
v -0.036647269 0.001363294 -0.029409626
v -0.036542791 0.001428942 -0.029409626
v -0.036433699 0.001486599 -0.029409626
v -0.036320603 0.001535942 -0.029409626
v -0.036204137 0.001576695 -0.029409626
v -0.036084950 0.001608631 -0.029409626
v -0.035963710 0.001631571 -0.029409626
v -0.035841095 0.001645386 -0.029409626
v -0.035717791 0.001650000 -0.029409626
v -0.035594486 0.001645386 -0.029409626
v -0.035471871 0.001631571 -0.029409626
v -0.035350631 0.001608631 -0.029409626
v -0.035231445 0.001576695 -0.029409626
v -0.035114978 0.001535942 -0.029409626
v -0.035001882 0.001486599 -0.029409626
v -0.034892791 0.001428942 -0.029409626
v -0.034788312 0.001363294 -0.029409626
v -0.034689032 0.001290022 -0.029409626
v -0.034595506 0.001209536 -0.029409626
v -0.034508255 0.001122285 -0.029409626
v -0.034427769 0.001028758 -0.029409626
v -0.034354497 0.000929478 -0.029409626
v -0.034288849 0.000825000 -0.029409626
v -0.034231192 0.000715908 -0.029409626
v -0.034181849 0.000602813 -0.029409626
v -0.034141095 0.000486346 -0.029409626
v -0.034109160 0.000367160 -0.029409626
v -0.034086220 0.000245920 -0.029409626
v -0.034072404 0.000123305 -0.029409626
v -0.034067791 0.000000000 -0.029409626
v -0.037367791 -0.000000000 -0.022049665
v -0.034067791 -0.000000000 -0.024394431
v -0.034072363 0.000123095 -0.024394039
v -0.034086002 0.000244645 -0.024392807
v -0.034108593 0.000364668 -0.024390654
v -0.034136639 0.000471493 -0.024387818
v -0.034168038 0.000566176 -0.024384402
v -0.034204978 0.000658661 -0.024380054
v -0.034247218 0.000748243 -0.024374659
v -0.034294816 0.000834995 -0.024368037
v -0.034347550 0.000918731 -0.024360014
v -0.034405112 0.000999125 -0.024350429
v -0.034467198 0.001075852 -0.024339117
v -0.034533501 0.001148585 -0.024325917
v -0.034603714 0.001216998 -0.024310664
v -0.034677532 0.001280766 -0.024293196
v -0.034754923 0.001339865 -0.024273264
v -0.034835533 0.001394234 -0.024250743
v -0.034918566 0.001443485 -0.024225655
v -0.035003256 0.001487259 -0.024198014
v -0.035089425 0.001525667 -0.024167707
v -0.035176945 0.001558842 -0.024134638
v -0.035265569 0.001586820 -0.024098740
v -0.035354834 0.001609591 -0.024060048
v -0.035443654 0.001627090 -0.024018945
v -0.035531882 0.001639509 -0.023975458
v -0.035619481 0.001647069 -0.023929562
v -0.035706413 0.001649945 -0.023881216
v -0.035792381 0.001648282 -0.023830565
v -0.035876909 0.001642295 -0.023777911
v -0.035959531 0.001632195 -0.023723552
v -0.036040281 0.001618167 -0.023667469
v -0.036119219 0.001600395 -0.023609708
v -0.036196222 0.001579071 -0.023550447
v -0.036295675 0.001545446 -0.023469410
v -0.036402832 0.001501050 -0.023375969
v -0.036504594 0.001450325 -0.023280700
v -0.036601199 0.001393625 -0.023183681
v -0.036692945 0.001331081 -0.023085060
v -0.036779726 0.001262923 -0.022985351
v -0.036861440 0.001189384 -0.022885072
v -0.036937980 0.001110701 -0.022784739
v -0.037009235 0.001027352 -0.022684949
v -0.037075165 0.000938918 -0.022586473
v -0.037135757 0.000844551 -0.022490110
v -0.037190998 0.000743406 -0.022396655
v -0.037240856 0.000634657 -0.022306939
v -0.037276720 0.000540780 -0.022238775
v -0.037302977 0.000458097 -0.022186795
v -0.037321592 0.000387751 -0.022148785
v -0.037336126 0.000321664 -0.022118369
v -0.037347107 0.000260225 -0.022094971
v -0.037355137 0.000203546 -0.022077609
v -0.037360768 0.000151542 -0.022065283
v -0.037364713 0.000100199 -0.022056554
v -0.037367010 0.000050370 -0.022051423
v -0.037367594 0.000025247 -0.022050109
v -0.048217791 -0.000000000 -0.005509626
v -0.048217791 0.000082203 -0.005506551
v -0.048217791 0.000163946 -0.005497340
v -0.048217791 0.000244773 -0.005482047
v -0.048217791 0.000324231 -0.005460757
v -0.048217791 0.000401875 -0.005433588
v -0.048217791 0.000477272 -0.005400692
v -0.048217791 0.000550000 -0.005362254
v -0.048217791 0.000619652 -0.005318489
v -0.048217791 0.000685839 -0.005269641
v -0.048217791 0.000748190 -0.005215984
v -0.048217791 0.000806357 -0.005157816
v -0.048217791 0.000860015 -0.005095465
v -0.048217791 0.000908863 -0.005029279
v -0.048217791 0.000952628 -0.004959626
v -0.048217791 0.000991066 -0.004886899
v -0.048217791 0.001023961 -0.004811502
v -0.048217791 0.001051130 -0.004733857
v -0.048217791 0.001072421 -0.004654399
v -0.048217791 0.001087714 -0.004573573
v -0.048217791 0.001096924 -0.004491830
v -0.048217791 0.001100000 -0.004409626
v -0.048217791 0.001096924 -0.004327423
v -0.048217791 0.001087714 -0.004245680
v -0.048217791 0.001072421 -0.004164853
v -0.048217791 0.001051130 -0.004085396
v -0.048217791 0.001023961 -0.004007751
v -0.048217791 0.000991066 -0.003932354
v -0.048217791 0.000952628 -0.003859626
v -0.048217791 0.000908863 -0.003789974
v -0.048217791 0.000860015 -0.003723788
v -0.048217791 0.000806357 -0.003661436
v -0.048217791 0.000748190 -0.003603269
v -0.048217791 0.000685839 -0.003549612
v -0.048217791 0.000619652 -0.003500764
v -0.048217791 0.000550000 -0.003456998
v -0.048217791 0.000477272 -0.003418561
v -0.048217791 0.000401875 -0.003385665
v -0.048217791 0.000324231 -0.003358496
v -0.048217791 0.000244773 -0.003337206
v -0.048217791 0.000163946 -0.003321913
v -0.048217791 0.000082203 -0.003312702
v -0.048217791 -0.000000000 -0.003309626
v -0.045217791 0.000000000 -0.003309626
v -0.045217791 0.000082203 -0.003312702
v -0.045217791 0.000163946 -0.003321913
v -0.045217791 0.000244773 -0.003337206
v -0.045217791 0.000324231 -0.003358496
v -0.045217791 0.000401875 -0.003385665
v -0.045217791 0.000477272 -0.003418561
v -0.045217791 0.000550000 -0.003456998
v -0.045217791 0.000619652 -0.003500764
v -0.045217791 0.000685839 -0.003549612
v -0.045217791 0.000748190 -0.003603269
v -0.045217791 0.000806357 -0.003661436
v -0.045217791 0.000860015 -0.003723788
v -0.045217791 0.000908863 -0.003789974
v -0.045217791 0.000952628 -0.003859626
v -0.045217791 0.000991066 -0.003932354
v -0.045217791 0.001023961 -0.004007751
v -0.045217791 0.001051130 -0.004085396
v -0.045217791 0.001072421 -0.004164853
v -0.045217791 0.001087714 -0.004245680
v -0.045217791 0.001096924 -0.004327423
v -0.045217791 0.001100000 -0.004409626
v -0.045217791 0.001096924 -0.004491830
v -0.045217791 0.001087714 -0.004573573
v -0.045217791 0.001072421 -0.004654399
v -0.045217791 0.001051130 -0.004733857
v -0.045217791 0.001023961 -0.004811502
v -0.045217791 0.000991066 -0.004886899
v -0.045217791 0.000952628 -0.004959626
v -0.045217791 0.000908863 -0.005029279
v -0.045217791 0.000860015 -0.005095465
v -0.045217791 0.000806357 -0.005157816
v -0.045217791 0.000748190 -0.005215984
v -0.045217791 0.000685839 -0.005269641
v -0.045217791 0.000619652 -0.005318489
v -0.045217791 0.000550000 -0.005362254
v -0.045217791 0.000477272 -0.005400692
v -0.045217791 0.000401875 -0.005433588
v -0.045217791 0.000324231 -0.005460757
v -0.045217791 0.000244773 -0.005482047
v -0.045217791 0.000163946 -0.005497340
v -0.045217791 0.000082203 -0.005506551
v -0.045217791 0.000000000 -0.005509626
v -0.048217791 0.000000000 0.006490374
v -0.048217791 0.000082203 0.006493449
v -0.048217791 0.000163946 0.006502660
v -0.048217791 0.000244773 0.006517953
v -0.048217791 0.000324231 0.006539243
v -0.048217791 0.000401875 0.006566412
v -0.048217791 0.000477272 0.006599308
v -0.048217791 0.000550000 0.006637746
v -0.048217791 0.000619652 0.006681511
v -0.048217791 0.000685839 0.006730359
v -0.048217791 0.000748190 0.006784016
v -0.048217791 0.000806357 0.006842184
v -0.048217791 0.000860015 0.006904535
v -0.048217791 0.000908863 0.006970721
v -0.048217791 0.000952628 0.007040374
v -0.048217791 0.000991066 0.007113101
v -0.048217791 0.001023961 0.007188498
v -0.048217791 0.001051130 0.007266143
v -0.048217791 0.001072421 0.007345601
v -0.048217791 0.001087714 0.007426427
v -0.048217791 0.001096924 0.007508170
v -0.048217791 0.001100000 0.007590374
v -0.048217791 0.001096924 0.007672577
v -0.048217791 0.001087714 0.007754320
v -0.048217791 0.001072421 0.007835147
v -0.048217791 0.001051130 0.007914604
v -0.048217791 0.001023961 0.007992249
v -0.048217791 0.000991066 0.008067646
v -0.048217791 0.000952628 0.008140374
v -0.048217791 0.000908863 0.008210026
v -0.048217791 0.000860015 0.008276212
v -0.048217791 0.000806357 0.008338564
v -0.048217791 0.000748190 0.008396731
v -0.048217791 0.000685839 0.008450388
v -0.048217791 0.000619652 0.008499236
v -0.048217791 0.000550000 0.008543002
v -0.048217791 0.000477272 0.008581439
v -0.048217791 0.000401875 0.008614335
v -0.048217791 0.000324231 0.008641504
v -0.048217791 0.000244773 0.008662794
v -0.048217791 0.000163946 0.008678087
v -0.048217791 0.000082203 0.008687298
v -0.048217791 -0.000000000 0.008690374
v -0.045217791 0.000000000 0.008690374
v -0.045217791 0.000082203 0.008687298
v -0.045217791 0.000163946 0.008678087
v -0.045217791 0.000244773 0.008662794
v -0.045217791 0.000324231 0.008641504
v -0.045217791 0.000401875 0.008614335
v -0.045217791 0.000477272 0.008581439
v -0.045217791 0.000550000 0.008543002
v -0.045217791 0.000619652 0.008499236
v -0.045217791 0.000685839 0.008450388
v -0.045217791 0.000748190 0.008396731
v -0.045217791 0.000806357 0.008338564
v -0.045217791 0.000860015 0.008276212
v -0.045217791 0.000908863 0.008210026
v -0.045217791 0.000952628 0.008140374
v -0.045217791 0.000991066 0.008067646
v -0.045217791 0.001023961 0.007992249
v -0.045217791 0.001051130 0.007914604
v -0.045217791 0.001072421 0.007835147
v -0.045217791 0.001087714 0.007754320
v -0.045217791 0.001096924 0.007672577
v -0.045217791 0.001100000 0.007590374
v -0.045217791 0.001096924 0.007508170
v -0.045217791 0.001087714 0.007426427
v -0.045217791 0.001072421 0.007345601
v -0.045217791 0.001051130 0.007266143
v -0.045217791 0.001023961 0.007188498
v -0.045217791 0.000991066 0.007113101
v -0.045217791 0.000952628 0.007040374
v -0.045217791 0.000908863 0.006970721
v -0.045217791 0.000860015 0.006904535
v -0.045217791 0.000806357 0.006842184
v -0.045217791 0.000748190 0.006784016
v -0.045217791 0.000685839 0.006730359
v -0.045217791 0.000619652 0.006681511
v -0.045217791 0.000550000 0.006637746
v -0.045217791 0.000477272 0.006599308
v -0.045217791 0.000401875 0.006566412
v -0.045217791 0.000324231 0.006539243
v -0.045217791 0.000244773 0.006517953
v -0.045217791 0.000163946 0.006502660
v -0.045217791 0.000082203 0.006493449
v -0.045217791 0.000000000 0.006490374
v -0.048717791 -0.000000000 -0.012559626
v -0.048717791 0.000123305 -0.012555013
v -0.048717791 0.000245920 -0.012541197
v -0.048717791 0.000367160 -0.012518257
v -0.048717791 0.000486346 -0.012486322
v -0.048717791 0.000602813 -0.012445568
v -0.048717791 0.000715908 -0.012396225
v -0.048717791 0.000825000 -0.012338568
v -0.048717791 0.000929478 -0.012272920
v -0.048717791 0.001028758 -0.012199648
v -0.048717791 0.001122285 -0.012119162
v -0.048717791 0.001209536 -0.012031911
v -0.048717791 0.001290022 -0.011938385
v -0.048717791 0.001363294 -0.011839105
v -0.048717791 0.001428942 -0.011734626
v -0.048717791 0.001486599 -0.011625535
v -0.048717791 0.001535942 -0.011512439
v -0.048717791 0.001576695 -0.011395972
v -0.048717791 0.001608631 -0.011276786
v -0.048717791 0.001631571 -0.011155546
v -0.048717791 0.001645386 -0.011032931
v -0.048717791 0.001650000 -0.010909626
v -0.048717791 0.001645386 -0.010786322
v -0.048717791 0.001631571 -0.010663707
v -0.048717791 0.001608631 -0.010542467
v -0.048717791 0.001576695 -0.010423280
v -0.048717791 0.001535942 -0.010306814
v -0.048717791 0.001486599 -0.010193718
v -0.048717791 0.001428942 -0.010084626
v -0.048717791 0.001363294 -0.009980148
v -0.048717791 0.001290022 -0.009880868
v -0.048717791 0.001209536 -0.009787341
v -0.048717791 0.001122285 -0.009700091
v -0.048717791 0.001028758 -0.009619604
v -0.048717791 0.000929478 -0.009546332
v -0.048717791 0.000825000 -0.009480685
v -0.048717791 0.000715908 -0.009423028
v -0.048717791 0.000602813 -0.009373685
v -0.048717791 0.000486346 -0.009332931
v -0.048717791 0.000367160 -0.009300995
v -0.048717791 0.000245920 -0.009278056
v -0.048717791 0.000123305 -0.009264240
v -0.048717791 -0.000000000 -0.009259626
v -0.045217791 -0.000000000 -0.009259626
v -0.045217791 0.000123305 -0.009264240
v -0.045217791 0.000245920 -0.009278056
v -0.045217791 0.000367160 -0.009300995
v -0.045217791 0.000486346 -0.009332931
v -0.045217791 0.000602813 -0.009373685
v -0.045217791 0.000715908 -0.009423028
v -0.045217791 0.000825000 -0.009480685
v -0.045217791 0.000929478 -0.009546332
v -0.045217791 0.001028758 -0.009619604
v -0.045217791 0.001122285 -0.009700091
v -0.045217791 0.001209536 -0.009787341
v -0.045217791 0.001290022 -0.009880868
v -0.045217791 0.001363294 -0.009980148
v -0.045217791 0.001428942 -0.010084626
v -0.045217791 0.001486599 -0.010193718
v -0.045217791 0.001535942 -0.010306814
v -0.045217791 0.001576695 -0.010423280
v -0.045217791 0.001608631 -0.010542467
v -0.045217791 0.001631571 -0.010663707
v -0.045217791 0.001645386 -0.010786322
v -0.045217791 0.001650000 -0.010909626
v -0.045217791 0.001645386 -0.011032931
v -0.045217791 0.001631571 -0.011155546
v -0.045217791 0.001608631 -0.011276786
v -0.045217791 0.001576695 -0.011395972
v -0.045217791 0.001535942 -0.011512439
v -0.045217791 0.001486599 -0.011625535
v -0.045217791 0.001428942 -0.011734626
v -0.045217791 0.001363294 -0.011839105
v -0.045217791 0.001290022 -0.011938385
v -0.045217791 0.001209536 -0.012031911
v -0.045217791 0.001122285 -0.012119162
v -0.045217791 0.001028758 -0.012199648
v -0.045217791 0.000929478 -0.012272920
v -0.045217791 0.000825000 -0.012338568
v -0.045217791 0.000715908 -0.012396225
v -0.045217791 0.000602813 -0.012445568
v -0.045217791 0.000486346 -0.012486322
v -0.045217791 0.000367160 -0.012518257
v -0.045217791 0.000245920 -0.012541197
v -0.045217791 0.000123305 -0.012555013
v -0.045217791 -0.000000000 -0.012559626
v -0.048717791 0.000000000 0.012440374
v -0.048717791 0.000123305 0.012444987
v -0.048717791 0.000245920 0.012458803
v -0.048717791 0.000367160 0.012481743
v -0.048717791 0.000486346 0.012513678
v -0.048717791 0.000602813 0.012554432
v -0.048717791 0.000715908 0.012603775
v -0.048717791 0.000825000 0.012661432
v -0.048717791 0.000929478 0.012727080
v -0.048717791 0.001028758 0.012800352
v -0.048717791 0.001122285 0.012880838
v -0.048717791 0.001209536 0.012968089
v -0.048717791 0.001290022 0.013061615
v -0.048717791 0.001363294 0.013160895
v -0.048717791 0.001428942 0.013265374
v -0.048717791 0.001486599 0.013374465
v -0.048717791 0.001535942 0.013487561
v -0.048717791 0.001576695 0.013604028
v -0.048717791 0.001608631 0.013723214
v -0.048717791 0.001631571 0.013844454
v -0.048717791 0.001645386 0.013967069
v -0.048717791 0.001650000 0.014090374
v -0.048717791 0.001645386 0.014213678
v -0.048717791 0.001631571 0.014336293
v -0.048717791 0.001608631 0.014457533
v -0.048717791 0.001576695 0.014576720
v -0.048717791 0.001535942 0.014693186
v -0.048717791 0.001486599 0.014806282
v -0.048717791 0.001428942 0.014915374
v -0.048717791 0.001363294 0.015019852
v -0.048717791 0.001290022 0.015119132
v -0.048717791 0.001209536 0.015212659
v -0.048717791 0.001122285 0.015299909
v -0.048717791 0.001028758 0.015380396
v -0.048717791 0.000929478 0.015453668
v -0.048717791 0.000825000 0.015519315
v -0.048717791 0.000715908 0.015576972
v -0.048717791 0.000602813 0.015626315
v -0.048717791 0.000486346 0.015667069
v -0.048717791 0.000367160 0.015699005
v -0.048717791 0.000245920 0.015721944
v -0.048717791 0.000123305 0.015735760
v -0.048717791 0.000000000 0.015740374
v -0.045217791 0.000000000 0.015740374
v -0.045217791 0.000123305 0.015735760
v -0.045217791 0.000245920 0.015721944
v -0.045217791 0.000367160 0.015699005
v -0.045217791 0.000486346 0.015667069
v -0.045217791 0.000602813 0.015626315
v -0.045217791 0.000715908 0.015576972
v -0.045217791 0.000825000 0.015519315
v -0.045217791 0.000929478 0.015453668
v -0.045217791 0.001028758 0.015380396
v -0.045217791 0.001122285 0.015299909
v -0.045217791 0.001209536 0.015212659
v -0.045217791 0.001290022 0.015119132
v -0.045217791 0.001363294 0.015019852
v -0.045217791 0.001428942 0.014915374
v -0.045217791 0.001486599 0.014806282
v -0.045217791 0.001535942 0.014693186
v -0.045217791 0.001576695 0.014576720
v -0.045217791 0.001608631 0.014457533
v -0.045217791 0.001631571 0.014336293
v -0.045217791 0.001645386 0.014213678
v -0.045217791 0.001650000 0.014090374
v -0.045217791 0.001645386 0.013967069
v -0.045217791 0.001631571 0.013844454
v -0.045217791 0.001608631 0.013723214
v -0.045217791 0.001576695 0.013604028
v -0.045217791 0.001535942 0.013487561
v -0.045217791 0.001486599 0.013374465
v -0.045217791 0.001428942 0.013265374
v -0.045217791 0.001363294 0.013160895
v -0.045217791 0.001290022 0.013061615
v -0.045217791 0.001209536 0.012968089
v -0.045217791 0.001122285 0.012880838
v -0.045217791 0.001028758 0.012800352
v -0.045217791 0.000929478 0.012727080
v -0.045217791 0.000825000 0.012661432
v -0.045217791 0.000715908 0.012603775
v -0.045217791 0.000602813 0.012554432
v -0.045217791 0.000486346 0.012513678
v -0.045217791 0.000367160 0.012481743
v -0.045217791 0.000245920 0.012458803
v -0.045217791 0.000123305 0.012444987
v -0.045217791 0.000000000 0.012440374
v -0.047217791 0.002500000 0.039090374
v -0.047217791 0.007500000 0.039090374
v -0.050217791 0.007500000 0.036090374
v -0.050217791 0.002500000 0.036090374
v -0.050217791 0.002500000 0.036090374
v -0.047217791 0.002500000 0.039090374
v -0.050217791 0.002500000 0.042847733
v -0.050210147 0.002500000 0.043061750
v -0.050187255 0.002500000 0.043274677
v -0.050149231 0.002500000 0.043485429
v -0.050096269 0.002500000 0.043692931
v -0.050028640 0.002500000 0.043896125
v -0.049946687 0.002500000 0.044093978
v -0.049850828 0.002500000 0.044285480
v -0.049741551 0.002500000 0.044469655
v -0.049619414 0.002500000 0.044645566
v -0.049485039 0.002500000 0.044812315
v -0.049339111 0.002500000 0.044969053
v -0.036096470 0.002500000 0.058211694
v -0.035939732 0.002500000 0.058357622
v -0.035772983 0.002500000 0.058491997
v -0.035597072 0.002500000 0.058614134
v -0.035412897 0.002500000 0.058723411
v -0.035221395 0.002500000 0.058819270
v -0.035023542 0.002500000 0.058901223
v -0.034820348 0.002500000 0.058968852
v -0.034612846 0.002500000 0.059021814
v -0.034402094 0.002500000 0.059059838
v -0.034189167 0.002500000 0.059082730
v -0.033975150 0.002500000 0.059090374
v -0.026689363 0.002500000 0.059090374
v -0.026832042 0.002500000 0.059085278
v -0.026973993 0.002500000 0.059070016
v -0.027114494 0.002500000 0.059044667
v -0.027252829 0.002500000 0.059009360
v -0.027388292 0.002500000 0.058964273
v -0.027520193 0.002500000 0.058909638
v -0.027647861 0.002500000 0.058845732
v -0.027770645 0.002500000 0.058772881
v -0.027887919 0.002500000 0.058691456
v -0.027999085 0.002500000 0.058601873
v -0.028103577 0.002500000 0.058504587
v -0.029632004 0.002500000 0.056976160
v -0.029729290 0.002500000 0.056871668
v -0.029818873 0.002500000 0.056760502
v -0.029900298 0.002500000 0.056643228
v -0.029973149 0.002500000 0.056520444
v -0.030037055 0.002500000 0.056392776
v -0.030091690 0.002500000 0.056260875
v -0.030136777 0.002500000 0.056125412
v -0.030172084 0.002500000 0.055987077
v -0.030197433 0.002500000 0.055846576
v -0.030212695 0.002500000 0.055704625
v -0.030217791 0.002500000 0.055561946
v -0.030217791 0.002500000 0.049090374
v -0.030224214 0.002500000 0.049286583
v -0.030243456 0.002500000 0.049481952
v -0.030275435 0.002500000 0.049675645
v -0.030320013 0.002500000 0.049866831
v -0.030384088 0.002500000 0.050075325
v -0.030463142 0.002500000 0.050278613
v -0.030556758 0.002500000 0.050475619
v -0.030664441 0.002500000 0.050665303
v -0.030785620 0.002500000 0.050846662
v -0.030919657 0.002500000 0.051018736
v -0.031065842 0.002500000 0.051180617
v -0.031223403 0.002500000 0.051331449
v -0.031391506 0.002500000 0.051470434
v -0.031569264 0.002500000 0.051596837
v -0.031755735 0.002500000 0.051709991
v -0.031949936 0.002500000 0.051809297
v -0.032150838 0.002500000 0.051894230
v -0.032357381 0.002500000 0.051964342
v -0.032568472 0.002500000 0.052019262
v -0.032782995 0.002500000 0.052058698
v -0.032999817 0.002500000 0.052082444
v -0.033217791 0.002500000 0.052090374
v -0.037439616 0.002500000 0.052090374
v -0.037653634 0.002500000 0.052082730
v -0.037866560 0.002500000 0.052059838
v -0.038077312 0.002500000 0.052021814
v -0.038284814 0.002500000 0.051968852
v -0.038488009 0.002500000 0.051901223
v -0.038685861 0.002500000 0.051819270
v -0.038877363 0.002500000 0.051723411
v -0.039061538 0.002500000 0.051614134
v -0.039237449 0.002500000 0.051491997
v -0.039404198 0.002500000 0.051357622
v -0.039560936 0.002500000 0.051211694
v -0.043442133 0.002500000 0.047330497
v -0.043590261 0.002500000 0.047171217
v -0.043726459 0.002500000 0.047001624
v -0.043850011 0.002500000 0.046822608
v -0.043960266 0.002500000 0.046635110
v -0.044056647 0.002500000 0.046440116
v -0.044138646 0.002500000 0.046238651
v -0.044205832 0.002500000 0.046031775
v -0.045095089 0.002500000 0.042912972
v -0.045143967 0.002500000 0.042716671
v -0.045179505 0.002500000 0.042517521
v -0.045201541 0.002500000 0.042316430
v -0.045209975 0.002500000 0.042114310
v -0.045204767 0.002500000 0.041912082
v -0.045185943 0.002500000 0.041710664
v -0.045153587 0.002500000 0.041510973
v -0.045107848 0.002500000 0.041313916
v -0.045043773 0.002500000 0.041105422
v -0.044964718 0.002500000 0.040902134
v -0.044871103 0.002500000 0.040705128
v -0.044763420 0.002500000 0.040515444
v -0.044642240 0.002500000 0.040334085
v -0.044508203 0.002500000 0.040162011
v -0.044362018 0.002500000 0.040000130
v -0.044204458 0.002500000 0.039849298
v -0.044036354 0.002500000 0.039710314
v -0.043858597 0.002500000 0.039583910
v -0.043672125 0.002500000 0.039470756
v -0.043477925 0.002500000 0.039371450
v -0.043277022 0.002500000 0.039286517
v -0.043070480 0.002500000 0.039216405
v -0.042859389 0.002500000 0.039161486
v -0.042644866 0.002500000 0.039122049
v -0.042428044 0.002500000 0.039098303
v -0.042210070 0.002500000 0.039090374
v -0.034310383 0.002500000 0.055413897
v -0.034337936 0.002500000 0.055503222
v -0.034372088 0.002500000 0.055590239
v -0.034412646 0.002500000 0.055674459
v -0.034459385 0.002500000 0.055755414
v -0.034512043 0.002500000 0.055832649
v -0.034570326 0.002500000 0.055905733
v -0.034633907 0.002500000 0.055974257
v -0.034702431 0.002500000 0.056037838
v -0.034775515 0.002500000 0.056096121
v -0.034852750 0.002500000 0.056148779
v -0.034933705 0.002500000 0.056195518
v -0.035017926 0.002500000 0.056236076
v -0.035104942 0.002500000 0.056270228
v -0.035194267 0.002500000 0.056297781
v -0.035285401 0.002500000 0.056318582
v -0.035377835 0.002500000 0.056332514
v -0.035471052 0.002500000 0.056339499
v -0.035564530 0.002500000 0.056339499
v -0.035657746 0.002500000 0.056332514
v -0.035750180 0.002500000 0.056318582
v -0.035841314 0.002500000 0.056297781
v -0.035930639 0.002500000 0.056270228
v -0.036017656 0.002500000 0.056236076
v -0.036101876 0.002500000 0.056195518
v -0.036182831 0.002500000 0.056148779
v -0.036260066 0.002500000 0.056096121
v -0.036333150 0.002500000 0.056037838
v -0.036401674 0.002500000 0.055974257
v -0.036465255 0.002500000 0.055905733
v -0.036523538 0.002500000 0.055832649
v -0.036576196 0.002500000 0.055755414
v -0.036622935 0.002500000 0.055674459
v -0.036663493 0.002500000 0.055590239
v -0.036697645 0.002500000 0.055503222
v -0.036725198 0.002500000 0.055413897
v -0.036745999 0.002500000 0.055322763
v -0.036759931 0.002500000 0.055230329
v -0.036766916 0.002500000 0.055137113
v -0.036766916 0.002500000 0.055043635
v -0.036759931 0.002500000 0.054950418
v -0.036745999 0.002500000 0.054857984
v -0.036725198 0.002500000 0.054766850
v -0.036697645 0.002500000 0.054677525
v -0.036663493 0.002500000 0.054590509
v -0.036622935 0.002500000 0.054506288
v -0.036576196 0.002500000 0.054425333
v -0.036523538 0.002500000 0.054348098
v -0.036465255 0.002500000 0.054275014
v -0.036401674 0.002500000 0.054206490
v -0.036333150 0.002500000 0.054142909
v -0.036260066 0.002500000 0.054084626
v -0.036182831 0.002500000 0.054031968
v -0.036101876 0.002500000 0.053985229
v -0.036017656 0.002500000 0.053944671
v -0.035930639 0.002500000 0.053910519
v -0.035841314 0.002500000 0.053882966
v -0.035750180 0.002500000 0.053862165
v -0.035657746 0.002500000 0.053848233
v -0.035564530 0.002500000 0.053841248
v -0.035471052 0.002500000 0.053841248
v -0.035377835 0.002500000 0.053848233
v -0.035285401 0.002500000 0.053862165
v -0.035194267 0.002500000 0.053882966
v -0.035104942 0.002500000 0.053910519
v -0.035017926 0.002500000 0.053944671
v -0.034933705 0.002500000 0.053985229
v -0.034852750 0.002500000 0.054031968
v -0.034775515 0.002500000 0.054084626
v -0.034702431 0.002500000 0.054142909
v -0.034633907 0.002500000 0.054206490
v -0.034570326 0.002500000 0.054275014
v -0.034512043 0.002500000 0.054348098
v -0.034459385 0.002500000 0.054425333
v -0.034412646 0.002500000 0.054506288
v -0.034372088 0.002500000 0.054590509
v -0.034337936 0.002500000 0.054677525
v -0.034310383 0.002500000 0.054766850
v -0.034289582 0.002500000 0.054857984
v -0.034275650 0.002500000 0.054950418
v -0.034268665 0.002500000 0.055043635
v -0.034268665 0.002500000 0.055137113
v -0.034275650 0.002500000 0.055230329
v -0.034289582 0.002500000 0.055322763
v -0.046310383 0.002500000 0.043413897
v -0.046337936 0.002500000 0.043503222
v -0.046372088 0.002500000 0.043590239
v -0.046412646 0.002500000 0.043674459
v -0.046459385 0.002500000 0.043755414
v -0.046512043 0.002500000 0.043832649
v -0.046570326 0.002500000 0.043905733
v -0.046633907 0.002500000 0.043974257
v -0.046702431 0.002500000 0.044037838
v -0.046775515 0.002500000 0.044096121
v -0.046852750 0.002500000 0.044148779
v -0.046933705 0.002500000 0.044195518
v -0.047017926 0.002500000 0.044236076
v -0.047104942 0.002500000 0.044270228
v -0.047194267 0.002500000 0.044297781
v -0.047285401 0.002500000 0.044318582
v -0.047377835 0.002500000 0.044332514
v -0.047471052 0.002500000 0.044339499
v -0.047564530 0.002500000 0.044339499
v -0.047657746 0.002500000 0.044332514
v -0.047750180 0.002500000 0.044318582
v -0.047841314 0.002500000 0.044297781
v -0.047930639 0.002500000 0.044270228
v -0.048017656 0.002500000 0.044236076
v -0.048101876 0.002500000 0.044195518
v -0.048182831 0.002500000 0.044148779
v -0.048260066 0.002500000 0.044096121
v -0.048333150 0.002500000 0.044037838
v -0.048401674 0.002500000 0.043974257
v -0.048465255 0.002500000 0.043905733
v -0.048523538 0.002500000 0.043832649
v -0.048576196 0.002500000 0.043755414
v -0.048622935 0.002500000 0.043674459
v -0.048663493 0.002500000 0.043590239
v -0.048697645 0.002500000 0.043503222
v -0.048725198 0.002500000 0.043413897
v -0.048745999 0.002500000 0.043322763
v -0.048759931 0.002500000 0.043230329
v -0.048766916 0.002500000 0.043137113
v -0.048766916 0.002500000 0.043043635
v -0.048759931 0.002500000 0.042950418
v -0.048745999 0.002500000 0.042857984
v -0.048725198 0.002500000 0.042766850
v -0.048697645 0.002500000 0.042677525
v -0.048663493 0.002500000 0.042590509
v -0.048622935 0.002500000 0.042506288
v -0.048576196 0.002500000 0.042425333
v -0.048523538 0.002500000 0.042348098
v -0.048465255 0.002500000 0.042275014
v -0.048401674 0.002500000 0.042206490
v -0.048333150 0.002500000 0.042142909
v -0.048260066 0.002500000 0.042084626
v -0.048182831 0.002500000 0.042031968
v -0.048101876 0.002500000 0.041985229
v -0.048017656 0.002500000 0.041944671
v -0.047930639 0.002500000 0.041910519
v -0.047841314 0.002500000 0.041882966
v -0.047750180 0.002500000 0.041862165
v -0.047657746 0.002500000 0.041848233
v -0.047564530 0.002500000 0.041841248
v -0.047471052 0.002500000 0.041841248
v -0.047377835 0.002500000 0.041848233
v -0.047285401 0.002500000 0.041862165
v -0.047194267 0.002500000 0.041882966
v -0.047104942 0.002500000 0.041910519
v -0.047017926 0.002500000 0.041944671
v -0.046933705 0.002500000 0.041985229
v -0.046852750 0.002500000 0.042031968
v -0.046775515 0.002500000 0.042084626
v -0.046702431 0.002500000 0.042142909
v -0.046633907 0.002500000 0.042206490
v -0.046570326 0.002500000 0.042275014
v -0.046512043 0.002500000 0.042348098
v -0.046459385 0.002500000 0.042425333
v -0.046412646 0.002500000 0.042506288
v -0.046372088 0.002500000 0.042590509
v -0.046337936 0.002500000 0.042677525
v -0.046310383 0.002500000 0.042766850
v -0.046289582 0.002500000 0.042857984
v -0.046275650 0.002500000 0.042950418
v -0.046268665 0.002500000 0.043043635
v -0.046268665 0.002500000 0.043137113
v -0.046275650 0.002500000 0.043230329
v -0.046289582 0.002500000 0.043322763
v -0.045107848 0.002500000 0.041313916
v -0.045043773 0.002500000 0.041105422
v -0.044964718 0.002500000 0.040902134
v -0.044871103 0.002500000 0.040705128
v -0.044763420 0.002500000 0.040515444
v -0.044642240 0.002500000 0.040334085
v -0.044508203 0.002500000 0.040162011
v -0.044362018 0.002500000 0.040000130
v -0.044204458 0.002500000 0.039849298
v -0.044036354 0.002500000 0.039710314
v -0.043858597 0.002500000 0.039583910
v -0.043672125 0.002500000 0.039470756
v -0.043477925 0.002500000 0.039371450
v -0.043277022 0.002500000 0.039286517
v -0.043070480 0.002500000 0.039216405
v -0.042859389 0.002500000 0.039161486
v -0.042644866 0.002500000 0.039122049
v -0.042428044 0.002500000 0.039098303
v -0.042210070 0.002500000 0.039090374
v -0.042210070 -0.002500000 0.039090374
v -0.042428044 -0.002500000 0.039098303
v -0.042644866 -0.002500000 0.039122049
v -0.042859389 -0.002500000 0.039161486
v -0.043070480 -0.002500000 0.039216405
v -0.043277022 -0.002500000 0.039286517
v -0.043477925 -0.002500000 0.039371450
v -0.043672125 -0.002500000 0.039470756
v -0.043858597 -0.002500000 0.039583910
v -0.044036354 -0.002500000 0.039710314
v -0.044204458 -0.002500000 0.039849298
v -0.044362018 -0.002500000 0.040000130
v -0.044508203 -0.002500000 0.040162011
v -0.044642240 -0.002500000 0.040334085
v -0.044763420 -0.002500000 0.040515444
v -0.044871103 -0.002500000 0.040705128
v -0.044964718 -0.002500000 0.040902134
v -0.045043773 -0.002500000 0.041105422
v -0.045107848 -0.002500000 0.041313916
v -0.047217791 -0.002500000 0.039090374
v -0.050217791 -0.002500000 0.036090374
v -0.042210070 -0.002500000 0.039090374
v -0.042428044 -0.002500000 0.039098303
v -0.042644866 -0.002500000 0.039122049
v -0.042859389 -0.002500000 0.039161486
v -0.043070480 -0.002500000 0.039216405
v -0.043277022 -0.002500000 0.039286517
v -0.043477925 -0.002500000 0.039371450
v -0.043672125 -0.002500000 0.039470756
v -0.043858597 -0.002500000 0.039583910
v -0.044036354 -0.002500000 0.039710314
v -0.044204458 -0.002500000 0.039849298
v -0.044362018 -0.002500000 0.040000130
v -0.044508203 -0.002500000 0.040162011
v -0.044642240 -0.002500000 0.040334085
v -0.044763420 -0.002500000 0.040515444
v -0.044871103 -0.002500000 0.040705128
v -0.044964718 -0.002500000 0.040902134
v -0.045043773 -0.002500000 0.041105422
v -0.045107848 -0.002500000 0.041313916
v -0.045153587 -0.002500000 0.041510973
v -0.045185943 -0.002500000 0.041710664
v -0.045204767 -0.002500000 0.041912082
v -0.045209975 -0.002500000 0.042114310
v -0.045201541 -0.002500000 0.042316430
v -0.045179505 -0.002500000 0.042517521
v -0.045143967 -0.002500000 0.042716671
v -0.045095089 -0.002500000 0.042912972
v -0.044205832 -0.002500000 0.046031775
v -0.044138646 -0.002500000 0.046238651
v -0.044056647 -0.002500000 0.046440116
v -0.043960266 -0.002500000 0.046635110
v -0.043850011 -0.002500000 0.046822608
v -0.043726459 -0.002500000 0.047001624
v -0.043590261 -0.002500000 0.047171217
v -0.043442133 -0.002500000 0.047330497
v -0.039560936 -0.002500000 0.051211694
v -0.039404198 -0.002500000 0.051357622
v -0.039237449 -0.002500000 0.051491997
v -0.039061538 -0.002500000 0.051614134
v -0.038877363 -0.002500000 0.051723411
v -0.038685861 -0.002500000 0.051819270
v -0.038488009 -0.002500000 0.051901223
v -0.038284814 -0.002500000 0.051968852
v -0.038077312 -0.002500000 0.052021814
v -0.037866560 -0.002500000 0.052059838
v -0.037653634 -0.002500000 0.052082730
v -0.037439616 -0.002500000 0.052090374
v -0.033217791 -0.002500000 0.052090374
v -0.032999817 -0.002500000 0.052082444
v -0.032782995 -0.002500000 0.052058698
v -0.032568472 -0.002500000 0.052019262
v -0.032357381 -0.002500000 0.051964342
v -0.032150838 -0.002500000 0.051894230
v -0.031949936 -0.002500000 0.051809297
v -0.031755735 -0.002500000 0.051709991
v -0.031569264 -0.002500000 0.051596837
v -0.031391506 -0.002500000 0.051470434
v -0.031223403 -0.002500000 0.051331449
v -0.031065842 -0.002500000 0.051180617
v -0.030919657 -0.002500000 0.051018736
v -0.030785620 -0.002500000 0.050846662
v -0.030664441 -0.002500000 0.050665303
v -0.030556758 -0.002500000 0.050475619
v -0.030463142 -0.002500000 0.050278613
v -0.030384088 -0.002500000 0.050075325
v -0.030320013 -0.002500000 0.049866831
v -0.030275435 -0.002500000 0.049675645
v -0.030243456 -0.002500000 0.049481952
v -0.030224214 -0.002500000 0.049286583
v -0.030217791 -0.002500000 0.049090374
v -0.030217791 -0.002500000 0.055561946
v -0.030212695 -0.002500000 0.055704625
v -0.030197433 -0.002500000 0.055846576
v -0.030172084 -0.002500000 0.055987077
v -0.030136777 -0.002500000 0.056125412
v -0.030091690 -0.002500000 0.056260875
v -0.030037055 -0.002500000 0.056392776
v -0.029973149 -0.002500000 0.056520444
v -0.029900298 -0.002500000 0.056643228
v -0.029818873 -0.002500000 0.056760502
v -0.029729290 -0.002500000 0.056871668
v -0.029632004 -0.002500000 0.056976160
v -0.028103577 -0.002500000 0.058504587
v -0.027999085 -0.002500000 0.058601873
v -0.027887919 -0.002500000 0.058691456
v -0.027770645 -0.002500000 0.058772881
v -0.027647861 -0.002500000 0.058845732
v -0.027520193 -0.002500000 0.058909638
v -0.027388292 -0.002500000 0.058964273
v -0.027252829 -0.002500000 0.059009360
v -0.027114494 -0.002500000 0.059044667
v -0.026973993 -0.002500000 0.059070016
v -0.026832042 -0.002500000 0.059085278
v -0.026689363 -0.002500000 0.059090374
v -0.033975150 -0.002500000 0.059090374
v -0.034189167 -0.002500000 0.059082730
v -0.034402094 -0.002500000 0.059059838
v -0.034612846 -0.002500000 0.059021814
v -0.034820348 -0.002500000 0.058968852
v -0.035023542 -0.002500000 0.058901223
v -0.035221395 -0.002500000 0.058819270
v -0.035412897 -0.002500000 0.058723411
v -0.035597072 -0.002500000 0.058614134
v -0.035772983 -0.002500000 0.058491997
v -0.035939732 -0.002500000 0.058357622
v -0.036096470 -0.002500000 0.058211694
v -0.049339111 -0.002500000 0.044969053
v -0.049485039 -0.002500000 0.044812315
v -0.049619414 -0.002500000 0.044645566
v -0.049741551 -0.002500000 0.044469655
v -0.049850828 -0.002500000 0.044285480
v -0.049946687 -0.002500000 0.044093978
v -0.050028640 -0.002500000 0.043896125
v -0.050096269 -0.002500000 0.043692931
v -0.050149231 -0.002500000 0.043485429
v -0.050187255 -0.002500000 0.043274677
v -0.050210147 -0.002500000 0.043061750
v -0.050217791 -0.002500000 0.042847733
v -0.034310383 -0.002500000 0.055413897
v -0.034289582 -0.002500000 0.055322763
v -0.034275650 -0.002500000 0.055230329
v -0.034268665 -0.002500000 0.055137113
v -0.034268665 -0.002500000 0.055043635
v -0.034275650 -0.002500000 0.054950418
v -0.034289582 -0.002500000 0.054857984
v -0.034310383 -0.002500000 0.054766850
v -0.034337936 -0.002500000 0.054677525
v -0.034372088 -0.002500000 0.054590509
v -0.034412646 -0.002500000 0.054506288
v -0.034459385 -0.002500000 0.054425333
v -0.034512043 -0.002500000 0.054348098
v -0.034570326 -0.002500000 0.054275014
v -0.034633907 -0.002500000 0.054206490
v -0.034702431 -0.002500000 0.054142909
v -0.034775515 -0.002500000 0.054084626
v -0.034852750 -0.002500000 0.054031968
v -0.034933705 -0.002500000 0.053985229
v -0.035017926 -0.002500000 0.053944671
v -0.035104942 -0.002500000 0.053910519
v -0.035194267 -0.002500000 0.053882966
v -0.035285401 -0.002500000 0.053862165
v -0.035377835 -0.002500000 0.053848233
v -0.035471052 -0.002500000 0.053841248
v -0.035564530 -0.002500000 0.053841248
v -0.035657746 -0.002500000 0.053848233
v -0.035750180 -0.002500000 0.053862165
v -0.035841314 -0.002500000 0.053882966
v -0.035930639 -0.002500000 0.053910519
v -0.036017656 -0.002500000 0.053944671
v -0.036101876 -0.002500000 0.053985229
v -0.036182831 -0.002500000 0.054031968
v -0.036260066 -0.002500000 0.054084626
v -0.036333150 -0.002500000 0.054142909
v -0.036401674 -0.002500000 0.054206490
v -0.036465255 -0.002500000 0.054275014
v -0.036523538 -0.002500000 0.054348098
v -0.036576196 -0.002500000 0.054425333
v -0.036622935 -0.002500000 0.054506288
v -0.036663493 -0.002500000 0.054590509
v -0.036697645 -0.002500000 0.054677525
v -0.036725198 -0.002500000 0.054766850
v -0.036745999 -0.002500000 0.054857984
v -0.036759931 -0.002500000 0.054950418
v -0.036766916 -0.002500000 0.055043635
v -0.036766916 -0.002500000 0.055137113
v -0.036759931 -0.002500000 0.055230329
v -0.036745999 -0.002500000 0.055322763
v -0.036725198 -0.002500000 0.055413897
v -0.036697645 -0.002500000 0.055503222
v -0.036663493 -0.002500000 0.055590239
v -0.036622935 -0.002500000 0.055674459
v -0.036576196 -0.002500000 0.055755414
v -0.036523538 -0.002500000 0.055832649
v -0.036465255 -0.002500000 0.055905733
v -0.036401674 -0.002500000 0.055974257
v -0.036333150 -0.002500000 0.056037838
v -0.036260066 -0.002500000 0.056096121
v -0.036182831 -0.002500000 0.056148779
v -0.036101876 -0.002500000 0.056195518
v -0.036017656 -0.002500000 0.056236076
v -0.035930639 -0.002500000 0.056270228
v -0.035841314 -0.002500000 0.056297781
v -0.035750180 -0.002500000 0.056318582
v -0.035657746 -0.002500000 0.056332514
v -0.035564530 -0.002500000 0.056339499
v -0.035471052 -0.002500000 0.056339499
v -0.035377835 -0.002500000 0.056332514
v -0.035285401 -0.002500000 0.056318582
v -0.035194267 -0.002500000 0.056297781
v -0.035104942 -0.002500000 0.056270228
v -0.035017926 -0.002500000 0.056236076
v -0.034933705 -0.002500000 0.056195518
v -0.034852750 -0.002500000 0.056148779
v -0.034775515 -0.002500000 0.056096121
v -0.034702431 -0.002500000 0.056037838
v -0.034633907 -0.002500000 0.055974257
v -0.034570326 -0.002500000 0.055905733
v -0.034512043 -0.002500000 0.055832649
v -0.034459385 -0.002500000 0.055755414
v -0.034412646 -0.002500000 0.055674459
v -0.034372088 -0.002500000 0.055590239
v -0.034337936 -0.002500000 0.055503222
v -0.046310383 -0.002500000 0.043413897
v -0.046289582 -0.002500000 0.043322763
v -0.046275650 -0.002500000 0.043230329
v -0.046268665 -0.002500000 0.043137113
v -0.046268665 -0.002500000 0.043043635
v -0.046275650 -0.002500000 0.042950418
v -0.046289582 -0.002500000 0.042857984
v -0.046310383 -0.002500000 0.042766850
v -0.046337936 -0.002500000 0.042677525
v -0.046372088 -0.002500000 0.042590509
v -0.046412646 -0.002500000 0.042506288
v -0.046459385 -0.002500000 0.042425333
v -0.046512043 -0.002500000 0.042348098
v -0.046570326 -0.002500000 0.042275014
v -0.046633907 -0.002500000 0.042206490
v -0.046702431 -0.002500000 0.042142909
v -0.046775515 -0.002500000 0.042084626
v -0.046852750 -0.002500000 0.042031968
v -0.046933705 -0.002500000 0.041985229
v -0.047017926 -0.002500000 0.041944671
v -0.047104942 -0.002500000 0.041910519
v -0.047194267 -0.002500000 0.041882966
v -0.047285401 -0.002500000 0.041862165
v -0.047377835 -0.002500000 0.041848233
v -0.047471052 -0.002500000 0.041841248
v -0.047564530 -0.002500000 0.041841248
v -0.047657746 -0.002500000 0.041848233
v -0.047750180 -0.002500000 0.041862165
v -0.047841314 -0.002500000 0.041882966
v -0.047930639 -0.002500000 0.041910519
v -0.048017656 -0.002500000 0.041944671
v -0.048101876 -0.002500000 0.041985229
v -0.048182831 -0.002500000 0.042031968
v -0.048260066 -0.002500000 0.042084626
v -0.048333150 -0.002500000 0.042142909
v -0.048401674 -0.002500000 0.042206490
v -0.048465255 -0.002500000 0.042275014
v -0.048523538 -0.002500000 0.042348098
v -0.048576196 -0.002500000 0.042425333
v -0.048622935 -0.002500000 0.042506288
v -0.048663493 -0.002500000 0.042590509
v -0.048697645 -0.002500000 0.042677525
v -0.048725198 -0.002500000 0.042766850
v -0.048745999 -0.002500000 0.042857984
v -0.048759931 -0.002500000 0.042950418
v -0.048766916 -0.002500000 0.043043635
v -0.048766916 -0.002500000 0.043137113
v -0.048759931 -0.002500000 0.043230329
v -0.048745999 -0.002500000 0.043322763
v -0.048725198 -0.002500000 0.043413897
v -0.048697645 -0.002500000 0.043503222
v -0.048663493 -0.002500000 0.043590239
v -0.048622935 -0.002500000 0.043674459
v -0.048576196 -0.002500000 0.043755414
v -0.048523538 -0.002500000 0.043832649
v -0.048465255 -0.002500000 0.043905733
v -0.048401674 -0.002500000 0.043974257
v -0.048333150 -0.002500000 0.044037838
v -0.048260066 -0.002500000 0.044096121
v -0.048182831 -0.002500000 0.044148779
v -0.048101876 -0.002500000 0.044195518
v -0.048017656 -0.002500000 0.044236076
v -0.047930639 -0.002500000 0.044270228
v -0.047841314 -0.002500000 0.044297781
v -0.047750180 -0.002500000 0.044318582
v -0.047657746 -0.002500000 0.044332514
v -0.047564530 -0.002500000 0.044339499
v -0.047471052 -0.002500000 0.044339499
v -0.047377835 -0.002500000 0.044332514
v -0.047285401 -0.002500000 0.044318582
v -0.047194267 -0.002500000 0.044297781
v -0.047104942 -0.002500000 0.044270228
v -0.047017926 -0.002500000 0.044236076
v -0.046933705 -0.002500000 0.044195518
v -0.046852750 -0.002500000 0.044148779
v -0.046775515 -0.002500000 0.044096121
v -0.046702431 -0.002500000 0.044037838
v -0.046633907 -0.002500000 0.043974257
v -0.046570326 -0.002500000 0.043905733
v -0.046512043 -0.002500000 0.043832649
v -0.046459385 -0.002500000 0.043755414
v -0.046412646 -0.002500000 0.043674459
v -0.046372088 -0.002500000 0.043590239
v -0.046337936 -0.002500000 0.043503222
v -0.030217791 -0.007500000 0.055561946
v -0.030212695 -0.007500000 0.055704625
v -0.030197433 -0.007500000 0.055846576
v -0.030172084 -0.007500000 0.055987077
v -0.030136777 -0.007500000 0.056125412
v -0.030091690 -0.007500000 0.056260875
v -0.030037055 -0.007500000 0.056392776
v -0.029973149 -0.007500000 0.056520444
v -0.029900298 -0.007500000 0.056643228
v -0.029818873 -0.007500000 0.056760502
v -0.029729290 -0.007500000 0.056871668
v -0.029632004 -0.007500000 0.056976160
v -0.029632004 -0.002500000 0.056976160
v -0.030217791 -0.002500000 0.055561946
v -0.030212695 -0.002500000 0.055704625
v -0.030197433 -0.002500000 0.055846576
v -0.030172084 -0.002500000 0.055987077
v -0.030136777 -0.002500000 0.056125412
v -0.030091690 -0.002500000 0.056260875
v -0.030037055 -0.002500000 0.056392776
v -0.029973149 -0.002500000 0.056520444
v -0.029900298 -0.002500000 0.056643228
v -0.029818873 -0.002500000 0.056760502
v -0.029729290 -0.002500000 0.056871668
v -0.030320013 -0.002500000 0.049866831
v -0.030275435 -0.002500000 0.049675645
v -0.030243456 -0.002500000 0.049481952
v -0.030224214 -0.002500000 0.049286583
v -0.030217791 -0.002500000 0.049090374
v -0.030217791 0.002500000 0.049090374
v -0.030224214 0.002500000 0.049286583
v -0.030243456 0.002500000 0.049481952
v -0.030275435 0.002500000 0.049675645
v -0.030320013 0.002500000 0.049866831
v -0.029632004 0.002500000 0.056976160
v -0.029632004 0.007500000 0.056976160
v -0.029729290 0.007500000 0.056871668
v -0.029818873 0.007500000 0.056760502
v -0.029900298 0.007500000 0.056643228
v -0.029973149 0.007500000 0.056520444
v -0.030037055 0.007500000 0.056392776
v -0.030091690 0.007500000 0.056260875
v -0.030136777 0.007500000 0.056125412
v -0.030172084 0.007500000 0.055987077
v -0.030197433 0.007500000 0.055846576
v -0.030212695 0.007500000 0.055704625
v -0.030217791 0.007500000 0.055561946
v -0.030217791 0.002500000 0.055561946
v -0.029729290 0.002500000 0.056871668
v -0.029818873 0.002500000 0.056760502
v -0.029900298 0.002500000 0.056643228
v -0.029973149 0.002500000 0.056520444
v -0.030037055 0.002500000 0.056392776
v -0.030091690 0.002500000 0.056260875
v -0.030136777 0.002500000 0.056125412
v -0.030172084 0.002500000 0.055987077
v -0.030197433 0.002500000 0.055846576
v -0.030212695 0.002500000 0.055704625
v -0.028103577 -0.007500000 0.058504587
v -0.028103577 -0.002500000 0.058504587
v -0.027999085 -0.007500000 0.058601873
v -0.027887919 -0.007500000 0.058691456
v -0.027770645 -0.007500000 0.058772881
v -0.027647861 -0.007500000 0.058845732
v -0.027520193 -0.007500000 0.058909638
v -0.027388292 -0.007500000 0.058964273
v -0.027252829 -0.007500000 0.059009360
v -0.027114494 -0.007500000 0.059044667
v -0.026973993 -0.007500000 0.059070016
v -0.026832042 -0.007500000 0.059085278
v -0.026689363 -0.007500000 0.059090374
v -0.026689363 -0.002500000 0.059090374
v -0.027999085 -0.002500000 0.058601873
v -0.027887919 -0.002500000 0.058691456
v -0.027770645 -0.002500000 0.058772881
v -0.027647861 -0.002500000 0.058845732
v -0.027520193 -0.002500000 0.058909638
v -0.027388292 -0.002500000 0.058964273
v -0.027252829 -0.002500000 0.059009360
v -0.027114494 -0.002500000 0.059044667
v -0.026973993 -0.002500000 0.059070016
v -0.026832042 -0.002500000 0.059085278
v -0.033975150 -0.002500000 0.059090374
v -0.034189167 -0.002500000 0.059082730
v -0.034402094 -0.002500000 0.059059838
v -0.034612846 -0.002500000 0.059021814
v -0.034820348 -0.002500000 0.058968852
v -0.035023542 -0.002500000 0.058901223
v -0.035221395 -0.002500000 0.058819270
v -0.035412897 -0.002500000 0.058723411
v -0.035597072 -0.002500000 0.058614134
v -0.035772983 -0.002500000 0.058491997
v -0.035939732 -0.002500000 0.058357622
v -0.036096470 -0.002500000 0.058211694
v -0.033975150 0.002500000 0.059090374
v -0.036096470 0.002500000 0.058211694
v -0.035939732 0.002500000 0.058357622
v -0.035772983 0.002500000 0.058491997
v -0.035597072 0.002500000 0.058614134
v -0.035412897 0.002500000 0.058723411
v -0.035221395 0.002500000 0.058819270
v -0.035023542 0.002500000 0.058901223
v -0.034820348 0.002500000 0.058968852
v -0.034612846 0.002500000 0.059021814
v -0.034402094 0.002500000 0.059059838
v -0.034189167 0.002500000 0.059082730
v -0.026689363 0.007500000 0.059090374
v -0.026832042 0.007500000 0.059085278
v -0.026973993 0.007500000 0.059070016
v -0.027114494 0.007500000 0.059044667
v -0.027252829 0.007500000 0.059009360
v -0.027388292 0.007500000 0.058964273
v -0.027520193 0.007500000 0.058909638
v -0.027647861 0.007500000 0.058845732
v -0.027770645 0.007500000 0.058772881
v -0.027887919 0.007500000 0.058691456
v -0.027999085 0.007500000 0.058601873
v -0.028103577 0.007500000 0.058504587
v -0.028103577 0.002500000 0.058504587
v -0.026689363 0.002500000 0.059090374
v -0.026832042 0.002500000 0.059085278
v -0.026973993 0.002500000 0.059070016
v -0.027114494 0.002500000 0.059044667
v -0.027252829 0.002500000 0.059009360
v -0.027388292 0.002500000 0.058964273
v -0.027520193 0.002500000 0.058909638
v -0.027647861 0.002500000 0.058845732
v -0.027770645 0.002500000 0.058772881
v -0.027887919 0.002500000 0.058691456
v -0.027999085 0.002500000 0.058601873
v -0.023967791 -0.007500000 0.058490374
v -0.023967791 0.007500000 0.058490374
v -0.024567791 0.007500000 0.059090374
v -0.024567791 -0.007500000 0.059090374
v -0.020967791 0.007500000 0.058490374
v -0.020967791 -0.007500000 0.058490374
v -0.020367791 -0.007500000 0.059090374
v -0.020367791 0.007500000 0.059090374
v -0.005717791 0.000000000 0.055890374
v -0.005724082 0.000168143 0.055890374
v -0.005742921 0.000335345 0.055890374
v -0.005774203 0.000500672 0.055890374
v -0.005817752 0.000663199 0.055890374
v -0.005873325 0.000822017 0.055890374
v -0.005940611 0.000976238 0.055890374
v -0.006019233 0.001125000 0.055890374
v -0.006108753 0.001267470 0.055890374
v -0.006208670 0.001402852 0.055890374
v -0.006318424 0.001530389 0.055890374
v -0.006437402 0.001649367 0.055890374
v -0.006564939 0.001759121 0.055890374
v -0.006700320 0.001859037 0.055890374
v -0.006842791 0.001948557 0.055890374
v -0.006991552 0.002027180 0.055890374
v -0.007145773 0.002094466 0.055890374
v -0.007304591 0.002150039 0.055890374
v -0.007467118 0.002193588 0.055890374
v -0.007632445 0.002224869 0.055890374
v -0.007799648 0.002243709 0.055890374
v -0.007967791 0.002250000 0.055890374
v -0.008135933 0.002243709 0.055890374
v -0.008303136 0.002224869 0.055890374
v -0.008468463 0.002193588 0.055890374
v -0.008630990 0.002150039 0.055890374
v -0.008789808 0.002094466 0.055890374
v -0.008944029 0.002027180 0.055890374
v -0.009092791 0.001948557 0.055890374
v -0.009235261 0.001859037 0.055890374
v -0.009370643 0.001759121 0.055890374
v -0.009498179 0.001649367 0.055890374
v -0.009617157 0.001530389 0.055890374
v -0.009726911 0.001402852 0.055890374
v -0.009826828 0.001267470 0.055890374
v -0.009916348 0.001125000 0.055890374
v -0.009994971 0.000976238 0.055890374
v -0.010062256 0.000822017 0.055890374
v -0.010117829 0.000663199 0.055890374
v -0.010161378 0.000500672 0.055890374
v -0.010192660 0.000335345 0.055890374
v -0.010211499 0.000168143 0.055890374
v -0.010217791 0.000000000 0.055890374
v -0.010217791 0.000000000 0.059090374
v -0.010211499 0.000168143 0.059090374
v -0.010192660 0.000335345 0.059090374
v -0.010161378 0.000500672 0.059090374
v -0.010117829 0.000663199 0.059090374
v -0.010062256 0.000822017 0.059090374
v -0.009994971 0.000976238 0.059090374
v -0.009916348 0.001125000 0.059090374
v -0.009826828 0.001267470 0.059090374
v -0.009726911 0.001402852 0.059090374
v -0.009617157 0.001530389 0.059090374
v -0.009498179 0.001649367 0.059090374
v -0.009370643 0.001759121 0.059090374
v -0.009235261 0.001859037 0.059090374
v -0.009092791 0.001948557 0.059090374
v -0.008944029 0.002027180 0.059090374
v -0.008789808 0.002094466 0.059090374
v -0.008630990 0.002150039 0.059090374
v -0.008468463 0.002193588 0.059090374
v -0.008303136 0.002224869 0.059090374
v -0.008135933 0.002243709 0.059090374
v -0.007967791 0.002250000 0.059090374
v -0.007799648 0.002243709 0.059090374
v -0.007632445 0.002224869 0.059090374
v -0.007467118 0.002193588 0.059090374
v -0.007304591 0.002150039 0.059090374
v -0.007145773 0.002094466 0.059090374
v -0.006991552 0.002027180 0.059090374
v -0.006842791 0.001948557 0.059090374
v -0.006700320 0.001859037 0.059090374
v -0.006564939 0.001759121 0.059090374
v -0.006437402 0.001649367 0.059090374
v -0.006318424 0.001530389 0.059090374
v -0.006208670 0.001402852 0.059090374
v -0.006108753 0.001267470 0.059090374
v -0.006019233 0.001125000 0.059090374
v -0.005940611 0.000976238 0.059090374
v -0.005873325 0.000822017 0.059090374
v -0.005817752 0.000663199 0.059090374
v -0.005774203 0.000500672 0.059090374
v -0.005742921 0.000335345 0.059090374
v -0.005724082 0.000168143 0.059090374
v -0.005717791 0.000000000 0.059090374
v -0.002833218 0.004500000 0.059090374
v -0.002833218 0.004500000 0.056491614
v -0.002840074 0.004702699 0.056489777
v -0.002861186 0.004908689 0.056484120
v -0.002897254 0.005116534 0.056474456
v -0.002948787 0.005324656 0.056460648
v -0.003016078 0.005531369 0.056442617
v -0.003090158 0.005714752 0.056422767
v -0.003167664 0.005876526 0.056402000
v -0.003255202 0.006034221 0.056378544
v -0.003352429 0.006186916 0.056352492
v -0.003458892 0.006333732 0.056323966
v -0.003574033 0.006473849 0.056293114
v -0.003697199 0.006606519 0.056260111
v -0.003827654 0.006731079 0.056225156
v -0.003964596 0.006846967 0.056188462
v -0.004107167 0.006953722 0.056150261
v -0.004254477 0.007050995 0.056110789
v -0.004405613 0.007138550 0.056070292
v -0.004559666 0.007216259 0.056029014
v -0.004715734 0.007284103 0.055987196
v -0.004872949 0.007342162 0.055945070
v -0.004975056 0.007374640 0.055917711
v -0.005077079 0.007403146 0.055890374
v -0.005833218 0.007500000 0.055890374
v -0.005642251 0.007493916 0.055890374
v -0.005452060 0.007475688 0.055890374
v -0.005263414 0.007445390 0.055890374
v -0.005833218 0.007500000 0.059090374
v -0.002841606 0.004724190 0.059090374
v -0.002866725 0.004947127 0.059090374
v -0.002908434 0.005167563 0.059090374
v -0.002966499 0.005384266 0.059090374
v -0.003040597 0.005596023 0.059090374
v -0.003130311 0.005801651 0.059090374
v -0.003235142 0.006000000 0.059090374
v -0.003354502 0.006189960 0.059090374
v -0.003487723 0.006370469 0.059090374
v -0.003634062 0.006540518 0.059090374
v -0.003792700 0.006699156 0.059090374
v -0.003962748 0.006845494 0.059090374
v -0.004143258 0.006978716 0.059090374
v -0.004333218 0.007098076 0.059090374
v -0.004531567 0.007202907 0.059090374
v -0.004737195 0.007292621 0.059090374
v -0.004948952 0.007366718 0.059090374
v -0.005165655 0.007424784 0.059090374
v -0.005386091 0.007466492 0.059090374
v -0.005609028 0.007491611 0.059090374
v -0.002833218 -0.004500000 0.056491614
v -0.002833218 -0.004500000 0.059090374
v -0.002833218 0.004500000 0.056491614
v -0.002833218 0.004500000 0.059090374
v -0.002833218 -0.004500000 0.056491614
v -0.002833218 0.004500000 0.056491614
v -0.002840074 0.004702699 0.056489777
v -0.002861186 0.004908689 0.056484120
v -0.002897254 0.005116534 0.056474456
v -0.002948787 0.005324656 0.056460648
v -0.003016078 0.005531369 0.056442617
v -0.003090158 0.005714752 0.056422767
v -0.003167664 0.005876526 0.056402000
v -0.003255202 0.006034221 0.056378544
v -0.003352429 0.006186916 0.056352492
v -0.003458892 0.006333732 0.056323966
v -0.003574033 0.006473849 0.056293114
v -0.003697199 0.006606519 0.056260111
v -0.003827654 0.006731079 0.056225156
v -0.003964596 0.006846967 0.056188462
v -0.004107167 0.006953722 0.056150261
v -0.004254477 0.007050995 0.056110789
v -0.004405613 0.007138550 0.056070292
v -0.004559666 0.007216259 0.056029014
v -0.004715734 0.007284103 0.055987196
v -0.004872949 0.007342162 0.055945070
v -0.004975056 0.007374640 0.055917711
v -0.005077079 0.007403146 0.055890374
v -0.005077079 -0.007403146 0.055890374
v -0.004861046 -0.007338112 0.055948259
v -0.004645729 -0.007254972 0.056005953
v -0.004454347 -0.007164341 0.056057234
v -0.004285478 -0.007069923 0.056102482
v -0.004121102 -0.006963465 0.056146527
v -0.003962467 -0.006845270 0.056189033
v -0.003810799 -0.006715812 0.056229672
v -0.003667265 -0.006575729 0.056268132
v -0.003532954 -0.006425820 0.056304121
v -0.003408841 -0.006267030 0.056337377
v -0.003295771 -0.006100426 0.056367674
v -0.003194437 -0.005927178 0.056394826
v -0.003105366 -0.005748529 0.056418692
v -0.003028911 -0.005565767 0.056439179
v -0.002965248 -0.005380198 0.056456237
v -0.002914383 -0.005193110 0.056469866
v -0.002876156 -0.005005755 0.056480109
v -0.002850260 -0.004819319 0.056487048
v -0.002837411 -0.004658558 0.056490491
v -0.014301181 0.003000000 0.053372735
v -0.014301181 0.007500000 0.053372735
v -0.014333904 0.003000000 0.053515611
v -0.014356075 0.003000000 0.053660499
v -0.014367575 0.003000000 0.053806622
v -0.014368343 0.003000000 0.053953195
v -0.014358374 0.003000000 0.054099430
v -0.014337721 0.003000000 0.054244543
v -0.014306496 0.003000000 0.054387753
v -0.014264867 0.003000000 0.054528292
v -0.014213056 0.003000000 0.054665405
v -0.014151343 0.003000000 0.054798355
v -0.014080058 0.003000000 0.054926428
v -0.013999585 0.003000000 0.055048936
v -0.013910356 0.003000000 0.055165222
v -0.013812850 0.003000000 0.055274660
v -0.013707591 0.003000000 0.055376663
v -0.013595144 0.003000000 0.055470684
v -0.013476113 0.003000000 0.055556216
v -0.013351137 0.003000000 0.055632801
v -0.013220888 0.003000000 0.055700028
v -0.013086066 0.003000000 0.055757534
v -0.012947393 0.003000000 0.055805013
v -0.012805616 0.003000000 0.055842207
v -0.012661496 0.003000000 0.055868918
v -0.012515806 0.003000000 0.055885003
v -0.012369330 0.003000000 0.055890374
v -0.012369330 0.007500000 0.055890374
v -0.014333904 0.007500000 0.053515611
v -0.014356075 0.007500000 0.053660499
v -0.014367575 0.007500000 0.053806622
v -0.014368343 0.007500000 0.053953195
v -0.014358374 0.007500000 0.054099430
v -0.014337721 0.007500000 0.054244543
v -0.014306496 0.007500000 0.054387753
v -0.014264867 0.007500000 0.054528292
v -0.014213056 0.007500000 0.054665405
v -0.014151343 0.007500000 0.054798355
v -0.014080058 0.007500000 0.054926428
v -0.013999585 0.007500000 0.055048936
v -0.013910356 0.007500000 0.055165222
v -0.013812850 0.007500000 0.055274660
v -0.013707591 0.007500000 0.055376663
v -0.013595144 0.007500000 0.055470684
v -0.013476113 0.007500000 0.055556216
v -0.013351137 0.007500000 0.055632801
v -0.013220888 0.007500000 0.055700028
v -0.013086066 0.007500000 0.055757534
v -0.012947393 0.007500000 0.055805013
v -0.012805616 0.007500000 0.055842207
v -0.012661496 0.007500000 0.055868918
v -0.012515806 0.007500000 0.055885003
v -0.011394947 -0.003000000 0.055890374
v -0.011394947 0.003000000 0.055890374
v -0.011468186 0.003000000 0.055887688
v -0.011541031 0.003000000 0.055879646
v -0.011613091 0.003000000 0.055866290
v -0.011683979 0.003000000 0.055847693
v -0.011753315 0.003000000 0.055823954
v -0.011820727 0.003000000 0.055795201
v -0.011885851 0.003000000 0.055761587
v -0.011948339 0.003000000 0.055723295
v -0.012007855 0.003000000 0.055680529
v -0.012064078 0.003000000 0.055633518
v -0.012116708 0.003000000 0.055582517
v -0.012165461 0.003000000 0.055527798
v -0.012210075 0.003000000 0.055469655
v -0.012250312 0.003000000 0.055408401
v -0.012285954 0.003000000 0.055344364
v -0.012316811 0.003000000 0.055277889
v -0.012342716 0.003000000 0.055209333
v -0.012363531 0.003000000 0.055139063
v -0.012379143 0.003000000 0.055067458
v -0.012389469 0.003000000 0.054994902
v -0.012394454 0.003000000 0.054921784
v -0.012394070 0.003000000 0.054848498
v -0.012388320 0.003000000 0.054775436
v -0.012377235 0.003000000 0.054702992
v -0.012360873 0.003000000 0.054631555
v -0.012360873 -0.003000000 0.054631555
v -0.012377235 -0.003000000 0.054702992
v -0.012388320 -0.003000000 0.054775436
v -0.012394070 -0.003000000 0.054848498
v -0.012394454 -0.003000000 0.054921784
v -0.012389469 -0.003000000 0.054994902
v -0.012379143 -0.003000000 0.055067458
v -0.012363531 -0.003000000 0.055139063
v -0.012342716 -0.003000000 0.055209333
v -0.012316811 -0.003000000 0.055277889
v -0.012285954 -0.003000000 0.055344364
v -0.012250312 -0.003000000 0.055408401
v -0.012210075 -0.003000000 0.055469655
v -0.012165461 -0.003000000 0.055527798
v -0.012116708 -0.003000000 0.055582517
v -0.012064078 -0.003000000 0.055633518
v -0.012007855 -0.003000000 0.055680529
v -0.011948339 -0.003000000 0.055723295
v -0.011885851 -0.003000000 0.055761587
v -0.011820727 -0.003000000 0.055795201
v -0.011753315 -0.003000000 0.055823954
v -0.011683979 -0.003000000 0.055847693
v -0.011613091 -0.003000000 0.055866290
v -0.011541031 -0.003000000 0.055879646
v -0.011468186 -0.003000000 0.055887688
v -0.013432708 -0.003000000 0.050131550
v -0.012273597 -0.003000000 0.050442133
v -0.011566491 -0.003000000 0.051666878
v -0.011549850 -0.003000000 0.051593971
v -0.011538704 -0.003000000 0.051520024
v -0.011533116 -0.003000000 0.051445450
v -0.011533116 -0.003000000 0.051370668
v -0.011538704 -0.003000000 0.051296095
v -0.011549850 -0.003000000 0.051222147
v -0.011566491 -0.003000000 0.051149240
v -0.011588533 -0.003000000 0.051077780
v -0.011615854 -0.003000000 0.051008167
v -0.011648301 -0.003000000 0.050940790
v -0.011685692 -0.003000000 0.050876027
v -0.011727819 -0.003000000 0.050814239
v -0.011774445 -0.003000000 0.050755772
v -0.011825310 -0.003000000 0.050700952
v -0.011880129 -0.003000000 0.050650087
v -0.011938596 -0.003000000 0.050603461
v -0.012000384 -0.003000000 0.050561335
v -0.012065148 -0.003000000 0.050523944
v -0.012132524 -0.003000000 0.050491497
v -0.012202137 -0.003000000 0.050464176
v -0.012360873 -0.003000000 0.054631555
v -0.012377235 -0.003000000 0.054702992
v -0.012388320 -0.003000000 0.054775436
v -0.012394070 -0.003000000 0.054848498
v -0.012394454 -0.003000000 0.054921784
v -0.012389469 -0.003000000 0.054994902
v -0.012379143 -0.003000000 0.055067458
v -0.012363531 -0.003000000 0.055139063
v -0.012342716 -0.003000000 0.055209333
v -0.012316811 -0.003000000 0.055277889
v -0.012285954 -0.003000000 0.055344364
v -0.012250312 -0.003000000 0.055408401
v -0.012210075 -0.003000000 0.055469655
v -0.012165461 -0.003000000 0.055527798
v -0.012116708 -0.003000000 0.055582517
v -0.012064078 -0.003000000 0.055633518
v -0.012007855 -0.003000000 0.055680529
v -0.011948339 -0.003000000 0.055723295
v -0.011885851 -0.003000000 0.055761587
v -0.011820727 -0.003000000 0.055795201
v -0.011753315 -0.003000000 0.055823954
v -0.011683979 -0.003000000 0.055847693
v -0.011613091 -0.003000000 0.055866290
v -0.011541031 -0.003000000 0.055879646
v -0.011468186 -0.003000000 0.055887688
v -0.011394947 -0.003000000 0.055890374
v -0.012369330 -0.003000000 0.055890374
v -0.012515806 -0.003000000 0.055885003
v -0.012661496 -0.003000000 0.055868918
v -0.012805616 -0.003000000 0.055842207
v -0.012947393 -0.003000000 0.055805013
v -0.013086066 -0.003000000 0.055757534
v -0.013220888 -0.003000000 0.055700028
v -0.013351137 -0.003000000 0.055632801
v -0.013476113 -0.003000000 0.055556216
v -0.013595144 -0.003000000 0.055470684
v -0.013707591 -0.003000000 0.055376663
v -0.013812850 -0.003000000 0.055274660
v -0.013910356 -0.003000000 0.055165222
v -0.013999585 -0.003000000 0.055048936
v -0.014080058 -0.003000000 0.054926428
v -0.014151343 -0.003000000 0.054798355
v -0.014213056 -0.003000000 0.054665405
v -0.014264867 -0.003000000 0.054528292
v -0.014306496 -0.003000000 0.054387753
v -0.014337721 -0.003000000 0.054244543
v -0.014358374 -0.003000000 0.054099430
v -0.014368343 -0.003000000 0.053953195
v -0.014367575 -0.003000000 0.053806622
v -0.014356075 -0.003000000 0.053660499
v -0.014333904 -0.003000000 0.053515611
v -0.014301181 -0.003000000 0.053372735
v 0.004480159 -0.007102418 0.000666483
v 0.004421733 -0.007036441 0.000884531
v 0.004364720 -0.006954064 0.001097309
v 0.004309426 -0.006855730 0.001303669
v 0.004256150 -0.006741971 0.001502495
v 0.004205181 -0.006613401 0.001692714
v 0.004156794 -0.006470715 0.001873298
v 0.004111250 -0.006314683 0.002043272
v 0.004068794 -0.006146149 0.002201717
v 0.004029657 -0.005966022 0.002347779
v 0.003994050 -0.005775276 0.002480667
v 0.003962165 -0.005574941 0.002599664
v 0.003934174 -0.005366098 0.002704128
v 0.003910229 -0.005149877 0.002793493
v 0.003890458 -0.004927445 0.002867278
v 0.003874969 -0.004700003 0.002925084
v 0.003863845 -0.004468780 0.002966598
v 0.003857147 -0.004235025 0.002991597
v 0.003854910 -0.004000000 0.002999945
v -0.000491756 -0.004000000 0.001835259
v -0.000489519 -0.004235025 0.001826911
v -0.000482821 -0.004468780 0.001801913
v -0.000471697 -0.004700003 0.001760398
v -0.000456208 -0.004927445 0.001702593
v -0.000436438 -0.005149877 0.001628808
v -0.000412492 -0.005366098 0.001539442
v -0.000384501 -0.005574941 0.001434978
v -0.000352616 -0.005775276 0.001315981
v -0.000317009 -0.005966022 0.001183093
v -0.000277872 -0.006146149 0.001037032
v -0.000235416 -0.006314683 0.000878586
v -0.000189872 -0.006470715 0.000708612
v -0.000141485 -0.006613401 0.000528028
v -0.000090516 -0.006741971 0.000337809
v -0.000037240 -0.006855730 0.000138983
v 0.000018053 -0.006954064 -0.000067377
v 0.000075067 -0.007036441 -0.000280155
v 0.000133493 -0.007102418 -0.000498203
v -0.000491756 0.004000000 0.001835259
v -0.000491756 -0.004000000 0.001835259
v 0.003854910 0.004000000 0.002999945
v 0.003854910 -0.004000000 0.002999945
v 0.003854910 0.004000000 0.002999945
v 0.003857147 0.004235025 0.002991597
v 0.003863845 0.004468780 0.002966598
v 0.003874969 0.004700003 0.002925084
v 0.003890458 0.004927445 0.002867278
v 0.003910229 0.005149877 0.002793493
v 0.003934174 0.005366098 0.002704128
v 0.003962165 0.005574941 0.002599664
v 0.003994050 0.005775276 0.002480667
v 0.004029657 0.005966022 0.002347779
v 0.004068794 0.006146149 0.002201717
v 0.004111250 0.006314683 0.002043272
v 0.004156794 0.006470715 0.001873298
v 0.004205181 0.006613401 0.001692714
v 0.004256150 0.006741971 0.001502495
v 0.004309426 0.006855730 0.001303669
v 0.004364720 0.006954064 0.001097309
v 0.004421733 0.007036441 0.000884531
v 0.004480159 0.007102418 0.000666483
v 0.000133493 0.007102418 -0.000498203
v 0.000075067 0.007036441 -0.000280155
v 0.000018053 0.006954064 -0.000067377
v -0.000037240 0.006855730 0.000138983
v -0.000090516 0.006741971 0.000337809
v -0.000141485 0.006613401 0.000528028
v -0.000189872 0.006470715 0.000708612
v -0.000235416 0.006314683 0.000878586
v -0.000277872 0.006146149 0.001037032
v -0.000317009 0.005966022 0.001183093
v -0.000352616 0.005775276 0.001315981
v -0.000384501 0.005574941 0.001434978
v -0.000412492 0.005366098 0.001539442
v -0.000436438 0.005149877 0.001628808
v -0.000456208 0.004927445 0.001702593
v -0.000471697 0.004700003 0.001760398
v -0.000482821 0.004468780 0.001801913
v -0.000489519 0.004235025 0.001826911
v -0.000491756 0.004000000 0.001835259
v -0.013432708 0.003000000 0.050131550
v -0.012273597 0.003000000 0.050442133
v -0.012202137 0.003000000 0.050464176
v -0.012132524 0.003000000 0.050491497
v -0.012065148 0.003000000 0.050523944
v -0.012000384 0.003000000 0.050561335
v -0.011938596 0.003000000 0.050603461
v -0.011880129 0.003000000 0.050650087
v -0.011825310 0.003000000 0.050700952
v -0.011774445 0.003000000 0.050755772
v -0.011727819 0.003000000 0.050814239
v -0.011685692 0.003000000 0.050876027
v -0.011648301 0.003000000 0.050940790
v -0.011615854 0.003000000 0.051008167
v -0.011588533 0.003000000 0.051077780
v -0.011566491 0.003000000 0.051149240
v -0.011549850 0.003000000 0.051222147
v -0.011538704 0.003000000 0.051296095
v -0.011533116 0.003000000 0.051370668
v -0.011533116 0.003000000 0.051445450
v -0.011538704 0.003000000 0.051520024
v -0.011549850 0.003000000 0.051593971
v -0.011566491 0.003000000 0.051666878
v -0.012360873 0.003000000 0.054631555
v -0.011394947 0.003000000 0.055890374
v -0.011468186 0.003000000 0.055887688
v -0.011541031 0.003000000 0.055879646
v -0.011613091 0.003000000 0.055866290
v -0.011683979 0.003000000 0.055847693
v -0.011753315 0.003000000 0.055823954
v -0.011820727 0.003000000 0.055795201
v -0.011885851 0.003000000 0.055761587
v -0.011948339 0.003000000 0.055723295
v -0.012007855 0.003000000 0.055680529
v -0.012064078 0.003000000 0.055633518
v -0.012116708 0.003000000 0.055582517
v -0.012165461 0.003000000 0.055527798
v -0.012210075 0.003000000 0.055469655
v -0.012250312 0.003000000 0.055408401
v -0.012285954 0.003000000 0.055344364
v -0.012316811 0.003000000 0.055277889
v -0.012342716 0.003000000 0.055209333
v -0.012363531 0.003000000 0.055139063
v -0.012379143 0.003000000 0.055067458
v -0.012389469 0.003000000 0.054994902
v -0.012394454 0.003000000 0.054921784
v -0.012394070 0.003000000 0.054848498
v -0.012388320 0.003000000 0.054775436
v -0.012377235 0.003000000 0.054702992
v -0.012369330 0.003000000 0.055890374
v -0.014301181 0.003000000 0.053372735
v -0.014333904 0.003000000 0.053515611
v -0.014356075 0.003000000 0.053660499
v -0.014367575 0.003000000 0.053806622
v -0.014368343 0.003000000 0.053953195
v -0.014358374 0.003000000 0.054099430
v -0.014337721 0.003000000 0.054244543
v -0.014306496 0.003000000 0.054387753
v -0.014264867 0.003000000 0.054528292
v -0.014213056 0.003000000 0.054665405
v -0.014151343 0.003000000 0.054798355
v -0.014080058 0.003000000 0.054926428
v -0.013999585 0.003000000 0.055048936
v -0.013910356 0.003000000 0.055165222
v -0.013812850 0.003000000 0.055274660
v -0.013707591 0.003000000 0.055376663
v -0.013595144 0.003000000 0.055470684
v -0.013476113 0.003000000 0.055556216
v -0.013351137 0.003000000 0.055632801
v -0.013220888 0.003000000 0.055700028
v -0.013086066 0.003000000 0.055757534
v -0.012947393 0.003000000 0.055805013
v -0.012805616 0.003000000 0.055842207
v -0.012661496 0.003000000 0.055868918
v -0.012515806 0.003000000 0.055885003
v -0.013432708 0.003000000 0.050131550
v -0.012273597 0.003000000 0.050442133
v -0.012273597 -0.003000000 0.050442133
v -0.013432708 -0.003000000 0.050131550
v -0.001447031 -0.006000000 -0.001940645
v 0.004734895 -0.006000000 -0.000284203
v 0.004750368 -0.006002237 -0.000341950
v 0.004765755 -0.006008935 -0.000399374
v 0.004780969 -0.006020058 -0.000456154
v 0.004795925 -0.006035542 -0.000511972
v 0.004810541 -0.006055301 -0.000566517
v 0.004824733 -0.006079225 -0.000619483
v 0.004838422 -0.006107180 -0.000670573
v 0.004851533 -0.006139009 -0.000719503
v 0.004863992 -0.006174535 -0.000765999
v 0.004875728 -0.006213559 -0.000809800
v 0.004886677 -0.006255862 -0.000850662
v 0.004896777 -0.006301208 -0.000888356
v 0.004905972 -0.006349344 -0.000922671
v 0.004914210 -0.006400000 -0.000953416
v 0.004921445 -0.006452893 -0.000980418
v 0.004927637 -0.006507727 -0.001003527
v 0.004932751 -0.006564196 -0.001022613
v 0.004936759 -0.006621983 -0.001037569
v 0.004939637 -0.006680766 -0.001048313
v 0.004941371 -0.006740216 -0.001054783
v 0.004941950 -0.006800000 -0.001056944
v -0.001239975 -0.006800000 -0.002713386
v -0.001431557 -0.006002237 -0.001998392
v -0.001416171 -0.006008935 -0.002055816
v -0.001400956 -0.006020058 -0.002112596
v -0.001386000 -0.006035542 -0.002168414
v -0.001371385 -0.006055301 -0.002222959
v -0.001357193 -0.006079225 -0.002275925
v -0.001343503 -0.006107180 -0.002327015
v -0.001330392 -0.006139009 -0.002375945
v -0.001317934 -0.006174535 -0.002422441
v -0.001306197 -0.006213559 -0.002466242
v -0.001295248 -0.006255862 -0.002507104
v -0.001285148 -0.006301208 -0.002544798
v -0.001275953 -0.006349344 -0.002579113
v -0.001267715 -0.006400000 -0.002609858
v -0.001260480 -0.006452893 -0.002636860
v -0.001254288 -0.006507727 -0.002659969
v -0.001249174 -0.006564196 -0.002679055
v -0.001245167 -0.006621983 -0.002694011
v -0.001242288 -0.006680766 -0.002704755
v -0.001240554 -0.006740216 -0.002711225
v 0.000183529 0.005175000 -0.008025978
v 0.002018789 0.005175000 -0.007534221
v 0.000183529 0.006425000 -0.008025978
v 0.000195618 0.006423252 -0.008071092
v 0.000207639 0.006418019 -0.008115955
v 0.000219525 0.006409330 -0.008160314
v 0.000231210 0.006397233 -0.008203922
v 0.000242628 0.006381796 -0.008246535
v 0.000253715 0.006363106 -0.008287915
v 0.000264410 0.006341266 -0.008327829
v 0.000274653 0.006316399 -0.008366056
v 0.000284386 0.006288645 -0.008402381
v 0.000293556 0.006258157 -0.008436600
v 0.000302109 0.006225108 -0.008468524
v 0.000310000 0.006189681 -0.008497972
v 0.000317183 0.006152075 -0.008524781
v 0.000323619 0.006112500 -0.008548800
v 0.000329272 0.006071177 -0.008569896
v 0.000334109 0.006028338 -0.008587950
v 0.000338105 0.005984222 -0.008602860
v 0.000341236 0.005939076 -0.008614545
v 0.000343485 0.005893151 -0.008622938
v 0.000344839 0.005846706 -0.008627993
v 0.000345291 0.005800000 -0.008629681
v 0.000344839 0.005753294 -0.008627993
v 0.000343485 0.005706849 -0.008622938
v 0.000341236 0.005660924 -0.008614545
v 0.000338105 0.005615778 -0.008602860
v 0.000334109 0.005571662 -0.008587950
v 0.000329272 0.005528823 -0.008569896
v 0.000323619 0.005487500 -0.008548800
v 0.000317183 0.005447925 -0.008524781
v 0.000310000 0.005410319 -0.008497972
v 0.000302109 0.005374892 -0.008468524
v 0.000293556 0.005341843 -0.008436600
v 0.000284386 0.005311355 -0.008402381
v 0.000274653 0.005283601 -0.008366056
v 0.000264410 0.005258734 -0.008327829
v 0.000253715 0.005236894 -0.008287915
v 0.000242628 0.005218204 -0.008246535
v 0.000231210 0.005202767 -0.008203922
v 0.000219525 0.005190670 -0.008160314
v 0.000207639 0.005181981 -0.008115955
v 0.000195618 0.005176748 -0.008071092
v 0.002018789 0.006425000 -0.007534221
v 0.002030877 0.006423252 -0.007579336
v 0.002042898 0.006418019 -0.007624199
v 0.002054784 0.006409330 -0.007668558
v 0.002066469 0.006397233 -0.007712166
v 0.002077887 0.006381796 -0.007754779
v 0.002088974 0.006363106 -0.007796159
v 0.002099670 0.006341266 -0.007836073
v 0.002109912 0.006316399 -0.007874300
v 0.002119645 0.006288645 -0.007910625
v 0.002128815 0.006258157 -0.007944844
v 0.002137368 0.006225108 -0.007976768
v 0.002145259 0.006189681 -0.008006216
v 0.002152443 0.006152075 -0.008033025
v 0.002158878 0.006112500 -0.008057044
v 0.002164531 0.006071177 -0.008078140
v 0.002169368 0.006028338 -0.008096193
v 0.002173364 0.005984222 -0.008111104
v 0.002176495 0.005939076 -0.008122789
v 0.002178744 0.005893151 -0.008131182
v 0.002180098 0.005846706 -0.008136237
v 0.002180550 0.005800000 -0.008137925
v 0.002180098 0.005753294 -0.008136237
v 0.002178744 0.005706849 -0.008131182
v 0.002176495 0.005660924 -0.008122789
v 0.002173364 0.005615778 -0.008111104
v 0.002169368 0.005571662 -0.008096193
v 0.002164531 0.005528823 -0.008078140
v 0.002158878 0.005487500 -0.008057044
v 0.002152443 0.005447925 -0.008033025
v 0.002145259 0.005410319 -0.008006216
v 0.002137368 0.005374892 -0.007976768
v 0.002128815 0.005341843 -0.007944844
v 0.002119645 0.005311355 -0.007910625
v 0.002109912 0.005283601 -0.007874300
v 0.002099670 0.005258734 -0.007836073
v 0.002088974 0.005236894 -0.007796159
v 0.002077887 0.005218204 -0.007754779
v 0.002066469 0.005202767 -0.007712166
v 0.002054784 0.005190670 -0.007668558
v 0.002042898 0.005181981 -0.007624199
v 0.002030877 0.005176748 -0.007579336
v 0.000183529 -0.006425000 -0.008025978
v 0.002018789 -0.006425000 -0.007534221
v 0.000183529 -0.005175000 -0.008025978
v 0.000195618 -0.005176748 -0.008071092
v 0.000207639 -0.005181981 -0.008115955
v 0.000219525 -0.005190670 -0.008160314
v 0.000231210 -0.005202767 -0.008203922
v 0.000242628 -0.005218204 -0.008246535
v 0.000253715 -0.005236894 -0.008287915
v 0.000264410 -0.005258734 -0.008327829
v 0.000274653 -0.005283601 -0.008366056
v 0.000284386 -0.005311355 -0.008402381
v 0.000293556 -0.005341843 -0.008436600
v 0.000302109 -0.005374892 -0.008468524
v 0.000310000 -0.005410319 -0.008497972
v 0.000317183 -0.005447925 -0.008524781
v 0.000323619 -0.005487500 -0.008548800
v 0.000329272 -0.005528823 -0.008569896
v 0.000334109 -0.005571662 -0.008587950
v 0.000338105 -0.005615778 -0.008602860
v 0.000341236 -0.005660924 -0.008614545
v 0.000343485 -0.005706849 -0.008622938
v 0.000344839 -0.005753294 -0.008627993
v 0.000345291 -0.005800000 -0.008629681
v 0.000344839 -0.005846706 -0.008627993
v 0.000343485 -0.005893151 -0.008622938
v 0.000341236 -0.005939076 -0.008614545
v 0.000338105 -0.005984222 -0.008602860
v 0.000334109 -0.006028338 -0.008587950
v 0.000329272 -0.006071177 -0.008569896
v 0.000323619 -0.006112500 -0.008548800
v 0.000317183 -0.006152075 -0.008524781
v 0.000310000 -0.006189681 -0.008497972
v 0.000302109 -0.006225108 -0.008468524
v 0.000293556 -0.006258157 -0.008436600
v 0.000284386 -0.006288645 -0.008402381
v 0.000274653 -0.006316399 -0.008366056
v 0.000264410 -0.006341266 -0.008327829
v 0.000253715 -0.006363106 -0.008287915
v 0.000242628 -0.006381796 -0.008246535
v 0.000231210 -0.006397233 -0.008203922
v 0.000219525 -0.006409330 -0.008160314
v 0.000207639 -0.006418019 -0.008115955
v 0.000195618 -0.006423252 -0.008071092
v 0.002018789 -0.005175000 -0.007534221
v 0.002030877 -0.005176748 -0.007579336
v 0.002042898 -0.005181981 -0.007624199
v 0.002054784 -0.005190670 -0.007668558
v 0.002066469 -0.005202767 -0.007712166
v 0.002077887 -0.005218204 -0.007754779
v 0.002088974 -0.005236894 -0.007796159
v 0.002099670 -0.005258734 -0.007836073
v 0.002109912 -0.005283601 -0.007874300
v 0.002119645 -0.005311355 -0.007910625
v 0.002128815 -0.005341843 -0.007944844
v 0.002137368 -0.005374892 -0.007976768
v 0.002145259 -0.005410319 -0.008006216
v 0.002152443 -0.005447925 -0.008033025
v 0.002158878 -0.005487500 -0.008057044
v 0.002164531 -0.005528823 -0.008078140
v 0.002169368 -0.005571662 -0.008096193
v 0.002173364 -0.005615778 -0.008111104
v 0.002176495 -0.005660924 -0.008122789
v 0.002178744 -0.005706849 -0.008131182
v 0.002180098 -0.005753294 -0.008136237
v 0.002180550 -0.005800000 -0.008137925
v 0.002180098 -0.005846706 -0.008136237
v 0.002178744 -0.005893151 -0.008131182
v 0.002176495 -0.005939076 -0.008122789
v 0.002173364 -0.005984222 -0.008111104
v 0.002169368 -0.006028338 -0.008096193
v 0.002164531 -0.006071177 -0.008078140
v 0.002158878 -0.006112500 -0.008057044
v 0.002152443 -0.006152075 -0.008033025
v 0.002145259 -0.006189681 -0.008006216
v 0.002137368 -0.006225108 -0.007976768
v 0.002128815 -0.006258157 -0.007944844
v 0.002119645 -0.006288645 -0.007910625
v 0.002109912 -0.006316399 -0.007874300
v 0.002099670 -0.006341266 -0.007836073
v 0.002088974 -0.006363106 -0.007796159
v 0.002077887 -0.006381796 -0.007754779
v 0.002066469 -0.006397233 -0.007712166
v 0.002054784 -0.006409330 -0.007668558
v 0.002042898 -0.006418019 -0.007624199
v 0.002030877 -0.006423252 -0.007579336
v -0.000150913 0.004333333 -0.006777821
v -0.000147034 0.004261027 -0.006792297
v -0.000141785 0.004190023 -0.006811888
v -0.000135194 0.004120709 -0.006836487
v -0.000127297 0.004053464 -0.006865959
v -0.000118137 0.003988654 -0.006900144
v -0.000107764 0.003926632 -0.006938855
v -0.000096235 0.003867737 -0.006981882
v -0.000083613 0.003812289 -0.007028989
v -0.000069966 0.003760591 -0.007079921
v -0.000055369 0.003712925 -0.007134398
v -0.000039901 0.003669551 -0.007192124
v -0.000023647 0.003630705 -0.007252785
v -0.000006695 0.003596600 -0.007316049
v 0.000010861 0.003567421 -0.007381571
v 0.000028928 0.003543326 -0.007448995
v 0.000047405 0.003524449 -0.007517953
v 0.000066192 0.003510891 -0.007588068
v 0.000085187 0.003502726 -0.007658958
v 0.000104286 0.003500000 -0.007730237
v -0.001116839 0.004333333 -0.007036640
v -0.001112960 0.004261027 -0.007051116
v -0.001107711 0.004190023 -0.007070707
v -0.001101119 0.004120709 -0.007095306
v -0.001093222 0.004053464 -0.007124778
v -0.001084063 0.003988654 -0.007158963
v -0.001073690 0.003926632 -0.007197674
v -0.001062161 0.003867737 -0.007240701
v -0.001049539 0.003812289 -0.007287809
v -0.001035892 0.003760591 -0.007338740
v -0.001021294 0.003712925 -0.007393217
v -0.001005827 0.003669551 -0.007450943
v -0.000989573 0.003630705 -0.007511604
v -0.000972621 0.003596600 -0.007574868
v -0.000955064 0.003567421 -0.007640390
v -0.000936998 0.003543326 -0.007707814
v -0.000918521 0.003524449 -0.007776772
v -0.000899734 0.003510891 -0.007846887
v -0.000880739 0.003502726 -0.007917777
v -0.000861640 0.003500000 -0.007989056
v -0.000661311 0.006000000 -0.004872989
v -0.000623113 0.005994547 -0.005015547
v -0.000585123 0.005978218 -0.005157328
v -0.000547549 0.005951102 -0.005297557
v -0.000510594 0.005913347 -0.005435472
v -0.000474462 0.005865159 -0.005570320
v -0.000439349 0.005806800 -0.005701365
v -0.000405446 0.005738589 -0.005827893
v -0.000372938 0.005660898 -0.005949214
v -0.000342002 0.005574150 -0.006064667
v -0.000312808 0.005478818 -0.006173621
v -0.000285514 0.005375422 -0.006275484
v -0.000260269 0.005264527 -0.006369698
v -0.000237211 0.005146736 -0.006455752
v -0.000216466 0.005022692 -0.006533174
v -0.000198146 0.004893071 -0.006601544
v -0.000182352 0.004758581 -0.006660489
v -0.000169170 0.004619954 -0.006709686
v -0.000158671 0.004477947 -0.006748868
v -0.000150913 0.004333333 -0.006777821
v -0.001116839 0.004333333 -0.007036640
v -0.001124597 0.004477947 -0.007007687
v -0.001135096 0.004619954 -0.006968505
v -0.001148278 0.004758581 -0.006919308
v -0.001164072 0.004893071 -0.006860363
v -0.001182392 0.005022692 -0.006791993
v -0.001203137 0.005146736 -0.006714571
v -0.001226195 0.005264527 -0.006628517
v -0.001251440 0.005375422 -0.006534303
v -0.001278734 0.005478818 -0.006432440
v -0.001307928 0.005574150 -0.006323486
v -0.001338863 0.005660898 -0.006208033
v -0.001371371 0.005738589 -0.006086712
v -0.001405274 0.005806800 -0.005960184
v -0.001440388 0.005865159 -0.005829139
v -0.001476520 0.005913347 -0.005694291
v -0.001513474 0.005951102 -0.005556376
v -0.001551049 0.005978218 -0.005416147
v -0.001589039 0.005994547 -0.005274366
v -0.001627237 0.006000000 -0.005131808
v -0.001701204 0.006000000 -0.004855760
v -0.001627237 0.006000000 -0.005131808
v -0.000661311 0.006000000 -0.004872989
v -0.000735278 0.006000000 -0.004596941
v -0.000735278 0.006000000 -0.004596941
v -0.001701204 0.006000000 -0.004855760
v -0.001739887 0.005994408 -0.004711393
v -0.001778354 0.005977662 -0.004567832
v -0.001816389 0.005949856 -0.004425883
v -0.001853780 0.005911146 -0.004286337
v -0.001890318 0.005861747 -0.004149975
v -0.001925799 0.005801938 -0.004017561
v -0.001960023 0.005732051 -0.003889834
v -0.001992800 0.005652478 -0.003767509
v -0.002023946 0.005563663 -0.003651270
v -0.002053287 0.005466104 -0.003541767
v -0.002080660 0.005360345 -0.003439613
v -0.002105910 0.005246980 -0.003345378
v -0.002128897 0.005126640 -0.003259589
v -0.002149492 0.005000000 -0.003182727
v -0.002167580 0.004867767 -0.003115222
v -0.002183060 0.004730682 -0.003057450
v -0.002195845 0.004589510 -0.003009735
v -0.002205864 0.004445042 -0.002972344
v -0.002213060 0.004298085 -0.002945486
v -0.002217395 0.004149460 -0.002929310
v -0.002218842 0.004000000 -0.002923908
v -0.001252916 0.004000000 -0.002665090
v -0.001251469 0.004149460 -0.002670491
v -0.001247135 0.004298085 -0.002686666
v -0.001239938 0.004445042 -0.002713525
v -0.001229919 0.004589510 -0.002750916
v -0.001217134 0.004730682 -0.002798631
v -0.001201654 0.004867767 -0.002856403
v -0.001183566 0.005000000 -0.002923908
v -0.001162971 0.005126640 -0.003000770
v -0.001139984 0.005246980 -0.003086559
v -0.001114734 0.005360345 -0.003180793
v -0.001087361 0.005466104 -0.003282948
v -0.001058020 0.005563663 -0.003392451
v -0.001026874 0.005652478 -0.003508690
v -0.000994097 0.005732051 -0.003631015
v -0.000959873 0.005801938 -0.003758742
v -0.000924393 0.005861747 -0.003891156
v -0.000887855 0.005911146 -0.004027518
v -0.000850463 0.005949856 -0.004167064
v -0.000812428 0.005977662 -0.004309013
v -0.000773961 0.005994408 -0.004452573
v -0.001252916 0.003516857 -0.002665090
v -0.001252916 0.004000000 -0.002665090
v -0.002218842 0.004000000 -0.002923908
v -0.002218842 0.003517700 -0.002923909
v -0.002218842 0.003517700 -0.002923909
v -0.002217350 0.003368103 -0.002929478
v -0.002212965 0.003219356 -0.002945840
v -0.002205714 0.003072293 -0.002972904
v -0.002195635 0.002927738 -0.003010518
v -0.002182786 0.002786501 -0.003058470
v -0.002167239 0.002649372 -0.003116494
v -0.002149080 0.002517122 -0.003184262
v -0.002128412 0.002390489 -0.003261396
v -0.001162172 0.002388717 -0.003003750
v -0.001182897 0.002515404 -0.002926405
v -0.001201108 0.002647732 -0.002858441
v -0.001216703 0.002784957 -0.002800240
v -0.001229595 0.002926309 -0.002752127
v -0.001239711 0.003070994 -0.002714374
v -0.001246994 0.003218200 -0.002687191
v -0.001251404 0.003367099 -0.002670733
v -0.001252916 0.003516857 -0.002665090
v -0.002128412 0.002390489 -0.003261396
v -0.001162172 0.002388717 -0.003003750
v -0.001071743 0.001261507 -0.003341236
v -0.001073235 0.001411104 -0.003335667
v -0.001077620 0.001559850 -0.003319305
v -0.001084871 0.001706913 -0.003292241
v -0.001094950 0.001851468 -0.003254628
v -0.001107799 0.001992706 -0.003206675
v -0.001123346 0.002129834 -0.003148652
v -0.001141504 0.002262084 -0.003080884
v -0.002037669 0.001262349 -0.003600055
v -0.002039181 0.001412107 -0.003594412
v -0.002043591 0.001561006 -0.003577954
v -0.002050874 0.001708212 -0.003550772
v -0.002060990 0.001852897 -0.003513019
v -0.002073882 0.001994249 -0.003464906
v -0.002089477 0.002131474 -0.003406704
v -0.002107688 0.002263802 -0.003338740
v -0.001071743 -0.001262349 -0.003341237
v -0.001071743 0.001261507 -0.003341236
v -0.002037669 -0.001261507 -0.003600056
v -0.002037669 0.001262349 -0.003600055
v -0.001162487 -0.002390489 -0.003002577
v -0.001141762 -0.002263802 -0.003079921
v -0.001123551 -0.002131474 -0.003147885
v -0.001107956 -0.001994249 -0.003206087
v -0.001095065 -0.001852897 -0.003254200
v -0.001084949 -0.001708212 -0.003291953
v -0.001077665 -0.001561006 -0.003319135
v -0.001073255 -0.001412107 -0.003335593
v -0.001071743 -0.001262349 -0.003341237
v -0.002128098 -0.002388717 -0.003262569
v -0.002107430 -0.002262084 -0.003339703
v -0.002089272 -0.002129834 -0.003407471
v -0.002073725 -0.001992706 -0.003465494
v -0.002060876 -0.001851468 -0.003513447
v -0.002050797 -0.001706913 -0.003551061
v -0.002043545 -0.001559850 -0.003578124
v -0.002039161 -0.001411104 -0.003594486
v -0.002037669 -0.001261507 -0.003600056
v -0.001252916 -0.003517700 -0.002665090
v -0.001251424 -0.003368103 -0.002670659
v -0.001247040 -0.003219356 -0.002687021
v -0.001239788 -0.003072293 -0.002714085
v -0.001229709 -0.002927738 -0.002751699
v -0.001216860 -0.002786501 -0.002799651
v -0.001201313 -0.002649372 -0.002857674
v -0.001183155 -0.002517122 -0.002925443
v -0.001162487 -0.002390489 -0.003002577
v -0.002128098 -0.002388717 -0.003262569
v -0.002148823 -0.002515404 -0.003185224
v -0.002167034 -0.002647732 -0.003117260
v -0.002182629 -0.002784957 -0.003059059
v -0.002195520 -0.002926309 -0.003010946
v -0.002205636 -0.003070994 -0.002973193
v -0.002212920 -0.003218200 -0.002946011
v -0.002217330 -0.003367099 -0.002929552
v -0.002218842 -0.003516857 -0.002923909
v -0.001252916 -0.004000000 -0.002665089
v -0.001252916 -0.003517700 -0.002665090
v -0.002218842 -0.003516857 -0.002923909
v -0.002218842 -0.004000000 -0.002923908
v -0.002218842 -0.004000000 -0.002923908
v -0.002217395 -0.004149461 -0.002929310
v -0.002213060 -0.004298085 -0.002945486
v -0.002205864 -0.004445042 -0.002972344
v -0.002195845 -0.004589511 -0.003009735
v -0.002183060 -0.004730682 -0.003057450
v -0.002167580 -0.004867768 -0.003115222
v -0.002149492 -0.005000000 -0.003182728
v -0.002128897 -0.005126640 -0.003259589
v -0.002105910 -0.005246980 -0.003345378
v -0.002080659 -0.005360346 -0.003439613
v -0.002053287 -0.005466104 -0.003541767
v -0.002023946 -0.005563663 -0.003651270
v -0.001992800 -0.005652478 -0.003767509
v -0.001960023 -0.005732051 -0.003889834
v -0.001925799 -0.005801938 -0.004017561
v -0.001890318 -0.005861748 -0.004149975
v -0.001853780 -0.005911146 -0.004286337
v -0.001816389 -0.005949856 -0.004425883
v -0.001778354 -0.005977662 -0.004567832
v -0.001739887 -0.005994408 -0.004711393
v -0.001701204 -0.006000000 -0.004855760
v -0.000735278 -0.006000000 -0.004596941
v -0.000773961 -0.005994408 -0.004452574
v -0.000812428 -0.005977662 -0.004309013
v -0.000850463 -0.005949856 -0.004167064
v -0.000887855 -0.005911146 -0.004027518
v -0.000924393 -0.005861748 -0.003891156
v -0.000959873 -0.005801938 -0.003758742
v -0.000994097 -0.005732051 -0.003631015
v -0.001026874 -0.005652478 -0.003508690
v -0.001058020 -0.005563663 -0.003392451
v -0.001087361 -0.005466104 -0.003282948
v -0.001114734 -0.005360346 -0.003180794
v -0.001139984 -0.005246980 -0.003086559
v -0.001162971 -0.005126640 -0.003000770
v -0.001183566 -0.005000000 -0.002923909
v -0.001201654 -0.004867768 -0.002856403
v -0.001217134 -0.004730682 -0.002798631
v -0.001229919 -0.004589511 -0.002750916
v -0.001239938 -0.004445042 -0.002713525
v -0.001247135 -0.004298085 -0.002686667
v -0.001251469 -0.004149461 -0.002670491
v -0.001252916 -0.004000000 -0.002665089
v -0.001662381 -0.006000000 -0.005000649
v -0.000696455 -0.006000000 -0.004741830
v -0.000735278 -0.006000000 -0.004596941
v -0.001701204 -0.006000000 -0.004855760
v -0.001662381 -0.006000000 -0.005000649
v -0.000696455 -0.006000000 -0.004741830
v -0.001624183 -0.005994547 -0.005143207
v -0.001586193 -0.005978218 -0.005284987
v -0.001548618 -0.005951102 -0.005425217
v -0.001511664 -0.005913347 -0.005563132
v -0.001475532 -0.005865159 -0.005697979
v -0.001440419 -0.005806800 -0.005829024
v -0.001406515 -0.005738589 -0.005955552
v -0.001374008 -0.005660898 -0.006076874
v -0.001343072 -0.005574150 -0.006192326
v -0.001313878 -0.005478818 -0.006301281
v -0.001286584 -0.005375422 -0.006403143
v -0.001261339 -0.005264527 -0.006497358
v -0.001238281 -0.005146736 -0.006583411
v -0.001217536 -0.005022692 -0.006660834
v -0.001199216 -0.004893071 -0.006729204
v -0.001183422 -0.004758581 -0.006788148
v -0.001170240 -0.004619954 -0.006837345
v -0.001159741 -0.004477947 -0.006876527
v -0.001151983 -0.004333333 -0.006905480
v -0.000186057 -0.004333333 -0.006646661
v -0.000193815 -0.004477947 -0.006617708
v -0.000204314 -0.004619954 -0.006578526
v -0.000217496 -0.004758581 -0.006529329
v -0.000233290 -0.004893071 -0.006470385
v -0.000251610 -0.005022692 -0.006402015
v -0.000272355 -0.005146736 -0.006324592
v -0.000295413 -0.005264527 -0.006238539
v -0.000320658 -0.005375422 -0.006144324
v -0.000347952 -0.005478818 -0.006042462
v -0.000377146 -0.005574150 -0.005933507
v -0.000408082 -0.005660898 -0.005818055
v -0.000440590 -0.005738589 -0.005696733
v -0.000474493 -0.005806800 -0.005570205
v -0.000509606 -0.005865159 -0.005439160
v -0.000545738 -0.005913347 -0.005304313
v -0.000582693 -0.005951102 -0.005166398
v -0.000620267 -0.005978218 -0.005026168
v -0.000658257 -0.005994547 -0.004884388
v 0.000069142 -0.003500000 -0.007599077
v 0.000050043 -0.003502726 -0.007527798
v 0.000031048 -0.003510891 -0.007456908
v 0.000012260 -0.003524449 -0.007386793
v -0.000006217 -0.003543326 -0.007317836
v -0.000024283 -0.003567421 -0.007250412
v -0.000041839 -0.003596600 -0.007184889
v -0.000058791 -0.003630705 -0.007121625
v -0.000075045 -0.003669551 -0.007060965
v -0.000090513 -0.003712925 -0.007003238
v -0.000105110 -0.003760591 -0.006948761
v -0.000118757 -0.003812289 -0.006897830
v -0.000131379 -0.003867737 -0.006850722
v -0.000142908 -0.003926632 -0.006807696
v -0.000153281 -0.003988654 -0.006768984
v -0.000162441 -0.004053464 -0.006734800
v -0.000170338 -0.004120709 -0.006705327
v -0.000176929 -0.004190023 -0.006680729
v -0.000182178 -0.004261027 -0.006661138
v -0.000186057 -0.004333333 -0.006646661
v -0.000896784 -0.003500000 -0.007857896
v -0.000915883 -0.003502726 -0.007786617
v -0.000934878 -0.003510891 -0.007715727
v -0.000953665 -0.003524449 -0.007645612
v -0.000972142 -0.003543326 -0.007576655
v -0.000990209 -0.003567421 -0.007509231
v -0.001007765 -0.003596600 -0.007443708
v -0.001024717 -0.003630705 -0.007380444
v -0.001040971 -0.003669551 -0.007319784
v -0.001056439 -0.003712925 -0.007262057
v -0.001071036 -0.003760591 -0.007207580
v -0.001084683 -0.003812289 -0.007156649
v -0.001097305 -0.003867737 -0.007109542
v -0.001108834 -0.003926632 -0.007066515
v -0.001119207 -0.003988654 -0.007027804
v -0.001128366 -0.004053464 -0.006993619
v -0.001136264 -0.004120709 -0.006964146
v -0.001142855 -0.004190023 -0.006939548
v -0.001148104 -0.004261027 -0.006919957
v -0.001151983 -0.004333333 -0.006905480
v 0.005254027 0.006000000 -0.019608294
v 0.003519939 0.006000000 -0.013136591
v 0.001684680 0.006000000 -0.013628347
v 0.003418768 0.006000000 -0.020100050
v 0.003418768 0.006000000 -0.020100050
v 0.005254027 0.006000000 -0.019608294
v 0.005771665 0.004000000 -0.021540146
v 0.005770217 0.004149460 -0.021534744
v 0.005765883 0.004298085 -0.021518569
v 0.005758686 0.004445042 -0.021491710
v 0.005748667 0.004589510 -0.021454319
v 0.005735882 0.004730682 -0.021406604
v 0.005720402 0.004867767 -0.021348832
v 0.005702314 0.005000000 -0.021281327
v 0.005681719 0.005126640 -0.021204465
v 0.005658732 0.005246980 -0.021118677
v 0.005633482 0.005360345 -0.021024442
v 0.005606110 0.005466104 -0.020922287
v 0.005576769 0.005563663 -0.020812784
v 0.005545623 0.005652478 -0.020696545
v 0.005512846 0.005732051 -0.020574220
v 0.005478621 0.005801938 -0.020446493
v 0.005443141 0.005861747 -0.020314079
v 0.005406603 0.005911146 -0.020177718
v 0.005369212 0.005949856 -0.020038172
v 0.005331177 0.005977662 -0.019896222
v 0.005292710 0.005994408 -0.019752662
v 0.003936406 0.004000000 -0.022031902
v 0.003934958 0.004149460 -0.022026500
v 0.003930624 0.004298085 -0.022010325
v 0.003923427 0.004445042 -0.021983467
v 0.003913408 0.004589510 -0.021946075
v 0.003900623 0.004730682 -0.021898360
v 0.003885143 0.004867767 -0.021840589
v 0.003867055 0.005000000 -0.021773083
v 0.003846460 0.005126640 -0.021696221
v 0.003823473 0.005246980 -0.021610433
v 0.003798223 0.005360345 -0.021516198
v 0.003770851 0.005466104 -0.021414043
v 0.003741510 0.005563663 -0.021304540
v 0.003710363 0.005652478 -0.021188301
v 0.003677587 0.005732051 -0.021065976
v 0.003643362 0.005801938 -0.020938249
v 0.003607882 0.005861747 -0.020805835
v 0.003571344 0.005911146 -0.020669474
v 0.003533953 0.005949856 -0.020529928
v 0.003495917 0.005977662 -0.020387978
v 0.003457451 0.005994408 -0.020244418
v 0.005771665 -0.004000000 -0.021540146
v 0.003936406 -0.004000000 -0.022031902
v 0.003936406 0.004000000 -0.022031902
v 0.005771665 0.004000000 -0.021540146
v 0.005771665 -0.004000000 -0.021540146
v 0.003936406 -0.004000000 -0.022031902
v 0.005254027 -0.006000000 -0.019608294
v 0.005292710 -0.005994408 -0.019752662
v 0.005331177 -0.005977662 -0.019896222
v 0.005369212 -0.005949856 -0.020038172
v 0.005406603 -0.005911146 -0.020177718
v 0.005443141 -0.005861747 -0.020314079
v 0.005478621 -0.005801938 -0.020446493
v 0.005512846 -0.005732051 -0.020574220
v 0.005545623 -0.005652478 -0.020696545
v 0.005576769 -0.005563663 -0.020812784
v 0.005606110 -0.005466104 -0.020922287
v 0.005633482 -0.005360345 -0.021024442
v 0.005658732 -0.005246980 -0.021118677
v 0.005681719 -0.005126640 -0.021204465
v 0.005702314 -0.005000000 -0.021281327
v 0.005720402 -0.004867767 -0.021348832
v 0.005735882 -0.004730682 -0.021406604
v 0.005748667 -0.004589510 -0.021454319
v 0.005758686 -0.004445042 -0.021491710
v 0.005765883 -0.004298085 -0.021518569
v 0.005770217 -0.004149460 -0.021534744
v 0.003418768 -0.006000000 -0.020100050
v 0.003457451 -0.005994408 -0.020244418
v 0.003495917 -0.005977662 -0.020387978
v 0.003533953 -0.005949856 -0.020529928
v 0.003571344 -0.005911146 -0.020669474
v 0.003607882 -0.005861747 -0.020805835
v 0.003643362 -0.005801938 -0.020938249
v 0.003677587 -0.005732051 -0.021065976
v 0.003710363 -0.005652478 -0.021188301
v 0.003741510 -0.005563663 -0.021304540
v 0.003770851 -0.005466104 -0.021414043
v 0.003798223 -0.005360345 -0.021516198
v 0.003823473 -0.005246980 -0.021610433
v 0.003846460 -0.005126640 -0.021696221
v 0.003867055 -0.005000000 -0.021773083
v 0.003885143 -0.004867767 -0.021840589
v 0.003900623 -0.004730682 -0.021898360
v 0.003913408 -0.004589510 -0.021946075
v 0.003923427 -0.004445042 -0.021983467
v 0.003930624 -0.004298085 -0.022010325
v 0.003934958 -0.004149460 -0.022026500
v 0.003519939 -0.006000000 -0.013136591
v 0.005254027 -0.006000000 -0.019608294
v 0.001684680 -0.006000000 -0.013628347
v 0.003418768 -0.006000000 -0.020100050
v 0.004683131 -0.006000000 -0.000091018
v 0.004644448 -0.005994408 0.000053350
v 0.004605981 -0.005977662 0.000196910
v 0.004567946 -0.005949856 0.000338860
v 0.004530554 -0.005911146 0.000478405
v 0.004494017 -0.005861747 0.000614767
v 0.004458536 -0.005801938 0.000747181
v 0.004424312 -0.005732051 0.000874908
v 0.004391535 -0.005652478 0.000997233
v 0.004360389 -0.005563663 0.001113472
v 0.004331048 -0.005466104 0.001222975
v 0.004303675 -0.005360345 0.001325130
v 0.004278425 -0.005246980 0.001419365
v 0.004255438 -0.005126640 0.001505153
v 0.004234843 -0.005000000 0.001582015
v 0.004216755 -0.004867767 0.001649520
v 0.004201275 -0.004730682 0.001707292
v 0.004188490 -0.004589510 0.001755007
v 0.004178471 -0.004445042 0.001792398
v 0.004171274 -0.004298085 0.001819257
v 0.004166940 -0.004149460 0.001835432
v 0.004165493 -0.004000000 0.001840834
v -0.002016432 -0.004000000 0.000184392
v -0.002014985 -0.004149460 0.000178990
v -0.002010651 -0.004298085 0.000162815
v -0.002003454 -0.004445042 0.000135956
v -0.001993435 -0.004589510 0.000098565
v -0.001980650 -0.004730682 0.000050850
v -0.001965170 -0.004867767 -0.000006922
v -0.001947082 -0.005000000 -0.000074427
v -0.001926487 -0.005126640 -0.000151289
v -0.001903500 -0.005246980 -0.000237077
v -0.001878250 -0.005360345 -0.000331312
v -0.001850878 -0.005466104 -0.000433467
v -0.001821536 -0.005563663 -0.000542970
v -0.001790390 -0.005652478 -0.000659209
v -0.001757613 -0.005732051 -0.000781534
v -0.001723389 -0.005801938 -0.000909261
v -0.001687909 -0.005861747 -0.001041675
v -0.001651371 -0.005911146 -0.001178036
v -0.001613980 -0.005949856 -0.001317582
v -0.001575944 -0.005977662 -0.001459532
v -0.001537477 -0.005994408 -0.001603092
v -0.001498794 -0.006000000 -0.001747460
v 0.004165493 -0.004000000 0.001840834
v 0.004165493 0.004000000 0.001840834
v -0.002016432 0.004000000 0.000184392
v -0.002016432 -0.004000000 0.000184392
v 0.004165493 0.004000000 0.001840834
v 0.004166940 0.004149460 0.001835432
v 0.004171274 0.004298085 0.001819257
v 0.004178471 0.004445042 0.001792398
v 0.004188490 0.004589510 0.001755007
v 0.004201275 0.004730682 0.001707292
v 0.004216755 0.004867767 0.001649520
v 0.004234843 0.005000000 0.001582015
v 0.004255438 0.005126640 0.001505153
v 0.004278425 0.005246980 0.001419365
v 0.004303675 0.005360345 0.001325130
v 0.004331048 0.005466104 0.001222975
v 0.004360389 0.005563663 0.001113472
v 0.004391535 0.005652478 0.000997233
v 0.004424312 0.005732051 0.000874908
v 0.004458536 0.005801938 0.000747181
v 0.004494017 0.005861747 0.000614767
v 0.004530554 0.005911146 0.000478405
v 0.004567946 0.005949856 0.000338860
v 0.004605981 0.005977662 0.000196910
v 0.004644448 0.005994408 0.000053350
v 0.004683131 0.006000000 -0.000091018
v -0.001498794 0.006000000 -0.001747460
v -0.001537477 0.005994408 -0.001603092
v -0.001575944 0.005977662 -0.001459532
v -0.001613980 0.005949856 -0.001317582
v -0.001651371 0.005911146 -0.001178036
v -0.001687909 0.005861747 -0.001041675
v -0.001723389 0.005801938 -0.000909261
v -0.001757613 0.005732051 -0.000781534
v -0.001790390 0.005652478 -0.000659209
v -0.001821536 0.005563663 -0.000542970
v -0.001850878 0.005466104 -0.000433467
v -0.001878250 0.005360345 -0.000331312
v -0.001903500 0.005246980 -0.000237077
v -0.001926487 0.005126640 -0.000151289
v -0.001947082 0.005000000 -0.000074427
v -0.001965170 0.004867767 -0.000006922
v -0.001980650 0.004730682 0.000050850
v -0.001993435 0.004589510 0.000098565
v -0.002003454 0.004445042 0.000135956
v -0.002010651 0.004298085 0.000162815
v -0.002014985 0.004149460 0.000178990
v -0.002016432 0.004000000 0.000184392
v 0.001425861 -0.007000000 -0.012662422
v 0.003261120 -0.007000000 -0.012170665
v 0.003261844 -0.006925270 -0.012173366
v 0.003264011 -0.006850958 -0.012181454
v 0.003267609 -0.006777479 -0.012194883
v 0.003272619 -0.006705245 -0.012213579
v 0.003279011 -0.006634659 -0.012237436
v 0.003286751 -0.006566116 -0.012266322
v 0.003295795 -0.006500000 -0.012300075
v 0.003306093 -0.006436680 -0.012338506
v 0.003317586 -0.006376510 -0.012381400
v 0.003330211 -0.006319827 -0.012428518
v 0.003343897 -0.006266948 -0.012479595
v 0.003358568 -0.006218169 -0.012534346
v 0.003374141 -0.006173761 -0.012592466
v 0.003390529 -0.006133975 -0.012653628
v 0.003407642 -0.006099031 -0.012717492
v 0.003425382 -0.006069126 -0.012783699
v 0.003443651 -0.006044427 -0.012851880
v 0.003462346 -0.006025072 -0.012921653
v 0.003481364 -0.006011169 -0.012992627
v 0.003500597 -0.006002796 -0.013064408
v 0.003519939 -0.006000000 -0.013136591
v 0.001684680 -0.006000000 -0.013628347
v 0.001665338 -0.006002796 -0.013556164
v 0.001646105 -0.006011169 -0.013484384
v 0.001627087 -0.006025072 -0.013413409
v 0.001608392 -0.006044427 -0.013343636
v 0.001590123 -0.006069126 -0.013275455
v 0.001572383 -0.006099031 -0.013209248
v 0.001555270 -0.006133975 -0.013145385
v 0.001538882 -0.006173761 -0.013084222
v 0.001523309 -0.006218169 -0.013026103
v 0.001508638 -0.006266948 -0.012971351
v 0.001494952 -0.006319827 -0.012920274
v 0.001482327 -0.006376510 -0.012873156
v 0.001470834 -0.006436680 -0.012830262
v 0.001460536 -0.006500000 -0.012791831
v 0.001451492 -0.006566116 -0.012758078
v 0.001443752 -0.006634659 -0.012729192
v 0.001437360 -0.006705245 -0.012705335
v 0.001432350 -0.006777479 -0.012686639
v 0.001428752 -0.006850958 -0.012673210
v 0.001426585 -0.006925270 -0.012665123
v 0.017072766 -0.007500000 -0.055989023
v 0.018038692 -0.007500000 -0.055730204
v 0.018038692 0.007500000 -0.055730204
v 0.017072766 0.007500000 -0.055989023
v 0.019660956 -0.007500000 -0.061525759
v 0.019660956 0.007500000 -0.061525759
v 0.019688366 0.007500000 -0.061551191
v 0.019717600 0.007500000 -0.061574504
v 0.019748494 0.007500000 -0.061595567
v 0.019780875 0.007500000 -0.061614263
v 0.019814564 0.007500000 -0.061630486
v 0.019849370 0.007500000 -0.061644147
v 0.019885100 0.007500000 -0.061655168
v 0.019921554 0.007500000 -0.061663489
v 0.019958527 0.007500000 -0.061669061
v 0.019995814 0.007500000 -0.061671856
v 0.020033205 0.007500000 -0.061671856
v 0.020070492 0.007500000 -0.061669061
v 0.020107465 0.007500000 -0.061663489
v 0.020143919 0.007500000 -0.061655168
v 0.020179649 0.007500000 -0.061644147
v 0.020214456 0.007500000 -0.061630486
v 0.020248144 0.007500000 -0.061614263
v 0.020280526 0.007500000 -0.061595567
v 0.020311420 0.007500000 -0.061574504
v 0.020340653 0.007500000 -0.061551191
v 0.020368063 0.007500000 -0.061525759
v 0.020393495 0.007500000 -0.061498349
v 0.020416809 0.007500000 -0.061469115
v 0.020437872 0.007500000 -0.061438221
v 0.020456567 0.007500000 -0.061405840
v 0.020472791 0.007500000 -0.061372151
v 0.020486451 0.007500000 -0.061337345
v 0.020497473 0.007500000 -0.061301615
v 0.020505793 0.007500000 -0.061265161
v 0.020511366 0.007500000 -0.061228188
v 0.020514160 0.007500000 -0.061190901
v 0.020514160 0.007500000 -0.061153510
v 0.020511366 0.007500000 -0.061116223
v 0.020505793 0.007500000 -0.061079249
v 0.020497473 0.007500000 -0.061042796
v 0.020497473 -0.007500000 -0.061042796
v 0.020505793 -0.007500000 -0.061079249
v 0.020511366 -0.007500000 -0.061116223
v 0.020514160 -0.007500000 -0.061153510
v 0.020514160 -0.007500000 -0.061190901
v 0.020511366 -0.007500000 -0.061228188
v 0.020505793 -0.007500000 -0.061265161
v 0.020497473 -0.007500000 -0.061301615
v 0.020486451 -0.007500000 -0.061337345
v 0.020472791 -0.007500000 -0.061372151
v 0.020456567 -0.007500000 -0.061405840
v 0.020437872 -0.007500000 -0.061438221
v 0.020416809 -0.007500000 -0.061469115
v 0.020393495 -0.007500000 -0.061498349
v 0.020368063 -0.007500000 -0.061525759
v 0.020340653 -0.007500000 -0.061551191
v 0.020311420 -0.007500000 -0.061574504
v 0.020280526 -0.007500000 -0.061595567
v 0.020248144 -0.007500000 -0.061614263
v 0.020214456 -0.007500000 -0.061630486
v 0.020179649 -0.007500000 -0.061644147
v 0.020143919 -0.007500000 -0.061655168
v 0.020107465 -0.007500000 -0.061663489
v 0.020070492 -0.007500000 -0.061669061
v 0.020033205 -0.007500000 -0.061671856
v 0.019995814 -0.007500000 -0.061671856
v 0.019958527 -0.007500000 -0.061669061
v 0.019921554 -0.007500000 -0.061663489
v 0.019885100 -0.007500000 -0.061655168
v 0.019849370 -0.007500000 -0.061644147
v 0.019814564 -0.007500000 -0.061630486
v 0.019780875 -0.007500000 -0.061614263
v 0.019748494 -0.007500000 -0.061595567
v 0.019717600 -0.007500000 -0.061574504
v 0.019688366 -0.007500000 -0.061551191
v 0.016467826 -0.007500000 -0.061845135
v 0.016130396 -0.007500000 -0.060585828
v 0.016130396 0.007500000 -0.060585828
v 0.016467826 0.007500000 -0.061845135
v 0.015760720 0.007500000 -0.063069880
v 0.015832180 0.007500000 -0.063047837
v 0.015901793 0.007500000 -0.063020516
v 0.015969169 0.007500000 -0.062988069
v 0.016033933 0.007500000 -0.062950678
v 0.016095721 0.007500000 -0.062908552
v 0.016154188 0.007500000 -0.062861926
v 0.016209007 0.007500000 -0.062811061
v 0.016259872 0.007500000 -0.062756241
v 0.016306498 0.007500000 -0.062697774
v 0.016348625 0.007500000 -0.062635986
v 0.016386016 0.007500000 -0.062571222
v 0.016418463 0.007500000 -0.062503846
v 0.016445784 0.007500000 -0.062434233
v 0.016467826 0.007500000 -0.062362773
v 0.016484467 0.007500000 -0.062289865
v 0.016495613 0.007500000 -0.062215918
v 0.016501201 0.007500000 -0.062141345
v 0.016501201 0.007500000 -0.062066563
v 0.016495613 0.007500000 -0.061991989
v 0.016484467 0.007500000 -0.061918042
v 0.016467826 0.007500000 -0.061845135
v 0.016467826 -0.007500000 -0.061845135
v 0.016484467 -0.007500000 -0.061918042
v 0.016495613 -0.007500000 -0.061991989
v 0.016501201 -0.007500000 -0.062066563
v 0.016501201 -0.007500000 -0.062141345
v 0.016495613 -0.007500000 -0.062215918
v 0.016484467 -0.007500000 -0.062289865
v 0.016467826 -0.007500000 -0.062362773
v 0.016445784 -0.007500000 -0.062434233
v 0.016418463 -0.007500000 -0.062503846
v 0.016386016 -0.007500000 -0.062571222
v 0.016348625 -0.007500000 -0.062635986
v 0.016306498 -0.007500000 -0.062697774
v 0.016259872 -0.007500000 -0.062756241
v 0.016209007 -0.007500000 -0.062811061
v 0.016154188 -0.007500000 -0.062861926
v 0.016095721 -0.007500000 -0.062908552
v 0.016033933 -0.007500000 -0.062950678
v 0.015969169 -0.007500000 -0.062988069
v 0.015901793 -0.007500000 -0.063020516
v 0.015832180 -0.007500000 -0.063047837
v 0.015760720 -0.007500000 -0.063069880
v -0.018817791 0.000000000 -0.029409626
v -0.018813317 0.000119568 -0.029409626
v -0.018799920 0.000238468 -0.029409626
v -0.018777675 0.000356033 -0.029409626
v -0.018746707 0.000471608 -0.029409626
v -0.018707189 0.000584546 -0.029409626
v -0.018659341 0.000694214 -0.029409626
v -0.018603431 0.000800000 -0.029409626
v -0.018539773 0.000901312 -0.029409626
v -0.018468721 0.000997584 -0.029409626
v -0.018390674 0.001088276 -0.029409626
v -0.018306067 0.001172883 -0.029409626
v -0.018215374 0.001250930 -0.029409626
v -0.018119103 0.001321982 -0.029409626
v -0.018017791 0.001385641 -0.029409626
v -0.017912005 0.001441550 -0.029409626
v -0.017802336 0.001489398 -0.029409626
v -0.017689399 0.001528916 -0.029409626
v -0.017573824 0.001559885 -0.029409626
v -0.017456258 0.001582129 -0.029409626
v -0.017337359 0.001595526 -0.029409626
v -0.017217791 0.001600000 -0.029409626
v -0.017098222 0.001595526 -0.029409626
v -0.016979323 0.001582129 -0.029409626
v -0.016861757 0.001559885 -0.029409626
v -0.016746182 0.001528916 -0.029409626
v -0.016633245 0.001489398 -0.029409626
v -0.016523577 0.001441550 -0.029409626
v -0.016417791 0.001385641 -0.029409626
v -0.016316478 0.001321982 -0.029409626
v -0.016220207 0.001250930 -0.029409626
v -0.016129514 0.001172883 -0.029409626
v -0.016044908 0.001088276 -0.029409626
v -0.015966860 0.000997584 -0.029409626
v -0.015895809 0.000901312 -0.029409626
v -0.015832150 0.000800000 -0.029409626
v -0.015776240 0.000694214 -0.029409626
v -0.015728393 0.000584546 -0.029409626
v -0.015688874 0.000471608 -0.029409626
v -0.015657906 0.000356033 -0.029409626
v -0.015635661 0.000238468 -0.029409626
v -0.015622264 0.000119568 -0.029409626
v -0.015617791 0.000000000 -0.029409626
v -0.018317791 0.000000000 -0.028909626
v -0.018314715 0.000082203 -0.028909626
v -0.018305504 0.000163946 -0.028909626
v -0.018290211 0.000244773 -0.028909626
v -0.018268921 0.000324231 -0.028909626
v -0.018241752 0.000401875 -0.028909626
v -0.018208856 0.000477272 -0.028909626
v -0.018170419 0.000550000 -0.028909626
v -0.018126653 0.000619652 -0.028909626
v -0.018077805 0.000685839 -0.028909626
v -0.018024148 0.000748190 -0.028909626
v -0.017965981 0.000806357 -0.028909626
v -0.017903629 0.000860015 -0.028909626
v -0.017837443 0.000908863 -0.028909626
v -0.017767791 0.000952628 -0.028909626
v -0.017695063 0.000991066 -0.028909626
v -0.017619666 0.001023961 -0.028909626
v -0.017542021 0.001051130 -0.028909626
v -0.017462564 0.001072421 -0.028909626
v -0.017381737 0.001087714 -0.028909626
v -0.017299994 0.001096924 -0.028909626
v -0.017217791 0.001100000 -0.028909626
v -0.017135587 0.001096924 -0.028909626
v -0.017053844 0.001087714 -0.028909626
v -0.016973018 0.001072421 -0.028909626
v -0.016893560 0.001051130 -0.028909626
v -0.016815915 0.001023961 -0.028909626
v -0.016740518 0.000991066 -0.028909626
v -0.016667791 0.000952628 -0.028909626
v -0.016598138 0.000908863 -0.028909626
v -0.016531952 0.000860015 -0.028909626
v -0.016469601 0.000806357 -0.028909626
v -0.016411433 0.000748190 -0.028909626
v -0.016357776 0.000685839 -0.028909626
v -0.016308928 0.000619652 -0.028909626
v -0.016265163 0.000550000 -0.028909626
v -0.016226725 0.000477272 -0.028909626
v -0.016193829 0.000401875 -0.028909626
v -0.016166660 0.000324231 -0.028909626
v -0.016145370 0.000244773 -0.028909626
v -0.016130077 0.000163946 -0.028909626
v -0.016120866 0.000082203 -0.028909626
v -0.016117791 0.000000000 -0.028909626
v -0.018470310 0.000188787 -0.029076293
v -0.018428183 0.000373357 -0.029076293
v -0.018635115 0.000213627 -0.029242960
v -0.018359018 0.000549586 -0.029076293
v -0.018587445 0.000422482 -0.029242960
v -0.018264360 0.000713539 -0.029076293
v -0.018509179 0.000621900 -0.029242960
v -0.018146323 0.000861552 -0.029076293
v -0.018402066 0.000807425 -0.029242960
v -0.018007544 0.000990320 -0.029076293
v -0.018268498 0.000974914 -0.029242960
v -0.017851124 0.001096966 -0.029076293
v -0.018111459 0.001120625 -0.029242960
v -0.017680556 0.001179107 -0.029076293
v -0.017934457 0.001241303 -0.029242960
v -0.017499650 0.001234909 -0.029076293
v -0.017741446 0.001334252 -0.029242960
v -0.017312449 0.001263125 -0.029076293
v -0.017536737 0.001397397 -0.029242960
v -0.017123132 0.001263125 -0.029076293
v -0.017324904 0.001429325 -0.029242960
v -0.016935931 0.001234909 -0.029076293
v -0.017110677 0.001429325 -0.029242960
v -0.016755025 0.001179107 -0.029076293
v -0.016898844 0.001397397 -0.029242960
v -0.016584457 0.001096966 -0.029076293
v -0.016694135 0.001334252 -0.029242960
v -0.016428037 0.000990320 -0.029076293
v -0.016501124 0.001241303 -0.029242960
v -0.016289258 0.000861552 -0.029076293
v -0.016324122 0.001120625 -0.029242960
v -0.016171221 0.000713539 -0.029076293
v -0.016167083 0.000974914 -0.029242960
v -0.016076563 0.000549586 -0.029076293
v -0.016033515 0.000807425 -0.029242960
v -0.016007398 0.000373357 -0.029076293
v -0.015926402 0.000621900 -0.029242960
v -0.015965272 0.000188787 -0.029076293
v -0.015848136 0.000422482 -0.029242960
v -0.015800466 0.000213627 -0.029242960
v -0.030817791 -0.000000000 -0.029409626
v -0.030813317 0.000119568 -0.029409626
v -0.030799920 0.000238468 -0.029409626
v -0.030777675 0.000356033 -0.029409626
v -0.030746707 0.000471608 -0.029409626
v -0.030707189 0.000584546 -0.029409626
v -0.030659341 0.000694214 -0.029409626
v -0.030603431 0.000800000 -0.029409626
v -0.030539773 0.000901312 -0.029409626
v -0.030468721 0.000997584 -0.029409626
v -0.030390674 0.001088276 -0.029409626
v -0.030306067 0.001172883 -0.029409626
v -0.030215374 0.001250930 -0.029409626
v -0.030119103 0.001321982 -0.029409626
v -0.030017791 0.001385641 -0.029409626
v -0.029912005 0.001441550 -0.029409626
v -0.029802336 0.001489398 -0.029409626
v -0.029689399 0.001528916 -0.029409626
v -0.029573824 0.001559885 -0.029409626
v -0.029456258 0.001582129 -0.029409626
v -0.029337359 0.001595526 -0.029409626
v -0.029217791 0.001600000 -0.029409626
v -0.029098222 0.001595526 -0.029409626
v -0.028979323 0.001582129 -0.029409626
v -0.028861757 0.001559885 -0.029409626
v -0.028746182 0.001528916 -0.029409626
v -0.028633245 0.001489398 -0.029409626
v -0.028523577 0.001441550 -0.029409626
v -0.028417791 0.001385641 -0.029409626
v -0.028316478 0.001321982 -0.029409626
v -0.028220207 0.001250930 -0.029409626
v -0.028129514 0.001172883 -0.029409626
v -0.028044908 0.001088276 -0.029409626
v -0.027966860 0.000997584 -0.029409626
v -0.027895809 0.000901312 -0.029409626
v -0.027832150 0.000800000 -0.029409626
v -0.027776240 0.000694214 -0.029409626
v -0.027728393 0.000584546 -0.029409626
v -0.027688874 0.000471608 -0.029409626
v -0.027657906 0.000356033 -0.029409626
v -0.027635661 0.000238468 -0.029409626
v -0.027622264 0.000119568 -0.029409626
v -0.027617791 0.000000000 -0.029409626
v -0.030317791 0.000000000 -0.028909626
v -0.030314715 0.000082203 -0.028909626
v -0.030305504 0.000163946 -0.028909626
v -0.030290211 0.000244773 -0.028909626
v -0.030268921 0.000324231 -0.028909626
v -0.030241752 0.000401875 -0.028909626
v -0.030208856 0.000477272 -0.028909626
v -0.030170419 0.000550000 -0.028909626
v -0.030126653 0.000619652 -0.028909626
v -0.030077805 0.000685839 -0.028909626
v -0.030024148 0.000748190 -0.028909626
v -0.029965981 0.000806357 -0.028909626
v -0.029903629 0.000860015 -0.028909626
v -0.029837443 0.000908863 -0.028909626
v -0.029767791 0.000952628 -0.028909626
v -0.029695063 0.000991066 -0.028909626
v -0.029619666 0.001023961 -0.028909626
v -0.029542021 0.001051130 -0.028909626
v -0.029462564 0.001072421 -0.028909626
v -0.029381737 0.001087714 -0.028909626
v -0.029299994 0.001096924 -0.028909626
v -0.029217791 0.001100000 -0.028909626
v -0.029135587 0.001096924 -0.028909626
v -0.029053844 0.001087714 -0.028909626
v -0.028973018 0.001072421 -0.028909626
v -0.028893560 0.001051130 -0.028909626
v -0.028815915 0.001023961 -0.028909626
v -0.028740518 0.000991066 -0.028909626
v -0.028667791 0.000952628 -0.028909626
v -0.028598138 0.000908863 -0.028909626
v -0.028531952 0.000860015 -0.028909626
v -0.028469601 0.000806357 -0.028909626
v -0.028411433 0.000748190 -0.028909626
v -0.028357776 0.000685839 -0.028909626
v -0.028308928 0.000619652 -0.028909626
v -0.028265163 0.000550000 -0.028909626
v -0.028226725 0.000477272 -0.028909626
v -0.028193829 0.000401875 -0.028909626
v -0.028166660 0.000324231 -0.028909626
v -0.028145370 0.000244773 -0.028909626
v -0.028130077 0.000163946 -0.028909626
v -0.028120866 0.000082203 -0.028909626
v -0.028117791 0.000000000 -0.028909626
v -0.030470310 0.000188787 -0.029076293
v -0.030428183 0.000373357 -0.029076293
v -0.030635115 0.000213627 -0.029242960
v -0.030359018 0.000549586 -0.029076293
v -0.030587445 0.000422482 -0.029242960
v -0.030264360 0.000713539 -0.029076293
v -0.030509179 0.000621900 -0.029242960
v -0.030146323 0.000861552 -0.029076293
v -0.030402066 0.000807425 -0.029242960
v -0.030007544 0.000990320 -0.029076293
v -0.030268498 0.000974914 -0.029242960
v -0.029851124 0.001096966 -0.029076293
v -0.030111459 0.001120625 -0.029242960
v -0.029680556 0.001179107 -0.029076293
v -0.029934457 0.001241303 -0.029242960
v -0.029499650 0.001234909 -0.029076293
v -0.029741446 0.001334252 -0.029242960
v -0.029312449 0.001263125 -0.029076293
v -0.029536737 0.001397397 -0.029242960
v -0.029123132 0.001263125 -0.029076293
v -0.029324904 0.001429325 -0.029242960
v -0.028935931 0.001234909 -0.029076293
v -0.029110677 0.001429325 -0.029242960
v -0.028755025 0.001179107 -0.029076293
v -0.028898844 0.001397397 -0.029242960
v -0.028584457 0.001096966 -0.029076293
v -0.028694135 0.001334252 -0.029242960
v -0.028428037 0.000990320 -0.029076293
v -0.028501124 0.001241303 -0.029242960
v -0.028289258 0.000861552 -0.029076293
v -0.028324122 0.001120625 -0.029242960
v -0.028171221 0.000713539 -0.029076293
v -0.028167083 0.000974914 -0.029242960
v -0.028076563 0.000549586 -0.029076293
v -0.028033515 0.000807425 -0.029242960
v -0.028007398 0.000373357 -0.029076293
v -0.027926402 0.000621900 -0.029242960
v -0.027965272 0.000188787 -0.029076293
v -0.027848136 0.000422482 -0.029242960
v -0.027800466 0.000213627 -0.029242960
v -0.048717791 0.000000000 -0.006009626
v -0.048717791 0.000119568 -0.006005153
v -0.048717791 0.000238468 -0.005991756
v -0.048717791 0.000356033 -0.005969511
v -0.048717791 0.000471608 -0.005938543
v -0.048717791 0.000584546 -0.005899024
v -0.048717791 0.000694214 -0.005851177
v -0.048717791 0.000800000 -0.005795267
v -0.048717791 0.000901312 -0.005731608
v -0.048717791 0.000997584 -0.005660557
v -0.048717791 0.001088276 -0.005582509
v -0.048717791 0.001172883 -0.005497903
v -0.048717791 0.001250930 -0.005407210
v -0.048717791 0.001321982 -0.005310939
v -0.048717791 0.001385641 -0.005209626
v -0.048717791 0.001441550 -0.005103840
v -0.048717791 0.001489398 -0.004994172
v -0.048717791 0.001528916 -0.004881235
v -0.048717791 0.001559885 -0.004765660
v -0.048717791 0.001582129 -0.004648094
v -0.048717791 0.001595526 -0.004529195
v -0.048717791 0.001600000 -0.004409626
v -0.048717791 0.001595526 -0.004290058
v -0.048717791 0.001582129 -0.004171159
v -0.048717791 0.001559885 -0.004053593
v -0.048717791 0.001528916 -0.003938018
v -0.048717791 0.001489398 -0.003825081
v -0.048717791 0.001441550 -0.003715412
v -0.048717791 0.001385641 -0.003609626
v -0.048717791 0.001321982 -0.003508314
v -0.048717791 0.001250930 -0.003412043
v -0.048717791 0.001172883 -0.003321350
v -0.048717791 0.001088276 -0.003236743
v -0.048717791 0.000997584 -0.003158696
v -0.048717791 0.000901312 -0.003087644
v -0.048717791 0.000800000 -0.003023986
v -0.048717791 0.000694214 -0.002968076
v -0.048717791 0.000584546 -0.002920228
v -0.048717791 0.000471608 -0.002880710
v -0.048717791 0.000356033 -0.002849742
v -0.048717791 0.000238468 -0.002827497
v -0.048717791 0.000119568 -0.002814100
v -0.048717791 0.000000000 -0.002809626
v -0.048217791 -0.000000000 -0.003309626
v -0.048217791 -0.000000000 -0.005509626
v -0.048217791 0.000082203 -0.005506551
v -0.048217791 0.000163946 -0.005497340
v -0.048217791 0.000244773 -0.005482047
v -0.048217791 0.000324231 -0.005460757
v -0.048217791 0.000401875 -0.005433588
v -0.048217791 0.000477272 -0.005400692
v -0.048217791 0.000550000 -0.005362254
v -0.048217791 0.000619652 -0.005318489
v -0.048217791 0.000685839 -0.005269641
v -0.048217791 0.000748190 -0.005215984
v -0.048217791 0.000806357 -0.005157816
v -0.048217791 0.000860015 -0.005095465
v -0.048217791 0.000908863 -0.005029279
v -0.048217791 0.000952628 -0.004959626
v -0.048217791 0.000991066 -0.004886899
v -0.048217791 0.001023961 -0.004811502
v -0.048217791 0.001051130 -0.004733857
v -0.048217791 0.001072421 -0.004654399
v -0.048217791 0.001087714 -0.004573573
v -0.048217791 0.001096924 -0.004491830
v -0.048217791 0.001100000 -0.004409626
v -0.048217791 0.001096924 -0.004327423
v -0.048217791 0.001087714 -0.004245680
v -0.048217791 0.001072421 -0.004164853
v -0.048217791 0.001051130 -0.004085396
v -0.048217791 0.001023961 -0.004007751
v -0.048217791 0.000991066 -0.003932354
v -0.048217791 0.000952628 -0.003859626
v -0.048217791 0.000908863 -0.003789974
v -0.048217791 0.000860015 -0.003723788
v -0.048217791 0.000806357 -0.003661436
v -0.048217791 0.000748190 -0.003603269
v -0.048217791 0.000685839 -0.003549612
v -0.048217791 0.000619652 -0.003500764
v -0.048217791 0.000550000 -0.003456998
v -0.048217791 0.000477272 -0.003418561
v -0.048217791 0.000401875 -0.003385665
v -0.048217791 0.000324231 -0.003358496
v -0.048217791 0.000244773 -0.003337206
v -0.048217791 0.000163946 -0.003321913
v -0.048217791 0.000082203 -0.003312702
v -0.048384457 0.000188787 -0.003157107
v -0.048384457 0.000373357 -0.003199234
v -0.048551124 0.000213627 -0.002992302
v -0.048384457 0.000549586 -0.003268399
v -0.048551124 0.000422482 -0.003039972
v -0.048384457 0.000713539 -0.003363057
v -0.048551124 0.000621900 -0.003118238
v -0.048384457 0.000861552 -0.003481094
v -0.048551124 0.000807425 -0.003225351
v -0.048384457 0.000990320 -0.003619873
v -0.048551124 0.000974914 -0.003358919
v -0.048384457 0.001096966 -0.003776293
v -0.048551124 0.001120625 -0.003515958
v -0.048384457 0.001179107 -0.003946861
v -0.048551124 0.001241303 -0.003692960
v -0.048384457 0.001234909 -0.004127767
v -0.048551124 0.001334252 -0.003885971
v -0.048384457 0.001263125 -0.004314968
v -0.048551124 0.001397397 -0.004090680
v -0.048384457 0.001263125 -0.004504285
v -0.048551124 0.001429325 -0.004302513
v -0.048384457 0.001234909 -0.004691486
v -0.048551124 0.001429325 -0.004516740
v -0.048384457 0.001179107 -0.004872392
v -0.048551124 0.001397397 -0.004728573
v -0.048384457 0.001096966 -0.005042960
v -0.048551124 0.001334252 -0.004933282
v -0.048384457 0.000990320 -0.005199380
v -0.048551124 0.001241303 -0.005126293
v -0.048384457 0.000861552 -0.005338159
v -0.048551124 0.001120625 -0.005303295
v -0.048384457 0.000713539 -0.005456196
v -0.048551124 0.000974914 -0.005460334
v -0.048384457 0.000549586 -0.005550854
v -0.048551124 0.000807425 -0.005593902
v -0.048384457 0.000373357 -0.005620019
v -0.048551124 0.000621900 -0.005701015
v -0.048384457 0.000188787 -0.005662145
v -0.048551124 0.000422482 -0.005779281
v -0.048551124 0.000213627 -0.005826951
v -0.048717791 0.000000000 0.005990374
v -0.048717791 0.000119568 0.005994847
v -0.048717791 0.000238468 0.006008244
v -0.048717791 0.000356033 0.006030489
v -0.048717791 0.000471608 0.006061457
v -0.048717791 0.000584546 0.006100976
v -0.048717791 0.000694214 0.006148823
v -0.048717791 0.000800000 0.006204733
v -0.048717791 0.000901312 0.006268392
v -0.048717791 0.000997584 0.006339443
v -0.048717791 0.001088276 0.006417491
v -0.048717791 0.001172883 0.006502097
v -0.048717791 0.001250930 0.006592790
v -0.048717791 0.001321982 0.006689061
v -0.048717791 0.001385641 0.006790374
v -0.048717791 0.001441550 0.006896160
v -0.048717791 0.001489398 0.007005828
v -0.048717791 0.001528916 0.007118765
v -0.048717791 0.001559885 0.007234340
v -0.048717791 0.001582129 0.007351906
v -0.048717791 0.001595526 0.007470805
v -0.048717791 0.001600000 0.007590374
v -0.048717791 0.001595526 0.007709942
v -0.048717791 0.001582129 0.007828841
v -0.048717791 0.001559885 0.007946407
v -0.048717791 0.001528916 0.008061982
v -0.048717791 0.001489398 0.008174919
v -0.048717791 0.001441550 0.008284588
v -0.048717791 0.001385641 0.008390374
v -0.048717791 0.001321982 0.008491686
v -0.048717791 0.001250930 0.008587957
v -0.048717791 0.001172883 0.008678650
v -0.048717791 0.001088276 0.008763257
v -0.048717791 0.000997584 0.008841304
v -0.048717791 0.000901312 0.008912356
v -0.048717791 0.000800000 0.008976014
v -0.048717791 0.000694214 0.009031924
v -0.048717791 0.000584546 0.009079772
v -0.048717791 0.000471608 0.009119290
v -0.048717791 0.000356033 0.009150258
v -0.048717791 0.000238468 0.009172503
v -0.048717791 0.000119568 0.009185900
v -0.048717791 0.000000000 0.009190374
v -0.048217791 -0.000000000 0.008690374
v -0.048217791 0.000000000 0.006490374
v -0.048217791 0.000082203 0.006493449
v -0.048217791 0.000163946 0.006502660
v -0.048217791 0.000244773 0.006517953
v -0.048217791 0.000324231 0.006539243
v -0.048217791 0.000401875 0.006566412
v -0.048217791 0.000477272 0.006599308
v -0.048217791 0.000550000 0.006637746
v -0.048217791 0.000619652 0.006681511
v -0.048217791 0.000685839 0.006730359
v -0.048217791 0.000748190 0.006784016
v -0.048217791 0.000806357 0.006842184
v -0.048217791 0.000860015 0.006904535
v -0.048217791 0.000908863 0.006970721
v -0.048217791 0.000952628 0.007040374
v -0.048217791 0.000991066 0.007113101
v -0.048217791 0.001023961 0.007188498
v -0.048217791 0.001051130 0.007266143
v -0.048217791 0.001072421 0.007345601
v -0.048217791 0.001087714 0.007426427
v -0.048217791 0.001096924 0.007508170
v -0.048217791 0.001100000 0.007590374
v -0.048217791 0.001096924 0.007672577
v -0.048217791 0.001087714 0.007754320
v -0.048217791 0.001072421 0.007835147
v -0.048217791 0.001051130 0.007914604
v -0.048217791 0.001023961 0.007992249
v -0.048217791 0.000991066 0.008067646
v -0.048217791 0.000952628 0.008140374
v -0.048217791 0.000908863 0.008210026
v -0.048217791 0.000860015 0.008276212
v -0.048217791 0.000806357 0.008338564
v -0.048217791 0.000748190 0.008396731
v -0.048217791 0.000685839 0.008450388
v -0.048217791 0.000619652 0.008499236
v -0.048217791 0.000550000 0.008543002
v -0.048217791 0.000477272 0.008581439
v -0.048217791 0.000401875 0.008614335
v -0.048217791 0.000324231 0.008641504
v -0.048217791 0.000244773 0.008662794
v -0.048217791 0.000163946 0.008678087
v -0.048217791 0.000082203 0.008687298
v -0.048384457 0.000188787 0.008842893
v -0.048384457 0.000373357 0.008800766
v -0.048551124 0.000213627 0.009007698
v -0.048384457 0.000549586 0.008731601
v -0.048551124 0.000422482 0.008960028
v -0.048384457 0.000713539 0.008636943
v -0.048551124 0.000621900 0.008881762
v -0.048384457 0.000861552 0.008518906
v -0.048551124 0.000807425 0.008774649
v -0.048384457 0.000990320 0.008380127
v -0.048551124 0.000974914 0.008641081
v -0.048384457 0.001096966 0.008223707
v -0.048551124 0.001120625 0.008484042
v -0.048384457 0.001179107 0.008053139
v -0.048551124 0.001241303 0.008307040
v -0.048384457 0.001234909 0.007872233
v -0.048551124 0.001334252 0.008114029
v -0.048384457 0.001263125 0.007685032
v -0.048551124 0.001397397 0.007909320
v -0.048384457 0.001263125 0.007495715
v -0.048551124 0.001429325 0.007697487
v -0.048384457 0.001234909 0.007308514
v -0.048551124 0.001429325 0.007483260
v -0.048384457 0.001179107 0.007127608
v -0.048551124 0.001397397 0.007271427
v -0.048384457 0.001096966 0.006957040
v -0.048551124 0.001334252 0.007066718
v -0.048384457 0.000990320 0.006800620
v -0.048551124 0.001241303 0.006873707
v -0.048384457 0.000861552 0.006661841
v -0.048551124 0.001120625 0.006696705
v -0.048384457 0.000713539 0.006543804
v -0.048551124 0.000974914 0.006539666
v -0.048384457 0.000549586 0.006449146
v -0.048551124 0.000807425 0.006406098
v -0.048384457 0.000373357 0.006379981
v -0.048551124 0.000621900 0.006298985
v -0.048384457 0.000188787 0.006337855
v -0.048551124 0.000422482 0.006220719
v -0.048551124 0.000213627 0.006173049
v -0.049339111 -0.002500000 0.044969053
v -0.049485039 -0.002500000 0.044812315
v -0.049619414 -0.002500000 0.044645566
v -0.049741551 -0.002500000 0.044469655
v -0.049850828 -0.002500000 0.044285480
v -0.049946687 -0.002500000 0.044093978
v -0.050028640 -0.002500000 0.043896125
v -0.050096269 -0.002500000 0.043692931
v -0.050149231 -0.002500000 0.043485429
v -0.050187255 -0.002500000 0.043274677
v -0.050210147 -0.002500000 0.043061750
v -0.050217791 -0.002500000 0.042847733
v -0.049339111 0.002500000 0.044969053
v -0.050217791 0.002500000 0.042847733
v -0.050210147 0.002500000 0.043061750
v -0.050187255 0.002500000 0.043274677
v -0.050149231 0.002500000 0.043485429
v -0.050096269 0.002500000 0.043692931
v -0.050028640 0.002500000 0.043896125
v -0.049946687 0.002500000 0.044093978
v -0.049850828 0.002500000 0.044285480
v -0.049741551 0.002500000 0.044469655
v -0.049619414 0.002500000 0.044645566
v -0.049485039 0.002500000 0.044812315
v -0.028103577 0.002500000 0.058504587
v -0.029632004 0.002500000 0.056976160
v -0.028103577 0.007500000 0.058504587
v -0.029632004 0.007500000 0.056976160
v 0.000133493 0.007102418 -0.000498203
v 0.000170187 0.007143882 -0.000635147
v 0.000205989 0.007195697 -0.000768762
v 0.000240704 0.007257580 -0.000898318
v 0.000274141 0.007329194 -0.001023110
v 0.000306120 0.007410148 -0.001142455
v 0.000336465 0.007500000 -0.001255704
v 0.004683131 0.007500000 -0.000091018
v 0.004652786 0.007410148 0.000022231
v 0.004620808 0.007329194 0.000141576
v 0.004587370 0.007257580 0.000266367
v 0.004552655 0.007195697 0.000395924
v 0.004516853 0.007143882 0.000529539
v 0.004480159 0.007102418 0.000666483
v -0.001239975 0.006800000 -0.002713386
v 0.004941950 0.006800000 -0.001056944
v 0.004941950 0.007500000 -0.001056944
v -0.001239975 0.007500000 -0.002713386
v 0.003261120 0.007500000 -0.012170665
v 0.003261120 0.007000000 -0.012170665
v 0.001425861 0.007000000 -0.012662422
v 0.001425861 0.007500000 -0.012662422
v -0.002037669 0.001262349 -0.003600055
v -0.002039181 0.001412107 -0.003594412
v -0.002043591 0.001561006 -0.003577954
v -0.002050874 0.001708212 -0.003550772
v -0.002060990 0.001852897 -0.003513019
v -0.002073882 0.001994249 -0.003464906
v -0.002089477 0.002131474 -0.003406704
v -0.002107688 0.002263802 -0.003338740
v -0.002128412 0.002390489 -0.003261396
v -0.002218842 0.003517700 -0.002923909
v -0.002217350 0.003368103 -0.002929478
v -0.002212965 0.003219356 -0.002945840
v -0.002205714 0.003072293 -0.002972904
v -0.002195635 0.002927738 -0.003010518
v -0.002182786 0.002786501 -0.003058470
v -0.002167239 0.002649372 -0.003116494
v -0.002149080 0.002517122 -0.003184262
v -0.002218842 0.004000000 -0.002923908
v -0.001701204 0.006000000 -0.004855760
v -0.001739887 0.005994408 -0.004711393
v -0.001778354 0.005977662 -0.004567832
v -0.001816389 0.005949856 -0.004425883
v -0.001853780 0.005911146 -0.004286337
v -0.001890318 0.005861747 -0.004149975
v -0.001925799 0.005801938 -0.004017561
v -0.001960023 0.005732051 -0.003889834
v -0.001992800 0.005652478 -0.003767509
v -0.002023946 0.005563663 -0.003651270
v -0.002053287 0.005466104 -0.003541767
v -0.002080660 0.005360345 -0.003439613
v -0.002105910 0.005246980 -0.003345378
v -0.002128897 0.005126640 -0.003259589
v -0.002149492 0.005000000 -0.003182727
v -0.002167580 0.004867767 -0.003115222
v -0.002183060 0.004730682 -0.003057450
v -0.002195845 0.004589510 -0.003009735
v -0.002205864 0.004445042 -0.002972344
v -0.002213060 0.004298085 -0.002945486
v -0.002217395 0.004149460 -0.002929310
v -0.001627237 0.006000000 -0.005131808
v -0.001116839 0.004333333 -0.007036640
v -0.001124597 0.004477947 -0.007007687
v -0.001135096 0.004619954 -0.006968505
v -0.001148278 0.004758581 -0.006919308
v -0.001164072 0.004893071 -0.006860363
v -0.001182392 0.005022692 -0.006791993
v -0.001203137 0.005146736 -0.006714571
v -0.001226195 0.005264527 -0.006628517
v -0.001251440 0.005375422 -0.006534303
v -0.001278734 0.005478818 -0.006432440
v -0.001307928 0.005574150 -0.006323486
v -0.001338863 0.005660898 -0.006208033
v -0.001371371 0.005738589 -0.006086712
v -0.001405274 0.005806800 -0.005960184
v -0.001440388 0.005865159 -0.005829139
v -0.001476520 0.005913347 -0.005694291
v -0.001513474 0.005951102 -0.005556376
v -0.001551049 0.005978218 -0.005416147
v -0.001589039 0.005994547 -0.005274366
v -0.001112960 0.004261027 -0.007051116
v -0.001107711 0.004190023 -0.007070707
v -0.001101119 0.004120709 -0.007095306
v -0.001093222 0.004053464 -0.007124778
v -0.001084063 0.003988654 -0.007158963
v -0.001073690 0.003926632 -0.007197674
v -0.001062161 0.003867737 -0.007240701
v -0.001049539 0.003812289 -0.007287809
v -0.001035892 0.003760591 -0.007338740
v -0.001021294 0.003712925 -0.007393217
v -0.001005827 0.003669551 -0.007450943
v -0.000989573 0.003630705 -0.007511604
v -0.000972621 0.003596600 -0.007574868
v -0.000955064 0.003567421 -0.007640390
v -0.000936998 0.003543326 -0.007707814
v -0.000918521 0.003524449 -0.007776772
v -0.000899734 0.003510891 -0.007846887
v -0.000880739 0.003502726 -0.007917777
v -0.000861640 0.003500000 -0.007989056
v -0.000743573 0.003500000 -0.008429686
v -0.001261212 0.001500000 -0.006497834
v -0.001259764 0.001649460 -0.006503236
v -0.001255430 0.001798085 -0.006519411
v -0.001248233 0.001945042 -0.006546269
v -0.001238214 0.002089510 -0.006583661
v -0.001225429 0.002230682 -0.006631376
v -0.001209949 0.002367767 -0.006689147
v -0.001191861 0.002500000 -0.006756653
v -0.001171266 0.002626640 -0.006833515
v -0.001148279 0.002746980 -0.006919303
v -0.001123029 0.002860345 -0.007013538
v -0.001095657 0.002966104 -0.007115693
v -0.001066316 0.003063663 -0.007225196
v -0.001035169 0.003152478 -0.007341435
v -0.001002393 0.003232051 -0.007463760
v -0.000968168 0.003301938 -0.007591487
v -0.000932688 0.003361747 -0.007723901
v -0.000896150 0.003411146 -0.007860262
v -0.000858759 0.003449856 -0.007999808
v -0.000820723 0.003477662 -0.008141758
v -0.000782257 0.003494408 -0.008285318
v -0.001261212 -0.001500000 -0.006497834
v -0.000743573 -0.003500000 -0.008429686
v -0.000782257 -0.003494408 -0.008285318
v -0.000820723 -0.003477662 -0.008141758
v -0.000858759 -0.003449856 -0.007999808
v -0.000896150 -0.003411146 -0.007860262
v -0.000932688 -0.003361747 -0.007723901
v -0.000968168 -0.003301938 -0.007591487
v -0.001002393 -0.003232051 -0.007463760
v -0.001035169 -0.003152478 -0.007341435
v -0.001066316 -0.003063663 -0.007225196
v -0.001095657 -0.002966104 -0.007115693
v -0.001123029 -0.002860345 -0.007013538
v -0.001148279 -0.002746980 -0.006919303
v -0.001171266 -0.002626640 -0.006833515
v -0.001191861 -0.002500000 -0.006756653
v -0.001209949 -0.002367767 -0.006689147
v -0.001225429 -0.002230682 -0.006631376
v -0.001238214 -0.002089510 -0.006583661
v -0.001248233 -0.001945042 -0.006546269
v -0.001255430 -0.001798085 -0.006519411
v -0.001259764 -0.001649460 -0.006503236
v -0.000896784 -0.003500000 -0.007857896
v -0.000915883 -0.003502726 -0.007786617
v -0.000934878 -0.003510891 -0.007715727
v -0.000953665 -0.003524449 -0.007645612
v -0.000972142 -0.003543326 -0.007576655
v -0.000990209 -0.003567421 -0.007509231
v -0.001007765 -0.003596600 -0.007443708
v -0.001024717 -0.003630705 -0.007380444
v -0.001040971 -0.003669551 -0.007319784
v -0.001056439 -0.003712925 -0.007262057
v -0.001071036 -0.003760591 -0.007207580
v -0.001084683 -0.003812289 -0.007156649
v -0.001097305 -0.003867737 -0.007109542
v -0.001108834 -0.003926632 -0.007066515
v -0.001119207 -0.003988654 -0.007027804
v -0.001128366 -0.004053464 -0.006993619
v -0.001136264 -0.004120709 -0.006964146
v -0.001142855 -0.004190023 -0.006939548
v -0.001148104 -0.004261027 -0.006919957
v -0.001151983 -0.004333333 -0.006905480
v -0.001662381 -0.006000000 -0.005000649
v -0.001624183 -0.005994547 -0.005143207
v -0.001586193 -0.005978218 -0.005284987
v -0.001548618 -0.005951102 -0.005425217
v -0.001511664 -0.005913347 -0.005563132
v -0.001475532 -0.005865159 -0.005697979
v -0.001440419 -0.005806800 -0.005829024
v -0.001406515 -0.005738589 -0.005955552
v -0.001374008 -0.005660898 -0.006076874
v -0.001343072 -0.005574150 -0.006192326
v -0.001313878 -0.005478818 -0.006301281
v -0.001286584 -0.005375422 -0.006403143
v -0.001261339 -0.005264527 -0.006497358
v -0.001238281 -0.005146736 -0.006583411
v -0.001217536 -0.005022692 -0.006660834
v -0.001199216 -0.004893071 -0.006729204
v -0.001183422 -0.004758581 -0.006788148
v -0.001170240 -0.004619954 -0.006837345
v -0.001159741 -0.004477947 -0.006876527
v -0.001701204 -0.006000000 -0.004855760
v -0.002218842 -0.004000000 -0.002923908
v -0.002217395 -0.004149461 -0.002929310
v -0.002213060 -0.004298085 -0.002945486
v -0.002205864 -0.004445042 -0.002972344
v -0.002195845 -0.004589511 -0.003009735
v -0.002183060 -0.004730682 -0.003057450
v -0.002167580 -0.004867768 -0.003115222
v -0.002149492 -0.005000000 -0.003182728
v -0.002128897 -0.005126640 -0.003259589
v -0.002105910 -0.005246980 -0.003345378
v -0.002080659 -0.005360346 -0.003439613
v -0.002053287 -0.005466104 -0.003541767
v -0.002023946 -0.005563663 -0.003651270
v -0.001992800 -0.005652478 -0.003767509
v -0.001960023 -0.005732051 -0.003889834
v -0.001925799 -0.005801938 -0.004017561
v -0.001890318 -0.005861748 -0.004149975
v -0.001853780 -0.005911146 -0.004286337
v -0.001816389 -0.005949856 -0.004425883
v -0.001778354 -0.005977662 -0.004567832
v -0.001739887 -0.005994408 -0.004711393
v -0.002218842 -0.003516857 -0.002923909
v -0.002128098 -0.002388717 -0.003262569
v -0.002148823 -0.002515404 -0.003185224
v -0.002167034 -0.002647732 -0.003117260
v -0.002182629 -0.002784957 -0.003059059
v -0.002195520 -0.002926309 -0.003010946
v -0.002205636 -0.003070994 -0.002973193
v -0.002212920 -0.003218200 -0.002946011
v -0.002217330 -0.003367099 -0.002929552
v -0.002107430 -0.002262084 -0.003339703
v -0.002089272 -0.002129834 -0.003407471
v -0.002073725 -0.001992706 -0.003465494
v -0.002060876 -0.001851468 -0.003513447
v -0.002050797 -0.001706913 -0.003551061
v -0.002043545 -0.001559850 -0.003578124
v -0.002039161 -0.001411104 -0.003594486
v -0.002037669 -0.001261507 -0.003600056
v -0.036725198 -0.002500000 0.054766850
v -0.036745999 -0.002500000 0.054857984
v -0.036759931 -0.002500000 0.054950418
v -0.036766916 -0.002500000 0.055043635
v -0.036766916 -0.002500000 0.055137113
v -0.036759931 -0.002500000 0.055230329
v -0.036745999 -0.002500000 0.055322763
v -0.036725198 -0.002500000 0.055413897
v -0.036697645 -0.002500000 0.055503222
v -0.036663493 -0.002500000 0.055590239
v -0.036622935 -0.002500000 0.055674459
v -0.036576196 -0.002500000 0.055755414
v -0.036523538 -0.002500000 0.055832649
v -0.036465255 -0.002500000 0.055905733
v -0.036401674 -0.002500000 0.055974257
v -0.036333150 -0.002500000 0.056037838
v -0.036260066 -0.002500000 0.056096121
v -0.036182831 -0.002500000 0.056148779
v -0.036101876 -0.002500000 0.056195518
v -0.036017656 -0.002500000 0.056236076
v -0.035930639 -0.002500000 0.056270228
v -0.035841314 -0.002500000 0.056297781
v -0.035750180 -0.002500000 0.056318582
v -0.035657746 -0.002500000 0.056332514
v -0.035564530 -0.002500000 0.056339499
v -0.035471052 -0.002500000 0.056339499
v -0.035377835 -0.002500000 0.056332514
v -0.035285401 -0.002500000 0.056318582
v -0.035194267 -0.002500000 0.056297781
v -0.035104942 -0.002500000 0.056270228
v -0.035017926 -0.002500000 0.056236076
v -0.034933705 -0.002500000 0.056195518
v -0.034852750 -0.002500000 0.056148779
v -0.034775515 -0.002500000 0.056096121
v -0.034702431 -0.002500000 0.056037838
v -0.034633907 -0.002500000 0.055974257
v -0.034570326 -0.002500000 0.055905733
v -0.034512043 -0.002500000 0.055832649
v -0.034459385 -0.002500000 0.055755414
v -0.034412646 -0.002500000 0.055674459
v -0.034372088 -0.002500000 0.055590239
v -0.034337936 -0.002500000 0.055503222
v -0.034310383 -0.002500000 0.055413897
v -0.034310383 0.002500000 0.055413897
v -0.034337936 0.002500000 0.055503222
v -0.034372088 0.002500000 0.055590239
v -0.034412646 0.002500000 0.055674459
v -0.034459385 0.002500000 0.055755414
v -0.034512043 0.002500000 0.055832649
v -0.034570326 0.002500000 0.055905733
v -0.034633907 0.002500000 0.055974257
v -0.034702431 0.002500000 0.056037838
v -0.034775515 0.002500000 0.056096121
v -0.034852750 0.002500000 0.056148779
v -0.034933705 0.002500000 0.056195518
v -0.035017926 0.002500000 0.056236076
v -0.035104942 0.002500000 0.056270228
v -0.035194267 0.002500000 0.056297781
v -0.035285401 0.002500000 0.056318582
v -0.035377835 0.002500000 0.056332514
v -0.035471052 0.002500000 0.056339499
v -0.035564530 0.002500000 0.056339499
v -0.035657746 0.002500000 0.056332514
v -0.035750180 0.002500000 0.056318582
v -0.035841314 0.002500000 0.056297781
v -0.035930639 0.002500000 0.056270228
v -0.036017656 0.002500000 0.056236076
v -0.036101876 0.002500000 0.056195518
v -0.036182831 0.002500000 0.056148779
v -0.036260066 0.002500000 0.056096121
v -0.036333150 0.002500000 0.056037838
v -0.036401674 0.002500000 0.055974257
v -0.036465255 0.002500000 0.055905733
v -0.036523538 0.002500000 0.055832649
v -0.036576196 0.002500000 0.055755414
v -0.036622935 0.002500000 0.055674459
v -0.036663493 0.002500000 0.055590239
v -0.036697645 0.002500000 0.055503222
v -0.036725198 0.002500000 0.055413897
v -0.036745999 0.002500000 0.055322763
v -0.036759931 0.002500000 0.055230329
v -0.036766916 0.002500000 0.055137113
v -0.036766916 0.002500000 0.055043635
v -0.036759931 0.002500000 0.054950418
v -0.036745999 0.002500000 0.054857984
v -0.036725198 0.002500000 0.054766850
v -0.048725198 -0.002500000 0.042766850
v -0.048745999 -0.002500000 0.042857984
v -0.048759931 -0.002500000 0.042950418
v -0.048766916 -0.002500000 0.043043635
v -0.048766916 -0.002500000 0.043137113
v -0.048759931 -0.002500000 0.043230329
v -0.048745999 -0.002500000 0.043322763
v -0.048725198 -0.002500000 0.043413897
v -0.048697645 -0.002500000 0.043503222
v -0.048663493 -0.002500000 0.043590239
v -0.048622935 -0.002500000 0.043674459
v -0.048576196 -0.002500000 0.043755414
v -0.048523538 -0.002500000 0.043832649
v -0.048465255 -0.002500000 0.043905733
v -0.048401674 -0.002500000 0.043974257
v -0.048333150 -0.002500000 0.044037838
v -0.048260066 -0.002500000 0.044096121
v -0.048182831 -0.002500000 0.044148779
v -0.048101876 -0.002500000 0.044195518
v -0.048017656 -0.002500000 0.044236076
v -0.047930639 -0.002500000 0.044270228
v -0.047841314 -0.002500000 0.044297781
v -0.047750180 -0.002500000 0.044318582
v -0.047657746 -0.002500000 0.044332514
v -0.047564530 -0.002500000 0.044339499
v -0.047471052 -0.002500000 0.044339499
v -0.047377835 -0.002500000 0.044332514
v -0.047285401 -0.002500000 0.044318582
v -0.047194267 -0.002500000 0.044297781
v -0.047104942 -0.002500000 0.044270228
v -0.047017926 -0.002500000 0.044236076
v -0.046933705 -0.002500000 0.044195518
v -0.046852750 -0.002500000 0.044148779
v -0.046775515 -0.002500000 0.044096121
v -0.046702431 -0.002500000 0.044037838
v -0.046633907 -0.002500000 0.043974257
v -0.046570326 -0.002500000 0.043905733
v -0.046512043 -0.002500000 0.043832649
v -0.046459385 -0.002500000 0.043755414
v -0.046412646 -0.002500000 0.043674459
v -0.046372088 -0.002500000 0.043590239
v -0.046337936 -0.002500000 0.043503222
v -0.046310383 -0.002500000 0.043413897
v -0.046310383 0.002500000 0.043413897
v -0.046337936 0.002500000 0.043503222
v -0.046372088 0.002500000 0.043590239
v -0.046412646 0.002500000 0.043674459
v -0.046459385 0.002500000 0.043755414
v -0.046512043 0.002500000 0.043832649
v -0.046570326 0.002500000 0.043905733
v -0.046633907 0.002500000 0.043974257
v -0.046702431 0.002500000 0.044037838
v -0.046775515 0.002500000 0.044096121
v -0.046852750 0.002500000 0.044148779
v -0.046933705 0.002500000 0.044195518
v -0.047017926 0.002500000 0.044236076
v -0.047104942 0.002500000 0.044270228
v -0.047194267 0.002500000 0.044297781
v -0.047285401 0.002500000 0.044318582
v -0.047377835 0.002500000 0.044332514
v -0.047471052 0.002500000 0.044339499
v -0.047564530 0.002500000 0.044339499
v -0.047657746 0.002500000 0.044332514
v -0.047750180 0.002500000 0.044318582
v -0.047841314 0.002500000 0.044297781
v -0.047930639 0.002500000 0.044270228
v -0.048017656 0.002500000 0.044236076
v -0.048101876 0.002500000 0.044195518
v -0.048182831 0.002500000 0.044148779
v -0.048260066 0.002500000 0.044096121
v -0.048333150 0.002500000 0.044037838
v -0.048401674 0.002500000 0.043974257
v -0.048465255 0.002500000 0.043905733
v -0.048523538 0.002500000 0.043832649
v -0.048576196 0.002500000 0.043755414
v -0.048622935 0.002500000 0.043674459
v -0.048663493 0.002500000 0.043590239
v -0.048697645 0.002500000 0.043503222
v -0.048725198 0.002500000 0.043413897
v -0.048745999 0.002500000 0.043322763
v -0.048759931 0.002500000 0.043230329
v -0.048766916 0.002500000 0.043137113
v -0.048766916 0.002500000 0.043043635
v -0.048759931 0.002500000 0.042950418
v -0.048745999 0.002500000 0.042857984
v -0.048725198 0.002500000 0.042766850
v -0.044205832 0.002500000 0.046031775
v -0.045095089 0.002500000 0.042912972
v -0.045095089 -0.002500000 0.042912972
v -0.044205832 -0.002500000 0.046031775
v -0.043442133 -0.002500000 0.047330497
v -0.039560936 -0.002500000 0.051211694
v -0.043442133 0.002500000 0.047330497
v -0.039560936 0.002500000 0.051211694
v -0.037439616 -0.002500000 0.052090374
v -0.037439616 0.002500000 0.052090374
v -0.037653634 0.002500000 0.052082730
v -0.037866560 0.002500000 0.052059838
v -0.038077312 0.002500000 0.052021814
v -0.038284814 0.002500000 0.051968852
v -0.038488009 0.002500000 0.051901223
v -0.038685861 0.002500000 0.051819270
v -0.038877363 0.002500000 0.051723411
v -0.039061538 0.002500000 0.051614134
v -0.039237449 0.002500000 0.051491997
v -0.039404198 0.002500000 0.051357622
v -0.039560936 0.002500000 0.051211694
v -0.039560936 -0.002500000 0.051211694
v -0.039404198 -0.002500000 0.051357622
v -0.039237449 -0.002500000 0.051491997
v -0.039061538 -0.002500000 0.051614134
v -0.038877363 -0.002500000 0.051723411
v -0.038685861 -0.002500000 0.051819270
v -0.038488009 -0.002500000 0.051901223
v -0.038284814 -0.002500000 0.051968852
v -0.038077312 -0.002500000 0.052021814
v -0.037866560 -0.002500000 0.052059838
v -0.037653634 -0.002500000 0.052082730
v -0.033217791 0.002500000 0.052090374
v -0.037439616 0.002500000 0.052090374
v -0.033217791 -0.002500000 0.052090374
v -0.037439616 -0.002500000 0.052090374
v -0.049339111 -0.002500000 0.044969053
v -0.049339111 0.002500000 0.044969053
v -0.036096470 0.002500000 0.058211694
v -0.036096470 -0.002500000 0.058211694
v -0.011566491 0.003000000 0.051666878
v -0.012360873 0.003000000 0.054631555
v -0.011566491 -0.003000000 0.051666878
v -0.012360873 -0.003000000 0.054631555
v 0.004683131 -0.007500000 -0.000091018
v 0.004941950 -0.007500000 -0.001056944
v 0.004941950 -0.006800000 -0.001056944
v 0.004734895 -0.006000000 -0.000284203
v 0.004750368 -0.006002237 -0.000341950
v 0.004765755 -0.006008935 -0.000399374
v 0.004780969 -0.006020058 -0.000456154
v 0.004795925 -0.006035542 -0.000511972
v 0.004810541 -0.006055301 -0.000566517
v 0.004824733 -0.006079225 -0.000619483
v 0.004838422 -0.006107180 -0.000670573
v 0.004851533 -0.006139009 -0.000719503
v 0.004863992 -0.006174535 -0.000765999
v 0.004875728 -0.006213559 -0.000809800
v 0.004886677 -0.006255862 -0.000850662
v 0.004896777 -0.006301208 -0.000888356
v 0.004905972 -0.006349344 -0.000922671
v 0.004914210 -0.006400000 -0.000953416
v 0.004921445 -0.006452893 -0.000980418
v 0.004927637 -0.006507727 -0.001003527
v 0.004932751 -0.006564196 -0.001022613
v 0.004936759 -0.006621983 -0.001037569
v 0.004939637 -0.006680766 -0.001048313
v 0.004941371 -0.006740216 -0.001054783
v 0.004683131 -0.006000000 -0.000091018
v 0.004644448 -0.005994408 0.000053350
v 0.004605981 -0.005977662 0.000196910
v 0.004567946 -0.005949856 0.000338860
v 0.004530554 -0.005911146 0.000478405
v 0.004494017 -0.005861747 0.000614767
v 0.004458536 -0.005801938 0.000747181
v 0.004424312 -0.005732051 0.000874908
v 0.004391535 -0.005652478 0.000997233
v 0.004360389 -0.005563663 0.001113472
v 0.004331048 -0.005466104 0.001222975
v 0.004303675 -0.005360345 0.001325130
v 0.004278425 -0.005246980 0.001419365
v 0.004255438 -0.005126640 0.001505153
v 0.004234843 -0.005000000 0.001582015
v 0.004216755 -0.004867767 0.001649520
v 0.004201275 -0.004730682 0.001707292
v 0.004188490 -0.004589510 0.001755007
v 0.004178471 -0.004445042 0.001792398
v 0.004171274 -0.004298085 0.001819257
v 0.004166940 -0.004149460 0.001835432
v 0.004165493 -0.004000000 0.001840834
v 0.004165493 0.004000000 0.001840834
v 0.004166940 0.004149460 0.001835432
v 0.004171274 0.004298085 0.001819257
v 0.004178471 0.004445042 0.001792398
v 0.004188490 0.004589510 0.001755007
v 0.004201275 0.004730682 0.001707292
v 0.004216755 0.004867767 0.001649520
v 0.004234843 0.005000000 0.001582015
v 0.004255438 0.005126640 0.001505153
v 0.004278425 0.005246980 0.001419365
v 0.004303675 0.005360345 0.001325130
v 0.004331048 0.005466104 0.001222975
v 0.004360389 0.005563663 0.001113472
v 0.004391535 0.005652478 0.000997233
v 0.004424312 0.005732051 0.000874908
v 0.004458536 0.005801938 0.000747181
v 0.004494017 0.005861747 0.000614767
v 0.004530554 0.005911146 0.000478405
v 0.004567946 0.005949856 0.000338860
v 0.004605981 0.005977662 0.000196910
v 0.004644448 0.005994408 0.000053350
v 0.004683131 0.006000000 -0.000091018
v 0.004734895 0.006000000 -0.000284203
v 0.004750368 0.006002237 -0.000341950
v 0.004765755 0.006008935 -0.000399374
v 0.004780969 0.006020058 -0.000456154
v 0.004795925 0.006035542 -0.000511972
v 0.004810541 0.006055301 -0.000566517
v 0.004824733 0.006079225 -0.000619483
v 0.004838422 0.006107180 -0.000670573
v 0.004851533 0.006139009 -0.000719503
v 0.004863992 0.006174535 -0.000765999
v 0.004875728 0.006213559 -0.000809800
v 0.004886677 0.006255862 -0.000850662
v 0.004896777 0.006301208 -0.000888356
v 0.004905972 0.006349344 -0.000922671
v 0.004914210 0.006400000 -0.000953416
v 0.004921445 0.006452893 -0.000980418
v 0.004927637 0.006507727 -0.001003527
v 0.004932751 0.006564196 -0.001022613
v 0.004936759 0.006621983 -0.001037569
v 0.004939637 0.006680766 -0.001048313
v 0.004941371 0.006740216 -0.001054783
v 0.004941950 0.006800000 -0.001056944
v 0.004941950 0.007500000 -0.001056944
v 0.004683131 0.007500000 -0.000091018
v 0.004652786 0.007410148 0.000022231
v 0.004620808 0.007329194 0.000141576
v 0.004587370 0.007257580 0.000266367
v 0.004552655 0.007195697 0.000395924
v 0.004516853 0.007143882 0.000529539
v 0.004480159 0.007102418 0.000666483
v 0.003854910 0.004000000 0.002999945
v 0.003857147 0.004235025 0.002991597
v 0.003863845 0.004468780 0.002966598
v 0.003874969 0.004700003 0.002925084
v 0.003890458 0.004927445 0.002867278
v 0.003910229 0.005149877 0.002793493
v 0.003934174 0.005366098 0.002704128
v 0.003962165 0.005574941 0.002599664
v 0.003994050 0.005775276 0.002480667
v 0.004029657 0.005966022 0.002347779
v 0.004068794 0.006146149 0.002201717
v 0.004111250 0.006314683 0.002043272
v 0.004156794 0.006470715 0.001873298
v 0.004205181 0.006613401 0.001692714
v 0.004256150 0.006741971 0.001502495
v 0.004309426 0.006855730 0.001303669
v 0.004364720 0.006954064 0.001097309
v 0.004421733 0.007036441 0.000884531
v 0.003854910 -0.004000000 0.002999945
v 0.004480159 -0.007102418 0.000666483
v 0.004421733 -0.007036441 0.000884531
v 0.004364720 -0.006954064 0.001097309
v 0.004309426 -0.006855730 0.001303669
v 0.004256150 -0.006741971 0.001502495
v 0.004205181 -0.006613401 0.001692714
v 0.004156794 -0.006470715 0.001873298
v 0.004111250 -0.006314683 0.002043272
v 0.004068794 -0.006146149 0.002201717
v 0.004029657 -0.005966022 0.002347779
v 0.003994050 -0.005775276 0.002480667
v 0.003962165 -0.005574941 0.002599664
v 0.003934174 -0.005366098 0.002704128
v 0.003910229 -0.005149877 0.002793493
v 0.003890458 -0.004927445 0.002867278
v 0.003874969 -0.004700003 0.002925084
v 0.003863845 -0.004468780 0.002966598
v 0.003857147 -0.004235025 0.002991597
v 0.004516853 -0.007143882 0.000529539
v 0.004552655 -0.007195697 0.000395924
v 0.004587370 -0.007257580 0.000266367
v 0.004620808 -0.007329194 0.000141576
v 0.004652786 -0.007410148 0.000022231
v -0.012273597 0.003000000 0.050442133
v -0.012273597 -0.003000000 0.050442133
v -0.012202137 0.003000000 0.050464176
v -0.012132524 0.003000000 0.050491497
v -0.012065148 0.003000000 0.050523944
v -0.012000384 0.003000000 0.050561335
v -0.011938596 0.003000000 0.050603461
v -0.011880129 0.003000000 0.050650087
v -0.011825310 0.003000000 0.050700952
v -0.011774445 0.003000000 0.050755772
v -0.011727819 0.003000000 0.050814239
v -0.011685692 0.003000000 0.050876027
v -0.011648301 0.003000000 0.050940790
v -0.011615854 0.003000000 0.051008167
v -0.011588533 0.003000000 0.051077780
v -0.011566491 0.003000000 0.051149240
v -0.011549850 0.003000000 0.051222147
v -0.011538704 0.003000000 0.051296095
v -0.011533116 0.003000000 0.051370668
v -0.011533116 0.003000000 0.051445450
v -0.011538704 0.003000000 0.051520024
v -0.011549850 0.003000000 0.051593971
v -0.011566491 0.003000000 0.051666878
v -0.011566491 -0.003000000 0.051666878
v -0.011549850 -0.003000000 0.051593971
v -0.011538704 -0.003000000 0.051520024
v -0.011533116 -0.003000000 0.051445450
v -0.011533116 -0.003000000 0.051370668
v -0.011538704 -0.003000000 0.051296095
v -0.011549850 -0.003000000 0.051222147
v -0.011566491 -0.003000000 0.051149240
v -0.011588533 -0.003000000 0.051077780
v -0.011615854 -0.003000000 0.051008167
v -0.011648301 -0.003000000 0.050940790
v -0.011685692 -0.003000000 0.050876027
v -0.011727819 -0.003000000 0.050814239
v -0.011774445 -0.003000000 0.050755772
v -0.011825310 -0.003000000 0.050700952
v -0.011880129 -0.003000000 0.050650087
v -0.011938596 -0.003000000 0.050603461
v -0.012000384 -0.003000000 0.050561335
v -0.012065148 -0.003000000 0.050523944
v -0.012132524 -0.003000000 0.050491497
v -0.012202137 -0.003000000 0.050464176
v -0.001447031 -0.006000000 -0.001940645
v 0.004734895 -0.006000000 -0.000284203
v 0.004683131 -0.006000000 -0.000091018
v -0.001498794 -0.006000000 -0.001747460
v 0.002018789 0.005175000 -0.007534221
v 0.002006700 0.005176748 -0.007489107
v 0.001994679 0.005181981 -0.007444244
v 0.001982793 0.005190670 -0.007399885
v 0.001971108 0.005202767 -0.007356277
v 0.001959690 0.005218204 -0.007313664
v 0.001948603 0.005236894 -0.007272284
v 0.001937908 0.005258734 -0.007232370
v 0.001927665 0.005283601 -0.007194143
v 0.001917932 0.005311355 -0.007157818
v 0.001908763 0.005341843 -0.007123599
v 0.001900209 0.005374892 -0.007091675
v 0.001892318 0.005410319 -0.007062227
v 0.001885135 0.005447925 -0.007035418
v 0.001878699 0.005487500 -0.007011399
v 0.001873046 0.005528823 -0.006990303
v 0.001868209 0.005571662 -0.006972250
v 0.001864213 0.005615778 -0.006957339
v 0.001861082 0.005660924 -0.006945654
v 0.001858833 0.005706849 -0.006937261
v 0.001857479 0.005753294 -0.006932206
v 0.001857027 0.005800000 -0.006930518
v 0.001857479 0.005846706 -0.006932206
v 0.001858833 0.005893151 -0.006937261
v 0.001861082 0.005939076 -0.006945654
v 0.001864213 0.005984222 -0.006957339
v 0.001868209 0.006028338 -0.006972250
v 0.001873046 0.006071177 -0.006990303
v 0.001878699 0.006112500 -0.007011399
v 0.001885135 0.006152075 -0.007035418
v 0.001892318 0.006189681 -0.007062227
v 0.001900209 0.006225108 -0.007091675
v 0.001908763 0.006258157 -0.007123599
v 0.001917932 0.006288645 -0.007157818
v 0.001927665 0.006316399 -0.007194143
v 0.001937908 0.006341266 -0.007232370
v 0.001948603 0.006363106 -0.007272284
v 0.001959690 0.006381796 -0.007313664
v 0.001971108 0.006397233 -0.007356277
v 0.001982793 0.006409330 -0.007399885
v 0.001994679 0.006418019 -0.007444244
v 0.002006700 0.006423252 -0.007489107
v 0.002018789 0.006425000 -0.007534221
v 0.002030877 0.006423252 -0.007579336
v 0.002042898 0.006418019 -0.007624199
v 0.002054784 0.006409330 -0.007668558
v 0.002066469 0.006397233 -0.007712166
v 0.002077887 0.006381796 -0.007754779
v 0.002088974 0.006363106 -0.007796159
v 0.002099670 0.006341266 -0.007836073
v 0.002109912 0.006316399 -0.007874300
v 0.002119645 0.006288645 -0.007910625
v 0.002128815 0.006258157 -0.007944844
v 0.002137368 0.006225108 -0.007976768
v 0.002145259 0.006189681 -0.008006216
v 0.002152443 0.006152075 -0.008033025
v 0.002158878 0.006112500 -0.008057044
v 0.002164531 0.006071177 -0.008078140
v 0.002169368 0.006028338 -0.008096193
v 0.002173364 0.005984222 -0.008111104
v 0.002176495 0.005939076 -0.008122789
v 0.002178744 0.005893151 -0.008131182
v 0.002180098 0.005846706 -0.008136237
v 0.002180550 0.005800000 -0.008137925
v 0.002180098 0.005753294 -0.008136237
v 0.002178744 0.005706849 -0.008131182
v 0.002176495 0.005660924 -0.008122789
v 0.002173364 0.005615778 -0.008111104
v 0.002169368 0.005571662 -0.008096193
v 0.002164531 0.005528823 -0.008078140
v 0.002158878 0.005487500 -0.008057044
v 0.002152443 0.005447925 -0.008033025
v 0.002145259 0.005410319 -0.008006216
v 0.002137368 0.005374892 -0.007976768
v 0.002128815 0.005341843 -0.007944844
v 0.002119645 0.005311355 -0.007910625
v 0.002109912 0.005283601 -0.007874300
v 0.002099670 0.005258734 -0.007836073
v 0.002088974 0.005236894 -0.007796159
v 0.002077887 0.005218204 -0.007754779
v 0.002066469 0.005202767 -0.007712166
v 0.002054784 0.005190670 -0.007668558
v 0.002042898 0.005181981 -0.007624199
v 0.002030877 0.005176748 -0.007579336
v 0.002018789 -0.006425000 -0.007534221
v 0.002006700 -0.006423252 -0.007489107
v 0.001994679 -0.006418019 -0.007444244
v 0.001982793 -0.006409330 -0.007399885
v 0.001971108 -0.006397233 -0.007356277
v 0.001959690 -0.006381796 -0.007313664
v 0.001948603 -0.006363106 -0.007272284
v 0.001937908 -0.006341266 -0.007232370
v 0.001927665 -0.006316399 -0.007194143
v 0.001917932 -0.006288645 -0.007157818
v 0.001908763 -0.006258157 -0.007123599
v 0.001900209 -0.006225108 -0.007091675
v 0.001892318 -0.006189681 -0.007062227
v 0.001885135 -0.006152075 -0.007035418
v 0.001878699 -0.006112500 -0.007011399
v 0.001873046 -0.006071177 -0.006990303
v 0.001868209 -0.006028338 -0.006972250
v 0.001864213 -0.005984222 -0.006957339
v 0.001861082 -0.005939076 -0.006945654
v 0.001858833 -0.005893151 -0.006937261
v 0.001857479 -0.005846706 -0.006932206
v 0.001857027 -0.005800000 -0.006930518
v 0.001857479 -0.005753294 -0.006932206
v 0.001858833 -0.005706849 -0.006937261
v 0.001861082 -0.005660924 -0.006945654
v 0.001864213 -0.005615778 -0.006957339
v 0.001868209 -0.005571662 -0.006972250
v 0.001873046 -0.005528823 -0.006990303
v 0.001878699 -0.005487500 -0.007011399
v 0.001885135 -0.005447925 -0.007035418
v 0.001892318 -0.005410319 -0.007062227
v 0.001900209 -0.005374892 -0.007091675
v 0.001908763 -0.005341843 -0.007123599
v 0.001917932 -0.005311355 -0.007157818
v 0.001927665 -0.005283601 -0.007194143
v 0.001937908 -0.005258734 -0.007232370
v 0.001948603 -0.005236894 -0.007272284
v 0.001959690 -0.005218204 -0.007313664
v 0.001971108 -0.005202767 -0.007356277
v 0.001982793 -0.005190670 -0.007399885
v 0.001994679 -0.005181981 -0.007444244
v 0.002006700 -0.005176748 -0.007489107
v 0.002018789 -0.005175000 -0.007534221
v 0.002030877 -0.005176748 -0.007579336
v 0.002042898 -0.005181981 -0.007624199
v 0.002054784 -0.005190670 -0.007668558
v 0.002066469 -0.005202767 -0.007712166
v 0.002077887 -0.005218204 -0.007754779
v 0.002088974 -0.005236894 -0.007796159
v 0.002099670 -0.005258734 -0.007836073
v 0.002109912 -0.005283601 -0.007874300
v 0.002119645 -0.005311355 -0.007910625
v 0.002128815 -0.005341843 -0.007944844
v 0.002137368 -0.005374892 -0.007976768
v 0.002145259 -0.005410319 -0.008006216
v 0.002152443 -0.005447925 -0.008033025
v 0.002158878 -0.005487500 -0.008057044
v 0.002164531 -0.005528823 -0.008078140
v 0.002169368 -0.005571662 -0.008096193
v 0.002173364 -0.005615778 -0.008111104
v 0.002176495 -0.005660924 -0.008122789
v 0.002178744 -0.005706849 -0.008131182
v 0.002180098 -0.005753294 -0.008136237
v 0.002180550 -0.005800000 -0.008137925
v 0.002180098 -0.005846706 -0.008136237
v 0.002178744 -0.005893151 -0.008131182
v 0.002176495 -0.005939076 -0.008122789
v 0.002173364 -0.005984222 -0.008111104
v 0.002169368 -0.006028338 -0.008096193
v 0.002164531 -0.006071177 -0.008078140
v 0.002158878 -0.006112500 -0.008057044
v 0.002152443 -0.006152075 -0.008033025
v 0.002145259 -0.006189681 -0.008006216
v 0.002137368 -0.006225108 -0.007976768
v 0.002128815 -0.006258157 -0.007944844
v 0.002119645 -0.006288645 -0.007910625
v 0.002109912 -0.006316399 -0.007874300
v 0.002099670 -0.006341266 -0.007836073
v 0.002088974 -0.006363106 -0.007796159
v 0.002077887 -0.006381796 -0.007754779
v 0.002066469 -0.006397233 -0.007712166
v 0.002054784 -0.006409330 -0.007668558
v 0.002042898 -0.006418019 -0.007624199
v 0.002030877 -0.006423252 -0.007579336
v 0.003519939 0.006000000 -0.013136591
v 0.003500597 0.006002796 -0.013064408
v 0.003481364 0.006011169 -0.012992627
v 0.003462346 0.006025072 -0.012921653
v 0.003443651 0.006044427 -0.012851880
v 0.003425382 0.006069126 -0.012783699
v 0.003407642 0.006099031 -0.012717492
v 0.003390529 0.006133975 -0.012653628
v 0.003374141 0.006173761 -0.012592466
v 0.003358568 0.006218169 -0.012534346
v 0.003343897 0.006266948 -0.012479595
v 0.003330211 0.006319827 -0.012428518
v 0.003317586 0.006376510 -0.012381400
v 0.003306093 0.006436680 -0.012338506
v 0.003295795 0.006500000 -0.012300075
v 0.003286751 0.006566116 -0.012266322
v 0.003279011 0.006634659 -0.012237436
v 0.003272619 0.006705245 -0.012213579
v 0.003267609 0.006777479 -0.012194883
v 0.003264011 0.006850958 -0.012181454
v 0.003261844 0.006925270 -0.012173366
v 0.003261120 0.007000000 -0.012170665
v 0.001425861 0.007000000 -0.012662422
v 0.001426585 0.006925270 -0.012665123
v 0.001428752 0.006850958 -0.012673210
v 0.001432350 0.006777479 -0.012686639
v 0.001437360 0.006705245 -0.012705335
v 0.001443752 0.006634659 -0.012729192
v 0.001451492 0.006566116 -0.012758078
v 0.001460536 0.006500000 -0.012791831
v 0.001470834 0.006436680 -0.012830262
v 0.001482327 0.006376510 -0.012873156
v 0.001494952 0.006319827 -0.012920274
v 0.001508638 0.006266948 -0.012971351
v 0.001523309 0.006218169 -0.013026103
v 0.001538882 0.006173761 -0.013084222
v 0.001555270 0.006133975 -0.013145385
v 0.001572383 0.006099031 -0.013209248
v 0.001590123 0.006069126 -0.013275455
v 0.001608392 0.006044427 -0.013343636
v 0.001627087 0.006025072 -0.013413409
v 0.001646105 0.006011169 -0.013484384
v 0.001665338 0.006002796 -0.013556164
v 0.001684680 0.006000000 -0.013628347
v 0.004683131 0.006000000 -0.000091018
v -0.001498794 0.006000000 -0.001747460
v -0.001447031 0.006000000 -0.001940645
v 0.004734895 0.006000000 -0.000284203
v -0.018317791 0.000000000 -0.028909626
v -0.018314715 0.000082203 -0.028909626
v -0.018305504 0.000163946 -0.028909626
v -0.018290211 0.000244773 -0.028909626
v -0.018268921 0.000324231 -0.028909626
v -0.018241752 0.000401875 -0.028909626
v -0.018208856 0.000477272 -0.028909626
v -0.018170419 0.000550000 -0.028909626
v -0.018126653 0.000619652 -0.028909626
v -0.018077805 0.000685839 -0.028909626
v -0.018024148 0.000748190 -0.028909626
v -0.017965981 0.000806357 -0.028909626
v -0.017903629 0.000860015 -0.028909626
v -0.017837443 0.000908863 -0.028909626
v -0.017767791 0.000952628 -0.028909626
v -0.017695063 0.000991066 -0.028909626
v -0.017619666 0.001023961 -0.028909626
v -0.017542021 0.001051130 -0.028909626
v -0.017462564 0.001072421 -0.028909626
v -0.017381737 0.001087714 -0.028909626
v -0.017299994 0.001096924 -0.028909626
v -0.017217791 0.001100000 -0.028909626
v -0.017135587 0.001096924 -0.028909626
v -0.017053844 0.001087714 -0.028909626
v -0.016973018 0.001072421 -0.028909626
v -0.016893560 0.001051130 -0.028909626
v -0.016815915 0.001023961 -0.028909626
v -0.016740518 0.000991066 -0.028909626
v -0.016667791 0.000952628 -0.028909626
v -0.016598138 0.000908863 -0.028909626
v -0.016531952 0.000860015 -0.028909626
v -0.016469601 0.000806357 -0.028909626
v -0.016411433 0.000748190 -0.028909626
v -0.016357776 0.000685839 -0.028909626
v -0.016308928 0.000619652 -0.028909626
v -0.016265163 0.000550000 -0.028909626
v -0.016226725 0.000477272 -0.028909626
v -0.016193829 0.000401875 -0.028909626
v -0.016166660 0.000324231 -0.028909626
v -0.016145370 0.000244773 -0.028909626
v -0.016130077 0.000163946 -0.028909626
v -0.016120866 0.000082203 -0.028909626
v -0.016117791 0.000000000 -0.028909626
v -0.018317791 0.000000000 -0.027409626
v -0.018314715 0.000082203 -0.027409626
v -0.018305504 0.000163946 -0.027409626
v -0.018290211 0.000244773 -0.027409626
v -0.018268921 0.000324231 -0.027409626
v -0.018241752 0.000401875 -0.027409626
v -0.018208856 0.000477272 -0.027409626
v -0.018170419 0.000550000 -0.027409626
v -0.018126653 0.000619652 -0.027409626
v -0.018077805 0.000685839 -0.027409626
v -0.018024148 0.000748190 -0.027409626
v -0.017965981 0.000806357 -0.027409626
v -0.017903629 0.000860015 -0.027409626
v -0.017837443 0.000908863 -0.027409626
v -0.017767791 0.000952628 -0.027409626
v -0.017695063 0.000991066 -0.027409626
v -0.017619666 0.001023961 -0.027409626
v -0.017542021 0.001051130 -0.027409626
v -0.017462564 0.001072421 -0.027409626
v -0.017381737 0.001087714 -0.027409626
v -0.017299994 0.001096924 -0.027409626
v -0.017217791 0.001100000 -0.027409626
v -0.017135587 0.001096924 -0.027409626
v -0.017053844 0.001087714 -0.027409626
v -0.016973018 0.001072421 -0.027409626
v -0.016893560 0.001051130 -0.027409626
v -0.016815915 0.001023961 -0.027409626
v -0.016740518 0.000991066 -0.027409626
v -0.016667791 0.000952628 -0.027409626
v -0.016598138 0.000908863 -0.027409626
v -0.016531952 0.000860015 -0.027409626
v -0.016469601 0.000806357 -0.027409626
v -0.016411433 0.000748190 -0.027409626
v -0.016357776 0.000685839 -0.027409626
v -0.016308928 0.000619652 -0.027409626
v -0.016265163 0.000550000 -0.027409626
v -0.016226725 0.000477272 -0.027409626
v -0.016193829 0.000401875 -0.027409626
v -0.016166660 0.000324231 -0.027409626
v -0.016145370 0.000244773 -0.027409626
v -0.016130077 0.000163946 -0.027409626
v -0.016120866 0.000082203 -0.027409626
v -0.016117791 0.000000000 -0.027409626
v -0.030317791 0.000000000 -0.028909626
v -0.030314715 0.000082203 -0.028909626
v -0.030305504 0.000163946 -0.028909626
v -0.030290211 0.000244773 -0.028909626
v -0.030268921 0.000324231 -0.028909626
v -0.030241752 0.000401875 -0.028909626
v -0.030208856 0.000477272 -0.028909626
v -0.030170419 0.000550000 -0.028909626
v -0.030126653 0.000619652 -0.028909626
v -0.030077805 0.000685839 -0.028909626
v -0.030024148 0.000748190 -0.028909626
v -0.029965981 0.000806357 -0.028909626
v -0.029903629 0.000860015 -0.028909626
v -0.029837443 0.000908863 -0.028909626
v -0.029767791 0.000952628 -0.028909626
v -0.029695063 0.000991066 -0.028909626
v -0.029619666 0.001023961 -0.028909626
v -0.029542021 0.001051130 -0.028909626
v -0.029462564 0.001072421 -0.028909626
v -0.029381737 0.001087714 -0.028909626
v -0.029299994 0.001096924 -0.028909626
v -0.029217791 0.001100000 -0.028909626
v -0.029135587 0.001096924 -0.028909626
v -0.029053844 0.001087714 -0.028909626
v -0.028973018 0.001072421 -0.028909626
v -0.028893560 0.001051130 -0.028909626
v -0.028815915 0.001023961 -0.028909626
v -0.028740518 0.000991066 -0.028909626
v -0.028667791 0.000952628 -0.028909626
v -0.028598138 0.000908863 -0.028909626
v -0.028531952 0.000860015 -0.028909626
v -0.028469601 0.000806357 -0.028909626
v -0.028411433 0.000748190 -0.028909626
v -0.028357776 0.000685839 -0.028909626
v -0.028308928 0.000619652 -0.028909626
v -0.028265163 0.000550000 -0.028909626
v -0.028226725 0.000477272 -0.028909626
v -0.028193829 0.000401875 -0.028909626
v -0.028166660 0.000324231 -0.028909626
v -0.028145370 0.000244773 -0.028909626
v -0.028130077 0.000163946 -0.028909626
v -0.028120866 0.000082203 -0.028909626
v -0.028117791 0.000000000 -0.028909626
v -0.030317791 0.000000000 -0.027409626
v -0.030314715 0.000082203 -0.027409626
v -0.030305504 0.000163946 -0.027409626
v -0.030290211 0.000244773 -0.027409626
v -0.030268921 0.000324231 -0.027409626
v -0.030241752 0.000401875 -0.027409626
v -0.030208856 0.000477272 -0.027409626
v -0.030170419 0.000550000 -0.027409626
v -0.030126653 0.000619652 -0.027409626
v -0.030077805 0.000685839 -0.027409626
v -0.030024148 0.000748190 -0.027409626
v -0.029965981 0.000806357 -0.027409626
v -0.029903629 0.000860015 -0.027409626
v -0.029837443 0.000908863 -0.027409626
v -0.029767791 0.000952628 -0.027409626
v -0.029695063 0.000991066 -0.027409626
v -0.029619666 0.001023961 -0.027409626
v -0.029542021 0.001051130 -0.027409626
v -0.029462564 0.001072421 -0.027409626
v -0.029381737 0.001087714 -0.027409626
v -0.029299994 0.001096924 -0.027409626
v -0.029217791 0.001100000 -0.027409626
v -0.029135587 0.001096924 -0.027409626
v -0.029053844 0.001087714 -0.027409626
v -0.028973018 0.001072421 -0.027409626
v -0.028893560 0.001051130 -0.027409626
v -0.028815915 0.001023961 -0.027409626
v -0.028740518 0.000991066 -0.027409626
v -0.028667791 0.000952628 -0.027409626
v -0.028598138 0.000908863 -0.027409626
v -0.028531952 0.000860015 -0.027409626
v -0.028469601 0.000806357 -0.027409626
v -0.028411433 0.000748190 -0.027409626
v -0.028357776 0.000685839 -0.027409626
v -0.028308928 0.000619652 -0.027409626
v -0.028265163 0.000550000 -0.027409626
v -0.028226725 0.000477272 -0.027409626
v -0.028193829 0.000401875 -0.027409626
v -0.028166660 0.000324231 -0.027409626
v -0.028145370 0.000244773 -0.027409626
v -0.028130077 0.000163946 -0.027409626
v -0.028120866 0.000082203 -0.027409626
v -0.028117791 0.000000000 -0.027409626
v -0.001239975 0.006800000 -0.002713386
v 0.004941950 0.006800000 -0.001056944
v 0.004734895 0.006000000 -0.000284203
v 0.004750368 0.006002237 -0.000341950
v 0.004765755 0.006008935 -0.000399374
v 0.004780969 0.006020058 -0.000456154
v 0.004795925 0.006035542 -0.000511972
v 0.004810541 0.006055301 -0.000566517
v 0.004824733 0.006079225 -0.000619483
v 0.004838422 0.006107180 -0.000670573
v 0.004851533 0.006139009 -0.000719503
v 0.004863992 0.006174535 -0.000765999
v 0.004875728 0.006213559 -0.000809800
v 0.004886677 0.006255862 -0.000850662
v 0.004896777 0.006301208 -0.000888356
v 0.004905972 0.006349344 -0.000922671
v 0.004914210 0.006400000 -0.000953416
v 0.004921445 0.006452893 -0.000980418
v 0.004927637 0.006507727 -0.001003527
v 0.004932751 0.006564196 -0.001022613
v 0.004936759 0.006621983 -0.001037569
v 0.004939637 0.006680766 -0.001048313
v 0.004941371 0.006740216 -0.001054783
v -0.001447031 0.006000000 -0.001940645
v -0.001431557 0.006002237 -0.001998392
v -0.001416171 0.006008935 -0.002055816
v -0.001400956 0.006020058 -0.002112596
v -0.001386000 0.006035542 -0.002168414
v -0.001371385 0.006055301 -0.002222959
v -0.001357193 0.006079225 -0.002275925
v -0.001343503 0.006107180 -0.002327015
v -0.001330392 0.006139009 -0.002375945
v -0.001317934 0.006174535 -0.002422441
v -0.001306197 0.006213559 -0.002466242
v -0.001295248 0.006255862 -0.002507104
v -0.001285148 0.006301208 -0.002544798
v -0.001275953 0.006349344 -0.002579113
v -0.001267715 0.006400000 -0.002609858
v -0.001260480 0.006452893 -0.002636860
v -0.001254288 0.006507727 -0.002659969
v -0.001249174 0.006564196 -0.002679055
v -0.001245167 0.006621983 -0.002694011
v -0.001242288 0.006680766 -0.002704755
v -0.001240554 0.006740216 -0.002711225
v -0.043442133 -0.002500000 0.047330497
v -0.043442133 0.002500000 0.047330497
v -0.043590261 0.002500000 0.047171217
v -0.043726459 0.002500000 0.047001624
v -0.043850011 0.002500000 0.046822608
v -0.043960266 0.002500000 0.046635110
v -0.044056647 0.002500000 0.046440116
v -0.044138646 0.002500000 0.046238651
v -0.044205832 0.002500000 0.046031775
v -0.044205832 -0.002500000 0.046031775
v -0.044138646 -0.002500000 0.046238651
v -0.044056647 -0.002500000 0.046440116
v -0.043960266 -0.002500000 0.046635110
v -0.043850011 -0.002500000 0.046822608
v -0.043726459 -0.002500000 0.047001624
v -0.043590261 -0.002500000 0.047171217
v -0.018317791 0.000000000 -0.027409626
v -0.018314715 0.000082203 -0.027409626
v -0.018305504 0.000163946 -0.027409626
v -0.018290211 0.000244773 -0.027409626
v -0.018268921 0.000324231 -0.027409626
v -0.018241752 0.000401875 -0.027409626
v -0.018208856 0.000477272 -0.027409626
v -0.018170419 0.000550000 -0.027409626
v -0.018126653 0.000619652 -0.027409626
v -0.018077805 0.000685839 -0.027409626
v -0.018024148 0.000748190 -0.027409626
v -0.017965981 0.000806357 -0.027409626
v -0.017903629 0.000860015 -0.027409626
v -0.017837443 0.000908863 -0.027409626
v -0.017767791 0.000952628 -0.027409626
v -0.017695063 0.000991066 -0.027409626
v -0.017619666 0.001023961 -0.027409626
v -0.017542021 0.001051130 -0.027409626
v -0.017462564 0.001072421 -0.027409626
v -0.017381737 0.001087714 -0.027409626
v -0.017299994 0.001096924 -0.027409626
v -0.017217791 0.001100000 -0.027409626
v -0.017135587 0.001096924 -0.027409626
v -0.017053844 0.001087714 -0.027409626
v -0.016973018 0.001072421 -0.027409626
v -0.016893560 0.001051130 -0.027409626
v -0.016815915 0.001023961 -0.027409626
v -0.016740518 0.000991066 -0.027409626
v -0.016667791 0.000952628 -0.027409626
v -0.016598138 0.000908863 -0.027409626
v -0.016531952 0.000860015 -0.027409626
v -0.016469601 0.000806357 -0.027409626
v -0.016411433 0.000748190 -0.027409626
v -0.016357776 0.000685839 -0.027409626
v -0.016308928 0.000619652 -0.027409626
v -0.016265163 0.000550000 -0.027409626
v -0.016226725 0.000477272 -0.027409626
v -0.016193829 0.000401875 -0.027409626
v -0.016166660 0.000324231 -0.027409626
v -0.016145370 0.000244773 -0.027409626
v -0.016130077 0.000163946 -0.027409626
v -0.016120866 0.000082203 -0.027409626
v -0.016117791 0.000000000 -0.027409626
v -0.016120866 -0.000082203 -0.027409626
v -0.016130077 -0.000163946 -0.027409626
v -0.016145370 -0.000244773 -0.027409626
v -0.016166660 -0.000324231 -0.027409626
v -0.016193829 -0.000401875 -0.027409626
v -0.016226725 -0.000477272 -0.027409626
v -0.016265163 -0.000550000 -0.027409626
v -0.016308928 -0.000619652 -0.027409626
v -0.016357776 -0.000685839 -0.027409626
v -0.016411433 -0.000748190 -0.027409626
v -0.016469601 -0.000806357 -0.027409626
v -0.016531952 -0.000860015 -0.027409626
v -0.016598138 -0.000908863 -0.027409626
v -0.016667791 -0.000952628 -0.027409626
v -0.016740518 -0.000991066 -0.027409626
v -0.016815915 -0.001023961 -0.027409626
v -0.016893560 -0.001051130 -0.027409626
v -0.016973018 -0.001072421 -0.027409626
v -0.017053844 -0.001087714 -0.027409626
v -0.017135587 -0.001096924 -0.027409626
v -0.017217791 -0.001100000 -0.027409626
v -0.017299994 -0.001096924 -0.027409626
v -0.017381737 -0.001087714 -0.027409626
v -0.017462564 -0.001072421 -0.027409626
v -0.017542021 -0.001051130 -0.027409626
v -0.017619666 -0.001023961 -0.027409626
v -0.017695063 -0.000991066 -0.027409626
v -0.017767791 -0.000952628 -0.027409626
v -0.017837443 -0.000908863 -0.027409626
v -0.017903629 -0.000860015 -0.027409626
v -0.017965981 -0.000806357 -0.027409626
v -0.018024148 -0.000748190 -0.027409626
v -0.018077805 -0.000685839 -0.027409626
v -0.018126653 -0.000619652 -0.027409626
v -0.018170419 -0.000550000 -0.027409626
v -0.018208856 -0.000477272 -0.027409626
v -0.018241752 -0.000401875 -0.027409626
v -0.018268921 -0.000324231 -0.027409626
v -0.018290211 -0.000244773 -0.027409626
v -0.018305504 -0.000163946 -0.027409626
v -0.018314715 -0.000082203 -0.027409626
v -0.030317791 0.000000000 -0.027409626
v -0.030314715 0.000082203 -0.027409626
v -0.030305504 0.000163946 -0.027409626
v -0.030290211 0.000244773 -0.027409626
v -0.030268921 0.000324231 -0.027409626
v -0.030241752 0.000401875 -0.027409626
v -0.030208856 0.000477272 -0.027409626
v -0.030170419 0.000550000 -0.027409626
v -0.030126653 0.000619652 -0.027409626
v -0.030077805 0.000685839 -0.027409626
v -0.030024148 0.000748190 -0.027409626
v -0.029965981 0.000806357 -0.027409626
v -0.029903629 0.000860015 -0.027409626
v -0.029837443 0.000908863 -0.027409626
v -0.029767791 0.000952628 -0.027409626
v -0.029695063 0.000991066 -0.027409626
v -0.029619666 0.001023961 -0.027409626
v -0.029542021 0.001051130 -0.027409626
v -0.029462564 0.001072421 -0.027409626
v -0.029381737 0.001087714 -0.027409626
v -0.029299994 0.001096924 -0.027409626
v -0.029217791 0.001100000 -0.027409626
v -0.029135587 0.001096924 -0.027409626
v -0.029053844 0.001087714 -0.027409626
v -0.028973018 0.001072421 -0.027409626
v -0.028893560 0.001051130 -0.027409626
v -0.028815915 0.001023961 -0.027409626
v -0.028740518 0.000991066 -0.027409626
v -0.028667791 0.000952628 -0.027409626
v -0.028598138 0.000908863 -0.027409626
v -0.028531952 0.000860015 -0.027409626
v -0.028469601 0.000806357 -0.027409626
v -0.028411433 0.000748190 -0.027409626
v -0.028357776 0.000685839 -0.027409626
v -0.028308928 0.000619652 -0.027409626
v -0.028265163 0.000550000 -0.027409626
v -0.028226725 0.000477272 -0.027409626
v -0.028193829 0.000401875 -0.027409626
v -0.028166660 0.000324231 -0.027409626
v -0.028145370 0.000244773 -0.027409626
v -0.028130077 0.000163946 -0.027409626
v -0.028120866 0.000082203 -0.027409626
v -0.028117791 0.000000000 -0.027409626
v -0.028120866 -0.000082203 -0.027409626
v -0.028130077 -0.000163946 -0.027409626
v -0.028145370 -0.000244773 -0.027409626
v -0.028166660 -0.000324231 -0.027409626
v -0.028193829 -0.000401875 -0.027409626
v -0.028226725 -0.000477272 -0.027409626
v -0.028265163 -0.000550000 -0.027409626
v -0.028308928 -0.000619652 -0.027409626
v -0.028357776 -0.000685839 -0.027409626
v -0.028411433 -0.000748190 -0.027409626
v -0.028469601 -0.000806357 -0.027409626
v -0.028531952 -0.000860015 -0.027409626
v -0.028598138 -0.000908863 -0.027409626
v -0.028667791 -0.000952628 -0.027409626
v -0.028740518 -0.000991066 -0.027409626
v -0.028815915 -0.001023961 -0.027409626
v -0.028893560 -0.001051130 -0.027409626
v -0.028973018 -0.001072421 -0.027409626
v -0.029053844 -0.001087714 -0.027409626
v -0.029135587 -0.001096924 -0.027409626
v -0.029217791 -0.001100000 -0.027409626
v -0.029299994 -0.001096924 -0.027409626
v -0.029381737 -0.001087714 -0.027409626
v -0.029462564 -0.001072421 -0.027409626
v -0.029542021 -0.001051130 -0.027409626
v -0.029619666 -0.001023961 -0.027409626
v -0.029695063 -0.000991066 -0.027409626
v -0.029767791 -0.000952628 -0.027409626
v -0.029837443 -0.000908863 -0.027409626
v -0.029903629 -0.000860015 -0.027409626
v -0.029965981 -0.000806357 -0.027409626
v -0.030024148 -0.000748190 -0.027409626
v -0.030077805 -0.000685839 -0.027409626
v -0.030126653 -0.000619652 -0.027409626
v -0.030170419 -0.000550000 -0.027409626
v -0.030208856 -0.000477272 -0.027409626
v -0.030241752 -0.000401875 -0.027409626
v -0.030268921 -0.000324231 -0.027409626
v -0.030290211 -0.000244773 -0.027409626
v -0.030305504 -0.000163946 -0.027409626
v -0.030314715 -0.000082203 -0.027409626
f 5 7 6
f 5 8 7
f 4 9 8
f 4 8 5
f 3 10 9
f 3 9 4
f 2 1 10
f 2 10 3
f 25 27 26
f 24 28 27
f 24 27 25
f 23 29 28
f 23 28 24
f 22 30 29
f 22 29 23
f 21 31 30
f 21 30 22
f 20 32 31
f 20 31 21
f 19 33 32
f 19 32 20
f 18 34 33
f 18 33 19
f 17 35 34
f 17 34 18
f 16 36 35
f 16 35 17
f 15 37 36
f 15 36 16
f 14 38 37
f 14 37 15
f 13 11 38
f 13 38 14
f 12 11 13
f 82 84 83
f 81 85 84
f 81 84 82
f 80 86 85
f 80 85 81
f 79 86 80
f 79 87 86
f 78 87 79
f 78 88 87
f 77 88 78
f 77 89 88
f 76 89 77
f 76 90 89
f 75 90 76
f 75 91 90
f 74 91 75
f 74 92 91
f 73 92 74
f 73 93 92
f 72 93 73
f 72 94 93
f 71 94 72
f 71 95 94
f 70 95 71
f 69 95 70
f 69 96 95
f 68 96 69
f 68 97 96
f 67 97 68
f 67 98 97
f 66 98 67
f 66 99 98
f 65 99 66
f 65 100 99
f 65 101 100
f 64 101 65
f 63 101 64
f 63 102 101
f 63 103 102
f 62 103 63
f 61 104 103
f 61 103 62
f 60 105 104
f 60 104 61
f 59 106 105
f 59 105 60
f 58 107 106
f 58 106 59
f 57 108 107
f 57 107 58
f 56 109 108
f 56 108 57
f 55 110 109
f 55 109 56
f 54 111 110
f 54 110 55
f 53 111 54
f 53 112 111
f 52 112 53
f 52 113 112
f 51 113 52
f 51 114 113
f 50 114 51
f 50 115 114
f 49 115 50
f 49 116 115
f 48 116 49
f 48 117 116
f 47 117 48
f 47 118 117
f 46 118 47
f 46 119 118
f 45 119 46
f 45 120 119
f 44 120 45
f 44 121 120
f 43 121 44
f 43 122 121
f 42 122 43
f 42 123 122
f 41 123 42
f 41 124 123
f 40 124 41
f 40 39 124
f 161 143 142
f 161 162 143
f 160 142 141
f 160 161 142
f 159 141 140
f 159 160 141
f 158 140 139
f 158 159 140
f 157 139 138
f 157 158 139
f 156 138 137
f 156 157 138
f 155 137 136
f 155 156 137
f 154 136 135
f 154 155 136
f 153 135 134
f 153 154 135
f 152 134 133
f 152 153 134
f 151 133 132
f 151 152 133
f 150 132 131
f 150 151 132
f 149 131 130
f 149 150 131
f 148 130 129
f 148 149 130
f 147 129 128
f 147 148 129
f 146 128 127
f 146 147 128
f 145 127 126
f 145 146 127
f 144 126 125
f 144 145 126
f 206 248 207
f 205 248 206
f 204 248 205
f 204 246 247
f 204 247 248
f 203 246 204
f 202 246 203
f 202 245 246
f 201 245 202
f 201 244 245
f 200 244 201
f 200 243 244
f 199 243 200
f 199 241 242
f 199 242 243
f 198 241 199
f 197 241 198
f 197 239 240
f 197 240 241
f 196 239 197
f 195 239 196
f 195 237 238
f 195 238 239
f 194 237 195
f 193 237 194
f 193 235 236
f 193 236 237
f 192 235 193
f 191 235 192
f 191 234 235
f 190 234 191
f 190 232 233
f 190 233 234
f 189 232 190
f 188 232 189
f 188 230 231
f 188 231 232
f 187 229 230
f 187 230 188
f 186 229 187
f 185 228 229
f 185 229 186
f 184 226 227
f 184 227 228
f 184 228 185
f 183 225 226
f 183 226 184
f 182 225 183
f 181 224 225
f 181 225 182
f 180 222 223
f 180 223 224
f 180 224 181
f 179 221 222
f 179 222 180
f 178 220 221
f 178 221 179
f 177 220 178
f 176 220 177
f 176 219 220
f 175 219 176
f 175 218 219
f 174 218 175
f 174 216 217
f 174 217 218
f 173 216 174
f 172 216 173
f 172 215 216
f 171 215 172
f 171 214 215
f 170 214 171
f 170 213 214
f 169 213 170
f 169 212 213
f 168 212 169
f 168 210 211
f 168 211 212
f 167 209 210
f 167 210 168
f 166 209 167
f 165 208 209
f 165 209 166
f 164 163 208
f 164 208 165
f 292 340 293
f 291 339 340
f 291 340 292
f 290 339 291
f 290 338 339
f 289 338 290
f 289 337 338
f 288 337 289
f 288 336 337
f 287 336 288
f 287 335 336
f 286 335 287
f 286 334 335
f 285 334 286
f 285 333 334
f 284 333 285
f 284 331 332
f 284 332 333
f 283 331 284
f 283 330 331
f 282 330 283
f 282 329 330
f 281 329 282
f 281 328 329
f 280 328 281
f 280 327 328
f 279 327 280
f 279 326 327
f 278 326 279
f 278 325 326
f 277 325 278
f 277 324 325
f 276 324 277
f 276 323 324
f 275 323 276
f 275 321 322
f 275 322 323
f 274 321 275
f 274 320 321
f 273 319 320
f 273 320 274
f 272 318 319
f 272 319 273
f 271 317 318
f 271 318 272
f 270 316 317
f 270 317 271
f 269 315 316
f 269 316 270
f 268 314 315
f 268 315 269
f 267 314 268
f 267 313 314
f 266 313 267
f 266 312 313
f 265 312 266
f 265 311 312
f 264 311 265
f 264 310 311
f 263 310 264
f 263 309 310
f 262 309 263
f 262 308 309
f 261 308 262
f 261 307 308
f 260 307 261
f 260 306 307
f 259 306 260
f 259 305 306
f 258 305 259
f 258 304 305
f 257 304 258
f 257 303 304
f 256 303 257
f 256 302 303
f 255 302 256
f 255 301 302
f 254 300 301
f 254 301 255
f 253 298 299
f 253 299 300
f 253 300 254
f 252 296 297
f 252 297 298
f 252 298 253
f 251 294 295
f 251 295 296
f 251 296 252
f 250 249 294
f 250 294 251
f 384 439 385
f 383 439 384
f 383 437 438
f 383 438 439
f 382 437 383
f 382 435 436
f 382 436 437
f 381 435 382
f 381 433 434
f 381 434 435
f 380 433 381
f 380 432 433
f 379 432 380
f 379 430 431
f 379 431 432
f 378 430 379
f 378 429 430
f 377 429 378
f 377 428 429
f 376 428 377
f 376 427 428
f 375 427 376
f 375 426 427
f 374 426 375
f 374 425 426
f 373 425 374
f 373 424 425
f 372 424 373
f 372 423 424
f 371 423 372
f 371 422 423
f 370 422 371
f 370 420 421
f 370 421 422
f 369 420 370
f 369 419 420
f 368 418 419
f 368 419 369
f 367 417 418
f 367 418 368
f 366 415 416
f 366 416 417
f 366 417 367
f 365 414 415
f 365 415 366
f 364 412 413
f 364 413 414
f 364 414 365
f 363 411 412
f 363 412 364
f 362 411 363
f 362 409 410
f 362 410 411
f 361 409 362
f 361 408 409
f 360 408 361
f 360 407 408
f 359 407 360
f 359 405 406
f 359 406 407
f 358 405 359
f 358 404 405
f 357 404 358
f 357 403 404
f 356 403 357
f 356 401 402
f 356 402 403
f 355 401 356
f 355 400 401
f 354 400 355
f 354 399 400
f 353 399 354
f 353 398 399
f 352 398 353
f 352 396 397
f 352 397 398
f 351 396 352
f 351 395 396
f 350 394 395
f 350 395 351
f 349 393 394
f 349 394 350
f 348 391 392
f 348 392 393
f 348 393 349
f 347 390 391
f 347 391 348
f 346 389 390
f 346 390 347
f 345 388 389
f 345 389 346
f 344 387 388
f 344 388 345
f 343 341 386
f 343 386 387
f 343 387 344
f 342 341 343
f 443 484 442
f 443 525 484
f 444 525 443
f 444 524 525
f 445 524 444
f 445 523 524
f 446 523 445
f 446 522 523
f 447 522 446
f 447 521 522
f 448 521 447
f 448 520 521
f 449 520 448
f 449 519 520
f 450 519 449
f 450 518 519
f 451 518 450
f 451 517 518
f 452 517 451
f 452 516 517
f 453 516 452
f 453 515 516
f 454 515 453
f 454 514 515
f 455 514 454
f 455 513 514
f 456 513 455
f 456 512 513
f 457 512 456
f 457 511 512
f 458 511 457
f 458 510 511
f 459 510 458
f 459 508 509
f 459 509 510
f 460 508 459
f 461 507 508
f 461 508 460
f 462 506 507
f 462 507 461
f 463 505 506
f 463 506 462
f 464 503 504
f 464 504 505
f 464 505 463
f 465 502 503
f 465 503 464
f 466 502 465
f 467 500 501
f 467 501 502
f 467 502 466
f 468 499 500
f 468 500 467
f 469 499 468
f 470 499 469
f 470 498 499
f 471 498 470
f 471 497 498
f 472 497 471
f 472 495 496
f 472 496 497
f 473 495 472
f 473 494 495
f 474 494 473
f 475 494 474
f 475 492 493
f 475 493 494
f 476 492 475
f 476 491 492
f 477 491 476
f 478 491 477
f 478 489 490
f 478 490 491
f 479 489 478
f 480 489 479
f 480 488 489
f 481 487 488
f 481 488 480
f 482 486 487
f 482 487 481
f 483 486 482
f 483 485 486
f 441 440 485
f 441 485 483
f 569 571 570
f 568 572 571
f 568 571 569
f 567 573 572
f 567 572 568
f 566 573 567
f 566 574 573
f 565 574 566
f 565 575 574
f 564 575 565
f 564 576 575
f 563 576 564
f 563 577 576
f 562 577 563
f 562 578 577
f 561 578 562
f 561 579 578
f 560 579 561
f 560 580 579
f 559 580 560
f 558 580 559
f 558 581 580
f 558 582 581
f 557 582 558
f 557 583 582
f 556 583 557
f 556 584 583
f 555 584 556
f 554 584 555
f 554 585 584
f 554 586 585
f 553 586 554
f 552 586 553
f 552 587 586
f 551 588 587
f 551 587 552
f 550 589 588
f 550 588 551
f 549 590 589
f 549 589 550
f 548 591 590
f 548 590 549
f 547 592 591
f 547 591 548
f 546 593 592
f 546 592 547
f 545 594 593
f 545 593 546
f 544 595 594
f 544 594 545
f 543 596 595
f 543 595 544
f 542 597 596
f 542 596 543
f 541 598 597
f 541 597 542
f 540 598 541
f 540 599 598
f 539 599 540
f 539 600 599
f 538 600 539
f 538 601 600
f 537 601 538
f 537 602 601
f 536 602 537
f 536 603 602
f 536 604 603
f 535 604 536
f 534 604 535
f 534 605 604
f 533 605 534
f 533 606 605
f 532 606 533
f 532 607 606
f 531 607 532
f 531 608 607
f 530 608 531
f 530 609 608
f 529 609 530
f 529 610 609
f 528 610 529
f 528 611 610
f 527 611 528
f 527 526 611
f 691 693 692
f 690 694 693
f 690 693 691
f 689 694 690
f 689 695 694
f 688 695 689
f 688 696 695
f 687 696 688
f 687 697 696
f 686 697 687
f 686 698 697
f 685 698 686
f 685 699 698
f 684 699 685
f 684 700 699
f 683 700 684
f 683 612 700
f 682 613 612
f 682 612 683
f 681 614 613
f 681 613 682
f 680 615 614
f 680 614 681
f 679 616 615
f 679 615 680
f 678 617 616
f 678 616 679
f 677 618 617
f 677 617 678
f 676 619 618
f 676 618 677
f 675 620 619
f 675 619 676
f 674 621 620
f 674 620 675
f 673 622 621
f 673 621 674
f 672 623 622
f 672 622 673
f 671 624 623
f 671 623 672
f 670 625 624
f 670 626 625
f 670 624 671
f 669 627 626
f 669 626 670
f 668 628 627
f 668 627 669
f 667 629 628
f 667 628 668
f 666 630 629
f 666 629 667
f 665 631 630
f 665 630 666
f 664 631 665
f 664 632 631
f 663 632 664
f 663 633 632
f 662 633 663
f 662 634 633
f 661 634 662
f 661 635 634
f 660 635 661
f 660 636 635
f 659 637 636
f 659 636 660
f 658 638 637
f 658 637 659
f 657 639 638
f 657 640 639
f 657 638 658
f 656 641 640
f 656 640 657
f 655 642 641
f 655 641 656
f 654 643 642
f 654 642 655
f 653 644 643
f 653 643 654
f 652 645 644
f 652 644 653
f 651 646 645
f 651 645 652
f 650 647 646
f 650 646 651
f 649 648 647
f 649 647 650
f 703 797 745
f 704 797 703
f 704 795 796
f 704 796 797
f 705 795 704
f 705 794 795
f 706 794 705
f 706 793 794
f 707 793 706
f 707 791 792
f 707 792 793
f 708 791 707
f 708 790 791
f 709 790 708
f 709 789 790
f 710 789 709
f 710 788 789
f 711 788 710
f 711 786 787
f 711 787 788
f 712 786 711
f 712 785 786
f 713 785 712
f 713 784 785
f 714 784 713
f 714 782 783
f 714 783 784
f 715 782 714
f 715 781 782
f 716 781 715
f 716 780 781
f 717 780 716
f 717 779 780
f 718 779 717
f 718 778 779
f 719 778 718
f 719 777 778
f 720 776 777
f 720 777 719
f 721 775 776
f 721 776 720
f 722 773 774
f 722 774 775
f 722 775 721
f 723 772 773
f 723 773 722
f 724 771 772
f 724 772 723
f 725 770 771
f 725 771 724
f 726 770 725
f 726 769 770
f 727 769 726
f 727 768 769
f 728 768 727
f 728 767 768
f 729 767 728
f 729 766 767
f 730 766 729
f 730 765 766
f 731 765 730
f 731 764 765
f 732 764 731
f 732 763 764
f 733 763 732
f 733 762 763
f 734 762 733
f 734 761 762
f 735 761 734
f 735 760 761
f 736 760 735
f 736 759 760
f 737 759 736
f 737 758 759
f 738 758 737
f 738 757 758
f 739 756 757
f 739 757 738
f 740 756 739
f 740 754 755
f 740 755 756
f 741 753 754
f 741 754 740
f 742 751 752
f 742 752 753
f 742 753 741
f 743 749 750
f 743 750 751
f 743 751 742
f 744 746 747
f 744 747 748
f 744 748 749
f 744 749 743
f 702 701 746
f 702 746 744
f 841 843 842
f 840 844 843
f 840 843 841
f 839 845 844
f 839 844 840
f 838 845 839
f 838 846 845
f 837 846 838
f 837 847 846
f 836 847 837
f 836 848 847
f 835 848 836
f 835 849 848
f 834 849 835
f 834 850 849
f 833 850 834
f 833 851 850
f 832 851 833
f 832 852 851
f 831 852 832
f 831 853 852
f 830 853 831
f 830 854 853
f 829 854 830
f 829 855 854
f 828 855 829
f 827 855 828
f 827 856 855
f 827 857 856
f 826 857 827
f 825 857 826
f 825 858 857
f 824 858 825
f 824 859 858
f 823 860 859
f 823 859 824
f 822 861 860
f 822 860 823
f 821 862 861
f 821 861 822
f 820 863 862
f 820 862 821
f 819 864 863
f 819 863 820
f 818 865 864
f 818 864 819
f 817 866 865
f 817 867 866
f 817 865 818
f 816 867 817
f 815 868 867
f 815 867 816
f 814 869 868
f 814 868 815
f 813 870 869
f 813 869 814
f 812 870 813
f 812 871 870
f 811 871 812
f 811 872 871
f 810 872 811
f 810 873 872
f 809 873 810
f 809 874 873
f 808 874 809
f 808 875 874
f 807 875 808
f 807 876 875
f 806 876 807
f 806 877 876
f 805 877 806
f 805 878 877
f 804 878 805
f 804 879 878
f 803 879 804
f 803 880 879
f 802 880 803
f 802 881 880
f 801 881 802
f 801 882 881
f 800 882 801
f 800 883 882
f 800 798 883
f 799 798 800
f 927 929 928
f 926 930 929
f 926 929 927
f 925 931 930
f 925 930 926
f 924 931 925
f 924 932 931
f 923 932 924
f 923 933 932
f 922 933 923
f 922 934 933
f 921 934 922
f 921 935 934
f 920 935 921
f 920 936 935
f 919 936 920
f 919 937 936
f 918 937 919
f 918 938 937
f 917 938 918
f 917 939 938
f 916 939 917
f 915 939 916
f 915 940 939
f 915 941 940
f 914 941 915
f 913 941 914
f 913 942 941
f 912 942 913
f 912 943 942
f 912 944 943
f 911 944 912
f 910 944 911
f 910 945 944
f 909 946 945
f 909 945 910
f 908 947 946
f 908 946 909
f 907 948 947
f 907 947 908
f 906 949 948
f 906 948 907
f 905 950 949
f 905 951 950
f 905 949 906
f 904 951 905
f 903 952 951
f 903 951 904
f 902 953 952
f 902 952 903
f 901 954 953
f 901 953 902
f 900 955 954
f 900 954 901
f 899 956 955
f 899 955 900
f 898 956 899
f 898 957 956
f 897 957 898
f 897 958 957
f 896 958 897
f 896 959 958
f 895 959 896
f 895 960 959
f 894 960 895
f 894 961 960
f 893 961 894
f 893 962 961
f 892 962 893
f 892 963 962
f 891 963 892
f 891 964 963
f 890 964 891
f 890 965 964
f 889 965 890
f 889 966 965
f 888 966 889
f 888 967 966
f 887 967 888
f 887 968 967
f 886 968 887
f 886 969 968
f 885 969 886
f 885 884 969
f 1013 1015 1014
f 1012 1016 1015
f 1012 1015 1013
f 1011 1017 1016
f 1011 1016 1012
f 1010 1017 1011
f 1010 1018 1017
f 1009 1018 1010
f 1009 1019 1018
f 1008 1019 1009
f 1008 1020 1019
f 1007 1020 1008
f 1007 1021 1020
f 1006 1021 1007
f 1006 1022 1021
f 1005 1022 1006
f 1005 1023 1022
f 1004 1023 1005
f 1004 1024 1023
f 1003 1024 1004
f 1003 1025 1024
f 1002 1025 1003
f 1001 1025 1002
f 1001 1026 1025
f 1000 1026 1001
f 1000 1027 1026
f 1000 1028 1027
f 999 1028 1000
f 998 1028 999
f 998 1029 1028
f 998 1030 1029
f 997 1030 998
f 996 1030 997
f 996 1031 1030
f 995 1032 1031
f 995 1031 996
f 994 1033 1032
f 994 1032 995
f 993 1034 1033
f 993 1033 994
f 992 1035 1034
f 992 1034 993
f 991 1036 1035
f 991 1035 992
f 990 1037 1036
f 990 1036 991
f 989 1038 1037
f 989 1037 990
f 988 1039 1038
f 988 1038 989
f 987 1040 1039
f 987 1039 988
f 986 1041 1040
f 986 1040 987
f 985 1042 1041
f 985 1041 986
f 984 1042 985
f 984 1043 1042
f 983 1043 984
f 983 1044 1043
f 983 1045 1044
f 982 1045 983
f 981 1045 982
f 981 1046 1045
f 980 1046 981
f 980 1047 1046
f 979 1047 980
f 979 1048 1047
f 978 1048 979
f 978 1049 1048
f 977 1049 978
f 977 1050 1049
f 976 1050 977
f 976 1051 1050
f 975 1051 976
f 975 1052 1051
f 974 1052 975
f 974 1053 1052
f 973 1053 974
f 973 1054 1053
f 972 1054 973
f 972 1055 1054
f 972 970 1055
f 971 970 972
f 1099 1101 1100
f 1098 1102 1101
f 1098 1101 1099
f 1097 1103 1102
f 1097 1102 1098
f 1096 1103 1097
f 1096 1104 1103
f 1095 1104 1096
f 1095 1105 1104
f 1094 1105 1095
f 1094 1106 1105
f 1093 1106 1094
f 1093 1107 1106
f 1092 1107 1093
f 1092 1108 1107
f 1091 1108 1092
f 1091 1109 1108
f 1090 1109 1091
f 1090 1110 1109
f 1089 1110 1090
f 1089 1111 1110
f 1088 1111 1089
f 1088 1112 1111
f 1087 1112 1088
f 1087 1113 1112
f 1086 1113 1087
f 1086 1114 1113
f 1085 1114 1086
f 1085 1115 1114
f 1084 1115 1085
f 1083 1115 1084
f 1083 1116 1115
f 1083 1117 1116
f 1082 1117 1083
f 1081 1118 1117
f 1081 1117 1082
f 1080 1119 1118
f 1080 1118 1081
f 1079 1120 1119
f 1079 1119 1080
f 1078 1121 1120
f 1078 1120 1079
f 1077 1122 1121
f 1077 1121 1078
f 1076 1123 1122
f 1076 1122 1077
f 1075 1124 1123
f 1075 1123 1076
f 1074 1125 1124
f 1074 1124 1075
f 1073 1126 1125
f 1073 1125 1074
f 1072 1127 1126
f 1072 1126 1073
f 1071 1128 1127
f 1071 1127 1072
f 1070 1128 1071
f 1070 1129 1128
f 1069 1129 1070
f 1069 1130 1129
f 1068 1130 1069
f 1068 1131 1130
f 1067 1131 1068
f 1067 1132 1131
f 1066 1132 1067
f 1066 1133 1132
f 1065 1133 1066
f 1065 1134 1133
f 1064 1134 1065
f 1064 1135 1134
f 1063 1135 1064
f 1063 1136 1135
f 1062 1136 1063
f 1062 1137 1136
f 1061 1137 1062
f 1061 1138 1137
f 1060 1138 1061
f 1060 1139 1138
f 1059 1139 1060
f 1059 1140 1139
f 1059 1141 1140
f 1058 1141 1059
f 1058 1056 1141
f 1057 1056 1058
f 1151 1153 1152
f 1150 1154 1153
f 1150 1153 1151
f 1149 1155 1154
f 1149 1154 1150
f 1148 1156 1155
f 1148 1155 1149
f 1147 1157 1156
f 1147 1156 1148
f 1146 1158 1157
f 1146 1157 1147
f 1145 1159 1158
f 1145 1158 1146
f 1144 1142 1159
f 1144 1159 1145
f 1143 1142 1144
f 1179 1181 1180
f 1178 1182 1181
f 1178 1181 1179
f 1177 1183 1182
f 1177 1182 1178
f 1176 1184 1183
f 1176 1183 1177
f 1175 1185 1184
f 1175 1184 1176
f 1174 1186 1185
f 1174 1185 1175
f 1173 1187 1186
f 1173 1186 1174
f 1172 1188 1187
f 1172 1187 1173
f 1171 1189 1188
f 1171 1188 1172
f 1170 1190 1189
f 1170 1189 1171
f 1169 1191 1190
f 1169 1190 1170
f 1168 1192 1191
f 1168 1191 1169
f 1167 1193 1192
f 1167 1192 1168
f 1166 1194 1193
f 1166 1193 1167
f 1165 1195 1194
f 1165 1194 1166
f 1164 1195 1165
f 1164 1196 1195
f 1163 1196 1164
f 1163 1197 1196
f 1162 1197 1163
f 1162 1160 1197
f 1161 1160 1162
f 1241 1243 1242
f 1240 1244 1243
f 1240 1243 1241
f 1239 1245 1244
f 1239 1244 1240
f 1238 1245 1239
f 1238 1246 1245
f 1237 1246 1238
f 1237 1247 1246
f 1236 1247 1237
f 1236 1248 1247
f 1235 1248 1236
f 1235 1249 1248
f 1234 1249 1235
f 1234 1250 1249
f 1233 1250 1234
f 1233 1251 1250
f 1232 1251 1233
f 1232 1252 1251
f 1231 1252 1232
f 1231 1253 1252
f 1230 1253 1231
f 1230 1254 1253
f 1229 1254 1230
f 1229 1255 1254
f 1228 1255 1229
f 1227 1255 1228
f 1227 1256 1255
f 1226 1256 1227
f 1226 1257 1256
f 1226 1258 1257
f 1225 1258 1226
f 1224 1258 1225
f 1224 1259 1258
f 1223 1260 1259
f 1223 1259 1224
f 1222 1261 1260
f 1222 1260 1223
f 1221 1262 1261
f 1221 1261 1222
f 1220 1263 1262
f 1220 1262 1221
f 1219 1264 1263
f 1219 1263 1220
f 1218 1265 1264
f 1218 1266 1265
f 1218 1264 1219
f 1217 1266 1218
f 1216 1267 1266
f 1216 1266 1217
f 1215 1268 1267
f 1215 1267 1216
f 1214 1269 1268
f 1214 1268 1215
f 1213 1270 1269
f 1213 1269 1214
f 1212 1270 1213
f 1212 1271 1270
f 1212 1272 1271
f 1211 1272 1212
f 1210 1272 1211
f 1210 1273 1272
f 1209 1273 1210
f 1209 1274 1273
f 1208 1274 1209
f 1208 1275 1274
f 1207 1275 1208
f 1207 1276 1275
f 1206 1276 1207
f 1206 1277 1276
f 1205 1277 1206
f 1205 1278 1277
f 1204 1278 1205
f 1204 1279 1278
f 1203 1279 1204
f 1203 1280 1279
f 1202 1280 1203
f 1202 1281 1280
f 1201 1281 1202
f 1201 1282 1281
f 1200 1282 1201
f 1200 1283 1282
f 1199 1283 1200
f 1199 1198 1283
f 1368 1326 1325
f 1368 1369 1326
f 1367 1325 1324
f 1367 1368 1325
f 1366 1367 1324
f 1366 1324 1323
f 1365 1366 1323
f 1365 1323 1322
f 1364 1365 1322
f 1364 1322 1321
f 1363 1364 1321
f 1363 1321 1320
f 1362 1363 1320
f 1362 1319 1318
f 1362 1320 1319
f 1361 1362 1318
f 1360 1361 1318
f 1360 1318 1317
f 1359 1317 1316
f 1359 1360 1317
f 1358 1316 1315
f 1358 1359 1316
f 1357 1315 1314
f 1357 1358 1315
f 1356 1314 1313
f 1356 1357 1314
f 1355 1313 1312
f 1355 1356 1313
f 1354 1312 1311
f 1354 1355 1312
f 1353 1311 1310
f 1353 1354 1311
f 1352 1309 1308
f 1352 1310 1309
f 1352 1353 1310
f 1351 1352 1308
f 1350 1308 1307
f 1350 1351 1308
f 1349 1307 1306
f 1349 1350 1307
f 1348 1306 1305
f 1348 1349 1306
f 1347 1305 1304
f 1347 1348 1305
f 1346 1304 1303
f 1346 1347 1304
f 1345 1303 1302
f 1345 1346 1303
f 1344 1302 1301
f 1344 1345 1302
f 1343 1301 1300
f 1343 1344 1301
f 1342 1300 1299
f 1342 1343 1300
f 1341 1342 1299
f 1341 1299 1298
f 1340 1341 1298
f 1340 1298 1297
f 1339 1340 1297
f 1339 1297 1296
f 1338 1295 1294
f 1338 1296 1295
f 1338 1339 1296
f 1337 1338 1294
f 1336 1294 1293
f 1336 1337 1294
f 1335 1292 1291
f 1335 1293 1292
f 1335 1336 1293
f 1334 1291 1290
f 1334 1335 1291
f 1333 1290 1289
f 1333 1334 1290
f 1332 1333 1289
f 1331 1288 1287
f 1331 1289 1288
f 1331 1332 1289
f 1330 1331 1287
f 1329 1286 1285
f 1329 1287 1286
f 1329 1330 1287
f 1328 1329 1285
f 1327 1285 1284
f 1327 1328 1285
f 1454 1412 1411
f 1454 1455 1412
f 1453 1411 1410
f 1453 1454 1411
f 1452 1453 1410
f 1452 1410 1409
f 1451 1452 1409
f 1451 1409 1408
f 1450 1451 1408
f 1450 1408 1407
f 1449 1450 1407
f 1449 1407 1406
f 1448 1449 1406
f 1448 1405 1404
f 1448 1406 1405
f 1447 1448 1404
f 1446 1447 1404
f 1446 1404 1403
f 1445 1403 1402
f 1445 1446 1403
f 1444 1402 1401
f 1444 1445 1402
f 1443 1401 1400
f 1443 1444 1401
f 1442 1400 1399
f 1442 1443 1400
f 1441 1399 1398
f 1441 1442 1399
f 1440 1398 1397
f 1440 1441 1398
f 1439 1397 1396
f 1439 1440 1397
f 1438 1395 1394
f 1438 1396 1395
f 1438 1439 1396
f 1437 1438 1394
f 1436 1394 1393
f 1436 1437 1394
f 1435 1393 1392
f 1435 1436 1393
f 1434 1392 1391
f 1434 1435 1392
f 1433 1391 1390
f 1433 1434 1391
f 1432 1390 1389
f 1432 1433 1390
f 1431 1389 1388
f 1431 1432 1389
f 1430 1388 1387
f 1430 1431 1388
f 1429 1387 1386
f 1429 1430 1387
f 1428 1386 1385
f 1428 1429 1386
f 1427 1428 1385
f 1427 1385 1384
f 1426 1427 1384
f 1426 1384 1383
f 1425 1426 1383
f 1425 1383 1382
f 1424 1381 1380
f 1424 1382 1381
f 1424 1425 1382
f 1423 1424 1380
f 1422 1380 1379
f 1422 1423 1380
f 1421 1378 1377
f 1421 1379 1378
f 1421 1422 1379
f 1420 1377 1376
f 1420 1421 1377
f 1419 1376 1375
f 1419 1420 1376
f 1418 1419 1375
f 1417 1374 1373
f 1417 1375 1374
f 1417 1418 1375
f 1416 1417 1373
f 1415 1372 1371
f 1415 1373 1372
f 1415 1416 1373
f 1414 1415 1371
f 1413 1371 1370
f 1413 1414 1371
f 1542 1500 1458
f 1542 1501 1500
f 1542 1502 1501
f 1542 1503 1502
f 1543 1503 1542
f 1543 1504 1503
f 1543 1505 1504
f 1544 1458 1459
f 1544 1459 1460
f 1544 1460 1461
f 1544 1542 1458
f 1545 1506 1505
f 1545 1507 1506
f 1545 1505 1543
f 1546 1461 1462
f 1546 1462 1463
f 1546 1544 1461
f 1546 1542 1544
f 1546 1543 1542
f 1547 1507 1545
f 1547 1508 1507
f 1547 1509 1508
f 1548 1543 1546
f 1548 1463 1464
f 1548 1464 1465
f 1548 1545 1543
f 1548 1546 1463
f 1549 1509 1547
f 1549 1510 1509
f 1549 1511 1510
f 1550 1465 1466
f 1550 1466 1467
f 1550 1547 1545
f 1550 1548 1465
f 1550 1545 1548
f 1551 1511 1549
f 1551 1512 1511
f 1551 1513 1512
f 1552 1549 1547
f 1552 1550 1467
f 1552 1467 1468
f 1552 1468 1469
f 1552 1547 1550
f 1553 1513 1551
f 1553 1514 1513
f 1553 1515 1514
f 1554 1549 1552
f 1554 1551 1549
f 1554 1469 1470
f 1554 1470 1471
f 1554 1552 1469
f 1555 1516 1515
f 1555 1517 1516
f 1555 1515 1553
f 1556 1553 1551
f 1556 1471 1472
f 1556 1472 1473
f 1556 1551 1554
f 1556 1554 1471
f 1557 1517 1555
f 1557 1518 1517
f 1557 1519 1518
f 1558 1553 1556
f 1558 1473 1474
f 1558 1474 1475
f 1558 1556 1473
f 1558 1555 1553
f 1559 1519 1557
f 1559 1520 1519
f 1559 1521 1520
f 1560 1557 1555
f 1560 1475 1476
f 1560 1476 1477
f 1560 1559 1557
f 1560 1555 1558
f 1560 1558 1475
f 1561 1522 1521
f 1561 1521 1559
f 1561 1523 1522
f 1562 1561 1559
f 1562 1477 1478
f 1562 1478 1479
f 1562 1559 1560
f 1562 1560 1477
f 1563 1523 1561
f 1563 1524 1523
f 1563 1525 1524
f 1564 1479 1480
f 1564 1480 1481
f 1564 1561 1562
f 1564 1562 1479
f 1565 1525 1563
f 1565 1526 1525
f 1565 1527 1526
f 1566 1561 1564
f 1566 1481 1482
f 1566 1482 1483
f 1566 1564 1481
f 1566 1563 1561
f 1567 1528 1527
f 1567 1529 1528
f 1567 1527 1565
f 1568 1563 1566
f 1568 1483 1484
f 1568 1484 1485
f 1568 1565 1563
f 1568 1566 1483
f 1569 1529 1567
f 1569 1530 1529
f 1569 1531 1530
f 1570 1567 1565
f 1570 1485 1486
f 1570 1486 1487
f 1570 1565 1568
f 1570 1568 1485
f 1571 1532 1531
f 1571 1533 1532
f 1571 1531 1569
f 1572 1569 1567
f 1572 1570 1487
f 1572 1487 1488
f 1572 1488 1489
f 1572 1567 1570
f 1573 1533 1571
f 1573 1534 1533
f 1573 1535 1534
f 1574 1572 1489
f 1574 1489 1490
f 1574 1490 1491
f 1574 1569 1572
f 1574 1571 1569
f 1575 1535 1573
f 1575 1536 1535
f 1575 1537 1536
f 1576 1571 1574
f 1576 1573 1571
f 1576 1491 1492
f 1576 1492 1493
f 1576 1574 1491
f 1577 1537 1575
f 1577 1538 1537
f 1577 1539 1538
f 1578 1573 1576
f 1578 1493 1494
f 1578 1494 1495
f 1578 1575 1573
f 1578 1576 1493
f 1579 1539 1577
f 1579 1540 1539
f 1579 1541 1540
f 1579 1456 1541
f 1580 1495 1496
f 1580 1496 1497
f 1580 1577 1575
f 1580 1578 1495
f 1580 1575 1578
f 1581 1580 1497
f 1581 1457 1456
f 1581 1577 1580
f 1581 1497 1498
f 1581 1498 1499
f 1581 1499 1457
f 1581 1579 1577
f 1581 1456 1579
f 1668 1626 1584
f 1668 1627 1626
f 1668 1628 1627
f 1668 1629 1628
f 1669 1629 1668
f 1669 1630 1629
f 1669 1631 1630
f 1670 1584 1585
f 1670 1585 1586
f 1670 1586 1587
f 1670 1668 1584
f 1671 1632 1631
f 1671 1633 1632
f 1671 1631 1669
f 1672 1670 1587
f 1672 1587 1588
f 1672 1588 1589
f 1672 1668 1670
f 1672 1669 1668
f 1673 1634 1633
f 1673 1633 1671
f 1673 1635 1634
f 1674 1669 1672
f 1674 1589 1590
f 1674 1590 1591
f 1674 1671 1669
f 1674 1672 1589
f 1675 1635 1673
f 1675 1636 1635
f 1675 1637 1636
f 1676 1591 1592
f 1676 1592 1593
f 1676 1673 1671
f 1676 1674 1591
f 1676 1671 1674
f 1677 1637 1675
f 1677 1638 1637
f 1677 1639 1638
f 1678 1675 1673
f 1678 1676 1593
f 1678 1593 1594
f 1678 1594 1595
f 1678 1673 1676
f 1679 1639 1677
f 1679 1640 1639
f 1679 1641 1640
f 1680 1675 1678
f 1680 1677 1675
f 1680 1595 1596
f 1680 1596 1597
f 1680 1678 1595
f 1681 1642 1641
f 1681 1643 1642
f 1681 1641 1679
f 1682 1680 1597
f 1682 1597 1598
f 1682 1598 1599
f 1682 1679 1677
f 1682 1677 1680
f 1683 1643 1681
f 1683 1644 1643
f 1683 1645 1644
f 1684 1683 1681
f 1684 1599 1600
f 1684 1600 1601
f 1684 1679 1682
f 1684 1681 1679
f 1684 1682 1599
f 1685 1645 1683
f 1685 1646 1645
f 1685 1647 1646
f 1686 1601 1602
f 1686 1602 1603
f 1686 1683 1684
f 1686 1684 1601
f 1687 1648 1647
f 1687 1647 1685
f 1687 1649 1648
f 1688 1603 1604
f 1688 1604 1605
f 1688 1686 1603
f 1688 1685 1683
f 1688 1683 1686
f 1689 1649 1687
f 1689 1650 1649
f 1689 1651 1650
f 1690 1605 1606
f 1690 1606 1607
f 1690 1688 1605
f 1690 1687 1685
f 1690 1685 1688
f 1691 1652 1651
f 1691 1653 1652
f 1691 1651 1689
f 1692 1607 1608
f 1692 1608 1609
f 1692 1690 1607
f 1692 1687 1690
f 1692 1689 1687
f 1692 1691 1689
f 1693 1654 1653
f 1693 1655 1654
f 1693 1653 1691
f 1694 1692 1609
f 1694 1691 1692
f 1694 1609 1610
f 1694 1610 1611
f 1695 1655 1693
f 1695 1656 1655
f 1695 1657 1656
f 1696 1694 1611
f 1696 1611 1612
f 1696 1612 1613
f 1696 1693 1691
f 1696 1691 1694
f 1697 1657 1695
f 1697 1658 1657
f 1697 1659 1658
f 1698 1693 1696
f 1698 1613 1614
f 1698 1614 1615
f 1698 1695 1693
f 1698 1696 1613
f 1699 1659 1697
f 1699 1660 1659
f 1699 1661 1660
f 1700 1695 1698
f 1700 1615 1616
f 1700 1616 1617
f 1700 1698 1615
f 1700 1697 1695
f 1701 1661 1699
f 1701 1662 1661
f 1701 1663 1662
f 1702 1617 1618
f 1702 1618 1619
f 1702 1699 1697
f 1702 1700 1617
f 1702 1697 1700
f 1703 1663 1701
f 1703 1664 1663
f 1703 1665 1664
f 1704 1702 1619
f 1704 1619 1620
f 1704 1620 1621
f 1704 1701 1699
f 1704 1699 1702
f 1705 1665 1703
f 1705 1666 1665
f 1705 1667 1666
f 1705 1582 1667
f 1706 1621 1622
f 1706 1622 1623
f 1706 1703 1701
f 1706 1701 1704
f 1706 1704 1621
f 1707 1583 1582
f 1707 1623 1624
f 1707 1624 1625
f 1707 1625 1583
f 1707 1582 1705
f 1707 1705 1703
f 1707 1706 1623
f 1707 1703 1706
f 1794 1791 1792
f 1794 1792 1793
f 1794 1793 1752
f 1795 1791 1794
f 1795 1789 1790
f 1795 1790 1791
f 1796 1794 1752
f 1796 1749 1748
f 1796 1750 1749
f 1796 1751 1750
f 1796 1752 1751
f 1797 1787 1788
f 1797 1788 1789
f 1797 1789 1795
f 1798 1747 1746
f 1798 1748 1747
f 1798 1794 1796
f 1798 1796 1748
f 1798 1795 1794
f 1799 1785 1786
f 1799 1786 1787
f 1799 1787 1797
f 1800 1795 1798
f 1800 1798 1746
f 1800 1745 1744
f 1800 1746 1745
f 1800 1797 1795
f 1801 1783 1784
f 1801 1784 1785
f 1801 1785 1799
f 1802 1797 1800
f 1802 1743 1742
f 1802 1744 1743
f 1802 1800 1744
f 1802 1799 1797
f 1803 1783 1801
f 1803 1781 1782
f 1803 1782 1783
f 1804 1802 1742
f 1804 1741 1740
f 1804 1742 1741
f 1804 1799 1802
f 1804 1803 1801
f 1804 1801 1799
f 1805 1781 1803
f 1805 1779 1780
f 1805 1780 1781
f 1806 1739 1738
f 1806 1740 1739
f 1806 1804 1740
f 1806 1803 1804
f 1807 1779 1805
f 1807 1777 1778
f 1807 1778 1779
f 1808 1803 1806
f 1808 1737 1736
f 1808 1738 1737
f 1808 1805 1803
f 1808 1806 1738
f 1809 1777 1807
f 1809 1775 1776
f 1809 1776 1777
f 1810 1807 1805
f 1810 1735 1734
f 1810 1736 1735
f 1810 1808 1736
f 1810 1805 1808
f 1811 1775 1809
f 1811 1773 1774
f 1811 1774 1775
f 1812 1809 1807
f 1812 1811 1809
f 1812 1733 1732
f 1812 1734 1733
f 1812 1807 1810
f 1812 1810 1734
f 1813 1773 1811
f 1813 1771 1772
f 1813 1772 1773
f 1814 1811 1812
f 1814 1731 1730
f 1814 1732 1731
f 1814 1812 1732
f 1815 1771 1813
f 1815 1769 1770
f 1815 1770 1771
f 1816 1811 1814
f 1816 1729 1728
f 1816 1730 1729
f 1816 1813 1811
f 1816 1814 1730
f 1817 1769 1815
f 1817 1767 1768
f 1817 1768 1769
f 1818 1727 1726
f 1818 1728 1727
f 1818 1815 1813
f 1818 1816 1728
f 1818 1813 1816
f 1819 1765 1766
f 1819 1766 1767
f 1819 1767 1817
f 1820 1815 1818
f 1820 1725 1724
f 1820 1726 1725
f 1820 1817 1815
f 1820 1818 1726
f 1821 1765 1819
f 1821 1763 1764
f 1821 1764 1765
f 1822 1819 1817
f 1822 1820 1724
f 1822 1723 1722
f 1822 1817 1820
f 1822 1724 1723
f 1822 1821 1819
f 1823 1763 1821
f 1823 1761 1762
f 1823 1762 1763
f 1824 1821 1822
f 1824 1721 1720
f 1824 1722 1721
f 1824 1822 1722
f 1825 1761 1823
f 1825 1759 1760
f 1825 1760 1761
f 1826 1824 1720
f 1826 1719 1718
f 1826 1720 1719
f 1826 1821 1824
f 1826 1823 1821
f 1827 1757 1758
f 1827 1758 1759
f 1827 1759 1825
f 1828 1717 1716
f 1828 1718 1717
f 1828 1826 1718
f 1828 1825 1823
f 1828 1823 1826
f 1828 1827 1825
f 1829 1755 1756
f 1829 1756 1757
f 1829 1757 1827
f 1830 1715 1714
f 1830 1716 1715
f 1830 1827 1828
f 1830 1828 1716
f 1831 1708 1753
f 1831 1753 1754
f 1831 1754 1755
f 1831 1755 1829
f 1832 1713 1712
f 1832 1714 1713
f 1832 1830 1714
f 1832 1829 1827
f 1832 1827 1830
f 1833 1709 1708
f 1833 1710 1709
f 1833 1711 1710
f 1833 1712 1711
f 1833 1708 1831
f 1833 1832 1712
f 1833 1831 1829
f 1833 1829 1832
f 1920 1878 1877
f 1920 1917 1918
f 1920 1918 1919
f 1920 1919 1878
f 1921 1917 1920
f 1921 1915 1916
f 1921 1916 1917
f 1922 1875 1874
f 1922 1876 1875
f 1922 1920 1877
f 1922 1877 1876
f 1923 1913 1914
f 1923 1914 1915
f 1923 1915 1921
f 1924 1873 1872
f 1924 1874 1873
f 1924 1920 1922
f 1924 1922 1874
f 1924 1921 1920
f 1925 1913 1923
f 1925 1911 1912
f 1925 1912 1913
f 1926 1921 1924
f 1926 1871 1870
f 1926 1872 1871
f 1926 1924 1872
f 1926 1923 1921
f 1927 1909 1910
f 1927 1910 1911
f 1927 1911 1925
f 1928 1925 1923
f 1928 1869 1868
f 1928 1870 1869
f 1928 1926 1870
f 1928 1923 1926
f 1929 1909 1927
f 1929 1907 1908
f 1929 1908 1909
f 1930 1928 1868
f 1930 1867 1866
f 1930 1868 1867
f 1930 1925 1928
f 1930 1927 1925
f 1931 1907 1929
f 1931 1905 1906
f 1931 1906 1907
f 1932 1865 1864
f 1932 1866 1865
f 1932 1930 1866
f 1932 1927 1930
f 1932 1929 1927
f 1933 1905 1931
f 1933 1903 1904
f 1933 1904 1905
f 1934 1931 1929
f 1934 1929 1932
f 1934 1863 1862
f 1934 1864 1863
f 1934 1932 1864
f 1935 1903 1933
f 1935 1901 1902
f 1935 1902 1903
f 1936 1931 1934
f 1936 1933 1931
f 1936 1861 1860
f 1936 1862 1861
f 1936 1934 1862
f 1937 1901 1935
f 1937 1899 1900
f 1937 1900 1901
f 1938 1859 1858
f 1938 1860 1859
f 1938 1935 1933
f 1938 1933 1936
f 1938 1936 1860
f 1939 1897 1898
f 1939 1898 1899
f 1939 1899 1937
f 1940 1938 1858
f 1940 1857 1856
f 1940 1858 1857
f 1940 1935 1938
f 1940 1937 1935
f 1941 1897 1939
f 1941 1895 1896
f 1941 1896 1897
f 1942 1937 1940
f 1942 1855 1854
f 1942 1856 1855
f 1942 1939 1937
f 1942 1940 1856
f 1943 1893 1894
f 1943 1894 1895
f 1943 1895 1941
f 1944 1941 1939
f 1944 1853 1852
f 1944 1854 1853
f 1944 1939 1942
f 1944 1942 1854
f 1945 1891 1892
f 1945 1892 1893
f 1945 1893 1943
f 1946 1944 1852
f 1946 1851 1850
f 1946 1852 1851
f 1946 1941 1944
f 1946 1943 1941
f 1947 1891 1945
f 1947 1889 1890
f 1947 1890 1891
f 1948 1943 1946
f 1948 1849 1848
f 1948 1850 1849
f 1948 1946 1850
f 1948 1945 1943
f 1949 1889 1947
f 1949 1887 1888
f 1949 1888 1889
f 1950 1847 1846
f 1950 1848 1847
f 1950 1945 1948
f 1950 1947 1945
f 1950 1948 1848
f 1951 1887 1949
f 1951 1885 1886
f 1951 1886 1887
f 1952 1845 1844
f 1952 1846 1845
f 1952 1949 1947
f 1952 1950 1846
f 1952 1947 1950
f 1953 1883 1884
f 1953 1884 1885
f 1953 1885 1951
f 1954 1843 1842
f 1954 1844 1843
f 1954 1952 1844
f 1954 1951 1949
f 1954 1949 1952
f 1955 1881 1882
f 1955 1882 1883
f 1955 1883 1953
f 1956 1954 1842
f 1956 1841 1840
f 1956 1842 1841
f 1956 1953 1951
f 1956 1951 1954
f 1957 1834 1879
f 1957 1879 1880
f 1957 1880 1881
f 1957 1881 1955
f 1958 1839 1838
f 1958 1840 1839
f 1958 1956 1840
f 1958 1955 1953
f 1958 1953 1956
f 1959 1835 1834
f 1959 1836 1835
f 1959 1837 1836
f 1959 1838 1837
f 1959 1958 1838
f 1959 1834 1957
f 1959 1957 1955
f 1959 1955 1958
f 2003 2005 2004
f 2002 2006 2005
f 2002 2005 2003
f 2001 2007 2006
f 2001 2006 2002
f 2000 2007 2001
f 2000 2008 2007
f 1999 2008 2000
f 1999 2009 2008
f 1998 2009 1999
f 1998 2010 2009
f 1997 2010 1998
f 1997 2011 2010
f 1996 2011 1997
f 1996 2012 2011
f 1995 2012 1996
f 1995 2013 2012
f 1994 2013 1995
f 1994 2014 2013
f 1993 2014 1994
f 1993 2015 2014
f 1992 2015 1993
f 1992 2016 2015
f 1991 2016 1992
f 1991 2017 2016
f 1990 2017 1991
f 1989 2017 1990
f 1989 2018 2017
f 1988 2018 1989
f 1988 2019 2018
f 1988 2020 2019
f 1987 2020 1988
f 1986 2020 1987
f 1986 2021 2020
f 1985 2022 2021
f 1985 2023 2022
f 1985 2021 1986
f 1984 2023 1985
f 1983 2024 2023
f 1983 2023 1984
f 1982 2025 2024
f 1982 2024 1983
f 1981 2026 2025
f 1981 2025 1982
f 1980 2027 2026
f 1980 2026 1981
f 1979 2028 2027
f 1979 2027 1980
f 1978 2029 2028
f 1978 2028 1979
f 1977 2030 2029
f 1977 2029 1978
f 1976 2031 2030
f 1976 2032 2031
f 1976 2030 1977
f 1975 2032 1976
f 1974 2032 1975
f 1974 2033 2032
f 1973 2033 1974
f 1973 2034 2033
f 1972 2034 1973
f 1972 2035 2034
f 1971 2035 1972
f 1971 2036 2035
f 1970 2036 1971
f 1970 2037 2036
f 1969 2037 1970
f 1969 2038 2037
f 1968 2038 1969
f 1968 2039 2038
f 1967 2039 1968
f 1967 2040 2039
f 1966 2040 1967
f 1966 2041 2040
f 1965 2041 1966
f 1965 2042 2041
f 1964 2042 1965
f 1964 2043 2042
f 1963 2043 1964
f 1963 2044 2043
f 1962 2044 1963
f 1962 2045 2044
f 1961 2045 1962
f 1961 1960 2045
f 2089 2091 2090
f 2088 2092 2091
f 2088 2091 2089
f 2087 2093 2092
f 2087 2092 2088
f 2086 2093 2087
f 2086 2094 2093
f 2085 2094 2086
f 2085 2095 2094
f 2084 2095 2085
f 2084 2096 2095
f 2083 2096 2084
f 2083 2097 2096
f 2082 2097 2083
f 2082 2098 2097
f 2081 2098 2082
f 2081 2099 2098
f 2080 2099 2081
f 2080 2100 2099
f 2079 2100 2080
f 2079 2101 2100
f 2078 2101 2079
f 2078 2102 2101
f 2077 2102 2078
f 2077 2103 2102
f 2076 2103 2077
f 2075 2103 2076
f 2075 2104 2103
f 2074 2104 2075
f 2074 2105 2104
f 2074 2106 2105
f 2073 2106 2074
f 2072 2106 2073
f 2072 2107 2106
f 2071 2108 2107
f 2071 2109 2108
f 2071 2107 2072
f 2070 2109 2071
f 2069 2110 2109
f 2069 2109 2070
f 2068 2111 2110
f 2068 2110 2069
f 2067 2112 2111
f 2067 2111 2068
f 2066 2113 2112
f 2066 2112 2067
f 2065 2114 2113
f 2065 2113 2066
f 2064 2115 2114
f 2064 2114 2065
f 2063 2116 2115
f 2063 2115 2064
f 2062 2117 2116
f 2062 2118 2117
f 2062 2116 2063
f 2061 2118 2062
f 2060 2118 2061
f 2060 2119 2118
f 2059 2119 2060
f 2059 2120 2119
f 2058 2120 2059
f 2058 2121 2120
f 2057 2121 2058
f 2057 2122 2121
f 2056 2122 2057
f 2056 2123 2122
f 2055 2123 2056
f 2055 2124 2123
f 2054 2124 2055
f 2054 2125 2124
f 2053 2125 2054
f 2053 2126 2125
f 2052 2126 2053
f 2052 2127 2126
f 2051 2127 2052
f 2051 2128 2127
f 2050 2128 2051
f 2050 2129 2128
f 2049 2129 2050
f 2049 2130 2129
f 2048 2130 2049
f 2048 2131 2130
f 2047 2131 2048
f 2047 2046 2131
f 2134 2177 2176
f 2135 2177 2134
f 2136 2178 2177
f 2136 2177 2135
f 2137 2179 2178
f 2137 2178 2136
f 2138 2179 2137
f 2138 2180 2179
f 2139 2180 2138
f 2139 2181 2180
f 2140 2181 2139
f 2140 2182 2181
f 2141 2182 2140
f 2141 2183 2182
f 2142 2183 2141
f 2142 2184 2183
f 2143 2184 2142
f 2143 2185 2184
f 2144 2185 2143
f 2144 2186 2185
f 2145 2186 2144
f 2145 2187 2186
f 2145 2188 2187
f 2146 2188 2145
f 2147 2188 2146
f 2147 2189 2188
f 2147 2190 2189
f 2148 2190 2147
f 2149 2190 2148
f 2149 2191 2190
f 2150 2191 2149
f 2150 2192 2191
f 2151 2192 2150
f 2151 2193 2192
f 2151 2194 2193
f 2152 2195 2194
f 2152 2194 2151
f 2153 2196 2195
f 2153 2195 2152
f 2154 2196 2153
f 2155 2197 2196
f 2155 2196 2154
f 2156 2198 2197
f 2156 2197 2155
f 2157 2199 2198
f 2157 2198 2156
f 2158 2200 2199
f 2158 2199 2157
f 2159 2201 2200
f 2159 2200 2158
f 2160 2202 2201
f 2160 2201 2159
f 2161 2203 2202
f 2161 2202 2160
f 2162 2204 2203
f 2162 2203 2161
f 2163 2204 2162
f 2163 2205 2204
f 2164 2205 2163
f 2164 2206 2205
f 2165 2206 2164
f 2165 2207 2206
f 2166 2207 2165
f 2166 2208 2207
f 2167 2208 2166
f 2167 2209 2208
f 2168 2209 2167
f 2168 2210 2209
f 2169 2210 2168
f 2169 2211 2210
f 2170 2211 2169
f 2170 2212 2211
f 2171 2212 2170
f 2171 2213 2212
f 2172 2213 2171
f 2172 2214 2213
f 2173 2214 2172
f 2173 2215 2214
f 2174 2215 2173
f 2174 2216 2215
f 2175 2216 2174
f 2175 2217 2216
f 2133 2217 2175
f 2133 2132 2217
f 2221 2262 2220
f 2221 2263 2262
f 2222 2264 2263
f 2222 2265 2264
f 2222 2263 2221
f 2223 2265 2222
f 2223 2266 2265
f 2224 2266 2223
f 2224 2267 2266
f 2225 2267 2224
f 2225 2268 2267
f 2226 2268 2225
f 2226 2269 2268
f 2227 2269 2226
f 2227 2270 2269
f 2228 2270 2227
f 2228 2271 2270
f 2229 2271 2228
f 2229 2272 2271
f 2230 2272 2229
f 2230 2273 2272
f 2231 2273 2230
f 2231 2274 2273
f 2232 2274 2231
f 2232 2275 2274
f 2233 2275 2232
f 2233 2276 2275
f 2234 2276 2233
f 2234 2277 2276
f 2235 2277 2234
f 2235 2278 2277
f 2236 2278 2235
f 2236 2279 2278
f 2237 2279 2236
f 2237 2280 2279
f 2238 2281 2280
f 2238 2280 2237
f 2239 2281 2238
f 2240 2282 2281
f 2240 2283 2282
f 2240 2281 2239
f 2241 2284 2283
f 2241 2283 2240
f 2242 2285 2284
f 2242 2284 2241
f 2243 2286 2285
f 2243 2285 2242
f 2244 2287 2286
f 2244 2286 2243
f 2245 2287 2244
f 2246 2288 2287
f 2246 2289 2288
f 2246 2287 2245
f 2247 2289 2246
f 2248 2290 2289
f 2248 2289 2247
f 2249 2290 2248
f 2249 2291 2290
f 2249 2292 2291
f 2250 2292 2249
f 2250 2293 2292
f 2251 2293 2250
f 2252 2293 2251
f 2252 2294 2293
f 2253 2294 2252
f 2253 2295 2294
f 2253 2296 2295
f 2254 2296 2253
f 2254 2297 2296
f 2255 2297 2254
f 2256 2297 2255
f 2256 2298 2297
f 2257 2298 2256
f 2257 2299 2298
f 2257 2300 2299
f 2258 2300 2257
f 2259 2300 2258
f 2259 2301 2300
f 2259 2302 2301
f 2260 2302 2259
f 2261 2302 2260
f 2261 2303 2302
f 2261 2218 2303
f 2219 2218 2261
f 2439 2436 2437
f 2439 2437 2438
f 2433 2436 2439
f 2433 2434 2435
f 2433 2435 2436
f 2432 2439 2440
f 2432 2433 2439
f 2430 2431 2432
f 2430 2432 2440
f 2430 2440 2441
f 2445 2443 2444
f 2429 2430 2441
f 2429 2441 2442
f 2446 2442 2443
f 2446 2443 2445
f 2447 2428 2429
f 2447 2442 2446
f 2447 2429 2442
f 2448 2428 2447
f 2467 2469 2468
f 2467 2470 2469
f 2467 2449 2470
f 2465 2467 2466
f 2464 2467 2465
f 2461 2463 2462
f 2461 2464 2463
f 2461 2449 2467
f 2461 2467 2464
f 2459 2461 2460
f 2458 2449 2461
f 2458 2461 2459
f 2457 2449 2458
f 2454 2456 2455
f 2452 2456 2454
f 2452 2454 2453
f 2452 2457 2456
f 2450 2457 2452
f 2450 2452 2451
f 2450 2449 2457
f 3023 2380 3022
f 3024 2364 2365
f 3024 2365 2366
f 3024 2366 2367
f 3024 2367 2368
f 3024 2368 2369
f 3024 2369 2370
f 3024 2370 2371
f 3024 2371 2372
f 3024 2372 2373
f 3024 2373 2374
f 3024 2374 2375
f 3024 2375 2376
f 3024 2376 2377
f 3024 2377 2378
f 3024 2378 2379
f 3024 2379 2380
f 3024 2380 3023
f 3021 3022 2380
f 3025 2364 3024
f 3025 2358 2359
f 3025 2359 2360
f 3025 2360 2361
f 3025 2361 2362
f 3025 2362 2363
f 3025 2363 2364
f 3020 3021 2380
f 3026 2358 3025
f 3019 3020 2380
f 3018 3019 2380
f 3027 2358 3026
f 3017 3018 2380
f 3028 2358 3027
f 3029 2358 3028
f 3016 3017 2380
f 3016 2380 2381
f 3015 3016 2381
f 3030 2358 3029
f 3014 3015 2381
f 3014 2381 2382
f 3031 2358 3030
f 3032 2358 3031
f 3013 3014 2382
f 3013 2382 2383
f 2471 2449 2450
f 2471 2448 2449
f 2472 2428 2448
f 2472 2448 2471
f 2473 2428 2472
f 3012 3013 2383
f 3012 2383 2384
f 3033 2358 3032
f 2474 2428 2473
f 2475 2428 2474
f 2476 2428 2475
f 3034 2358 3033
f 3011 3012 2384
f 3011 2384 2385
f 2477 2428 2476
f 2478 2428 2477
f 3035 2358 3034
f 3010 3011 2385
f 3010 2385 2386
f 2479 2428 2478
f 2480 2428 2479
f 3009 3010 2386
f 3009 2386 2387
f 3036 2358 3035
f 3037 2358 3036
f 3008 3009 2387
f 3008 2387 2388
f 2542 2544 2543
f 2542 2545 2544
f 2546 2545 2542
f 2539 2546 2542
f 2539 2541 2540
f 2539 2542 2541
f 2539 2511 2546
f 2538 2511 2539
f 2537 2511 2538
f 2535 2537 2536
f 2534 2537 2535
f 3007 3008 2388
f 3007 2388 2389
f 3038 2358 3037
f 2533 2511 2537
f 2533 2537 2534
f 2531 2533 2532
f 2531 2511 2533
f 2530 2511 2531
f 2528 2530 2529
f 3039 2358 3038
f 3006 3007 2389
f 3006 2389 2390
f 2526 2528 2527
f 2526 2530 2528
f 2525 2530 2526
f 2524 2530 2525
f 2522 2524 2523
f 2522 2530 2524
f 2521 2530 2522
f 3005 3006 2390
f 3005 2390 2391
f 2519 2521 2520
f 2519 2530 2521
f 2518 2530 2519
f 2516 2530 2518
f 2516 2518 2517
f 3004 3005 2391
f 3004 2391 2392
f 2513 2515 2514
f 2513 2516 2515
f 2513 2530 2516
f 2513 2511 2530
f 2512 2510 2511
f 2512 2511 2513
f 3003 3004 2392
f 3003 2392 2393
f 3002 3003 2393
f 3002 2393 2394
f 3001 3002 2394
f 3001 2394 2395
f 2559 2484 2485
f 2560 2484 2559
f 2560 2482 2483
f 2560 2483 2484
f 2561 2481 2482
f 2561 2482 2560
f 2558 2559 2485
f 2558 2485 2486
f 2557 2486 2487
f 2557 2487 2488
f 2557 2558 2486
f 2562 2481 2561
f 2562 2480 2481
f 2563 2480 2562
f 2563 2428 2480
f 2556 2488 2489
f 2556 2557 2488
f 2555 2489 2490
f 2555 2556 2489
f 2564 2428 2563
f 2554 2490 2491
f 2554 2491 2492
f 2554 2555 2490
f 2565 2428 2564
f 2566 2428 2565
f 2553 2554 2492
f 2553 2492 2493
f 2567 2428 2566
f 2552 2553 2493
f 2552 2493 2494
f 2551 2552 2494
f 2551 2494 2495
f 2551 2495 2496
f 2568 2428 2567
f 2569 2428 2568
f 2550 2551 2496
f 2550 2496 2497
f 2570 2428 2569
f 2549 2550 2497
f 2549 2497 2498
f 2549 2498 2499
f 2547 2505 2506
f 2547 2506 2507
f 2547 2507 2508
f 2547 2508 2509
f 2547 2509 2510
f 2547 2510 2512
f 2547 2549 2499
f 2547 2499 2500
f 2547 2500 2501
f 2547 2501 2502
f 2547 2502 2503
f 2547 2503 2504
f 2547 2504 2505
f 2548 2549 2547
f 2357 3039 3040
f 2357 3040 3041
f 2357 3041 3042
f 2357 3042 3043
f 2357 3043 3044
f 2357 3044 3045
f 2357 3045 3046
f 2357 3046 3047
f 2357 2358 3039
f 2356 3047 3048
f 2356 2357 3047
f 2848 2395 2847
f 2846 2847 2395
f 2849 2395 2848
f 2849 3001 2395
f 2849 3000 3001
f 2845 2846 2395
f 2355 2356 3048
f 2355 3048 3049
f 2850 2999 3000
f 2850 3000 2849
f 2844 2845 2395
f 2851 2997 2998
f 2851 2998 2999
f 2851 2999 2850
f 2843 2844 2395
f 2852 2997 2851
f 2852 2996 2997
f 2354 2355 3049
f 2842 2843 2395
f 2853 2996 2852
f 2853 2995 2996
f 2841 2842 2395
f 2854 2995 2853
f 2854 2994 2995
f 2840 2841 2395
f 2855 2994 2854
f 2855 2993 2994
f 2856 2993 2855
f 2856 2992 2993
f 2857 2992 2856
f 2857 3074 2991
f 2857 2991 2992
f 2858 3074 2857
f 2858 3073 3074
f 2859 3073 2858
f 2859 3072 3073
f 2860 3072 2859
f 2860 3071 3072
f 2861 3071 2860
f 2861 3070 3071
f 2917 3055 3056
f 2918 3054 3055
f 2918 3055 2917
f 2916 3056 3057
f 2916 2917 3056
f 2919 3053 3054
f 2919 3054 2918
f 2915 3057 3058
f 2915 2916 3057
f 2920 3052 3053
f 2920 3053 2919
f 2862 3068 3069
f 2862 3069 3070
f 2862 3070 2861
f 2914 2915 3058
f 2914 3058 3059
f 2921 3052 2920
f 2921 3051 3052
f 2913 3059 3060
f 2913 2914 3059
f 2922 3050 3051
f 2922 3051 2921
f 2912 3060 3061
f 2912 2913 3060
f 2923 3049 3050
f 2923 2353 2354
f 2923 3050 2922
f 2923 2354 3049
f 2911 2912 3061
f 2911 3061 3062
f 2924 2352 2353
f 2924 2353 2923
f 2863 3068 2862
f 2863 3067 3068
f 2910 3062 3063
f 2910 2911 3062
f 2925 2351 2352
f 2925 2352 2924
f 2909 3063 3064
f 2909 2910 3063
f 2926 2351 2925
f 2864 3067 2863
f 2908 3064 3065
f 2908 2909 3064
f 2927 2351 2926
f 2927 2350 2351
f 2907 2908 3065
f 2907 3065 3066
f 2928 2349 2350
f 2928 2350 2927
f 2906 2907 3066
f 2906 3066 3067
f 2929 2348 2349
f 2929 2349 2928
f 2930 2348 2929
f 2930 2347 2348
f 2905 3067 2864
f 2905 2906 3067
f 2931 2347 2930
f 2931 2346 2347
f 2904 2905 2864
f 2904 2864 2865
f 2932 2346 2931
f 2932 2343 2344
f 2932 2344 2345
f 2932 2345 2346
f 2903 2904 2865
f 2903 2865 2866
f 2902 2903 2866
f 2902 2866 2867
f 2868 2902 2867
f 2869 2902 2868
f 2870 2902 2869
f 2871 2902 2870
f 2872 2902 2871
f 2873 2902 2872
f 2874 2902 2873
f 2396 2840 2395
f 2427 2428 2570
f 2411 2405 2406
f 2411 2406 2407
f 2411 2407 2408
f 2411 2408 2409
f 2411 2409 2410
f 2839 2404 2405
f 2839 2411 2412
f 2839 2412 2413
f 2839 2413 2414
f 2839 2405 2411
f 2839 2396 2397
f 2839 2397 2398
f 2839 2398 2399
f 2839 2399 2400
f 2839 2400 2401
f 2839 2401 2402
f 2839 2402 2403
f 2839 2403 2404
f 2838 2839 2414
f 2838 2414 2415
f 2837 2415 2416
f 2837 2838 2415
f 2836 2837 2416
f 2836 2416 2417
f 2835 2417 2418
f 2835 2836 2417
f 2834 2835 2418
f 2833 2418 2419
f 2833 2834 2418
f 2832 2833 2419
f 2832 2419 2420
f 2831 2420 2421
f 2831 2832 2420
f 2830 2421 2422
f 2830 2831 2421
f 2829 2422 2423
f 2829 2830 2422
f 2828 2829 2423
f 2828 2423 2424
f 2827 2424 2425
f 2827 2828 2424
f 2826 2425 2426
f 2826 2827 2425
f 2825 2826 2426
f 2824 2426 2427
f 2824 2825 2426
f 2823 2824 2427
f 2822 2823 2427
f 2821 2822 2427
f 2571 2814 2815
f 2571 2815 2816
f 2571 2816 2817
f 2571 2817 2818
f 2571 2818 2819
f 2571 2572 2814
f 2933 2343 2932
f 2933 2341 2342
f 2933 2342 2343
f 2934 2340 2341
f 2934 2341 2933
f 2935 2339 2340
f 2935 2340 2934
f 2936 2338 2339
f 2936 2339 2935
f 2937 2337 2338
f 2937 2338 2936
f 2938 2336 2337
f 2938 2337 2937
f 2939 2336 2938
f 2939 2335 2336
f 2940 2335 2939
f 2940 2334 2335
f 2941 2334 2940
f 2941 2333 2334
f 2942 2332 2333
f 2942 2333 2941
f 2943 2331 2332
f 2943 2332 2942
f 2990 2874 2875
f 2989 2990 2875
f 2989 2875 2876
f 2988 2876 2877
f 2988 2989 2876
f 2682 2943 2944
f 2681 2944 2945
f 2681 2682 2944
f 2683 2330 2331
f 2683 2331 2943
f 2683 2943 2682
f 2680 2945 2946
f 2680 2681 2945
f 2684 2329 2330
f 2684 2330 2683
f 2679 2680 2946
f 2679 2946 2947
f 2679 2947 2948
f 2679 2948 2949
f 2679 2949 2950
f 2679 2950 2951
f 2679 2951 2952
f 2679 2952 2953
f 2679 2953 2954
f 2679 2954 2955
f 2679 2955 2956
f 2679 2956 2957
f 2679 2957 2958
f 2679 2958 2959
f 2685 2329 2684
f 2686 2329 2685
f 2686 2328 2329
f 2987 2988 2877
f 2687 2328 2686
f 2688 2328 2687
f 2689 2328 2688
f 2986 2877 2878
f 2986 2987 2877
f 2690 2328 2689
f 2691 2328 2690
f 2985 2986 2878
f 2985 2878 2879
f 2576 2901 2573
f 2576 2895 2896
f 2576 2896 2897
f 2576 2897 2898
f 2576 2898 2899
f 2576 2899 2900
f 2576 2900 2901
f 2692 2328 2691
f 2984 2985 2879
f 2984 2879 2880
f 2693 2328 2692
f 2694 2328 2693
f 2983 2984 2880
f 2983 2880 2881
f 2695 2328 2694
f 2982 2881 2882
f 2982 2983 2881
f 2696 2328 2695
f 2981 2982 2882
f 2981 2882 2883
f 2980 2883 2884
f 2980 2981 2883
f 2979 2884 2885
f 2979 2980 2884
f 2978 2885 2886
f 2978 2979 2885
f 2977 2978 2886
f 2977 2886 2887
f 2976 2977 2887
f 2976 2887 2888
f 2975 2976 2888
f 2975 2888 2889
f 2974 2975 2889
f 2974 2889 2890
f 2574 2576 2573
f 2575 2576 2574
f 2678 2959 2960
f 2677 2678 2960
f 2676 2677 2960
f 2676 2960 2961
f 2675 2961 2962
f 2675 2676 2961
f 2674 2962 2963
f 2674 2675 2962
f 2673 2963 2964
f 2673 2674 2963
f 2672 2673 2964
f 2672 2964 2965
f 2671 2672 2965
f 2671 2965 2966
f 2670 2671 2966
f 2669 2670 2966
f 2669 2966 2967
f 2668 2669 2967
f 2668 2967 2968
f 2327 2328 2696
f 2667 2968 2969
f 2667 2668 2968
f 2666 2969 2970
f 2666 2667 2969
f 2665 2666 2970
f 2665 2970 2971
f 2664 2665 2971
f 2664 2971 2972
f 2697 2327 2696
f 2663 2664 2972
f 2663 2972 2973
f 2698 2327 2697
f 2662 2973 2974
f 2662 2974 2890
f 2662 2663 2973
f 2699 2327 2698
f 2661 2662 2890
f 2661 2890 2891
f 2700 2327 2699
f 2701 2327 2700
f 2660 2661 2891
f 2660 2891 2892
f 2702 2327 2701
f 2659 2660 2892
f 2659 2892 2893
f 2703 2327 2702
f 2658 2659 2893
f 2704 2327 2703
f 2326 2707 2708
f 2326 2708 2709
f 2326 2709 2710
f 2326 2710 2711
f 2326 2711 2712
f 2326 2712 2713
f 2326 2713 2714
f 2326 2714 2715
f 2326 2715 2716
f 2326 2716 2717
f 2326 2717 2718
f 2326 2327 2704
f 2326 2704 2705
f 2326 2705 2706
f 2326 2706 2707
f 2325 2718 2719
f 2325 2326 2718
f 2324 2325 2719
f 2323 2324 2719
f 2322 2323 2719
f 2321 2719 2720
f 2321 2322 2719
f 2320 2321 2720
f 2319 2720 2721
f 2319 2320 2720
f 2318 2721 2722
f 2318 2319 2721
f 2317 2722 2723
f 2317 2318 2722
f 2316 2723 2724
f 2316 2317 2723
f 2315 2316 2724
f 2314 2315 2724
f 2757 2758 2724
f 2759 2724 2758
f 2756 2757 2724
f 2760 2724 2759
f 2755 2756 2724
f 2755 2724 2635
f 2761 2724 2760
f 2762 2724 2761
f 2763 2724 2762
f 2764 2724 2763
f 2765 2724 2764
f 2765 2313 2314
f 2765 2314 2724
f 2766 2312 2313
f 2766 2313 2765
f 2767 2312 2766
f 2767 2311 2312
f 2768 2309 2310
f 2768 2310 2311
f 2768 2311 2767
f 2769 2308 2309
f 2769 2309 2768
f 2770 2307 2308
f 2770 2308 2769
f 2771 2306 2307
f 2771 2307 2770
f 2772 2304 2305
f 2772 2305 2306
f 2772 2306 2771
f 2754 2755 2635
f 2753 2754 2635
f 2752 2753 2635
f 2751 2752 2635
f 2750 2751 2635
f 2749 2750 2635
f 2748 2749 2635
f 2747 2748 2635
f 2746 2747 2635
f 2745 2746 2635
f 2744 2745 2635
f 2743 2744 2635
f 2742 2743 2635
f 2741 2635 2636
f 2741 2742 2635
f 2740 2741 2636
f 2739 2636 2637
f 2739 2740 2636
f 2738 2637 2638
f 2738 2739 2637
f 2737 2638 2639
f 2737 2738 2638
f 2736 2639 2640
f 2736 2737 2639
f 2735 2640 2641
f 2735 2736 2640
f 2734 2641 2642
f 2734 2735 2641
f 2733 2734 2642
f 2732 2642 2643
f 2732 2733 2642
f 2731 2643 2644
f 2731 2732 2643
f 2730 2644 2645
f 2730 2731 2644
f 2729 2645 2646
f 2729 2730 2645
f 2728 2646 2647
f 2728 2729 2646
f 2773 2304 2772
f 2624 2304 2773
f 2624 2773 2774
f 2624 2774 2775
f 2624 2775 2776
f 2624 2776 2777
f 2624 2777 2778
f 2624 2778 2779
f 2624 2779 2780
f 2624 2780 2781
f 2624 2781 2782
f 2624 2782 2783
f 2624 2783 2784
f 2624 2784 2785
f 2624 2785 2786
f 2624 2786 2787
f 2624 2787 2788
f 2628 2627 2626
f 2629 2628 2626
f 2631 2625 2624
f 2631 2626 2625
f 2631 2630 2629
f 2631 2629 2626
f 2633 2632 2631
f 2623 2634 2633
f 2623 2624 2788
f 2623 2633 2631
f 2623 2631 2624
f 2623 2788 2789
f 2608 2623 2789
f 2608 2789 2790
f 2608 2790 2791
f 2608 2791 2792
f 2608 2792 2793
f 2608 2793 2794
f 2612 2623 2608
f 2614 2613 2612
f 2607 2608 2794
f 2607 2794 2795
f 2607 2795 2796
f 2607 2796 2797
f 2607 2797 2798
f 2607 2798 2799
f 2607 2799 2800
f 2616 2615 2614
f 2616 2614 2612
f 2618 2617 2616
f 2618 2616 2612
f 2621 2620 2619
f 2611 2612 2608
f 2611 2619 2618
f 2611 2622 2621
f 2611 2618 2612
f 2611 2621 2619
f 2609 2611 2608
f 2610 2611 2609
f 2577 2808 2809
f 2577 2809 2810
f 2577 2810 2811
f 2577 2811 2812
f 2577 2812 2813
f 2577 2813 2725
f 2577 2807 2808
f 2578 2807 2577
f 2578 2806 2807
f 2579 2806 2578
f 2580 2806 2579
f 2580 2805 2806
f 2581 2805 2580
f 2581 2804 2805
f 2582 2804 2581
f 2582 2803 2804
f 2583 2803 2582
f 2583 2802 2803
f 2584 2802 2583
f 2585 2802 2584
f 2585 2801 2802
f 2586 2801 2585
f 2586 2800 2801
f 2586 2607 2800
f 2587 2607 2586
f 2605 2606 2607
f 2605 2607 2587
f 2605 2587 2588
f 2605 2588 2589
f 2605 2589 2590
f 2605 2590 2591
f 2592 2605 2591
f 2593 2605 2592
f 2594 2605 2593
f 2595 2605 2594
f 2596 2605 2595
f 2597 2605 2596
f 2598 2605 2597
f 2599 2605 2598
f 2600 2605 2599
f 2601 2605 2600
f 2604 2605 2601
f 2604 2601 2602
f 2604 2602 2603
f 2570 2571 2819
f 2570 2819 2820
f 2570 2820 2821
f 2570 2821 2427
f 2576 2577 2725
f 2576 2725 2726
f 2576 2726 2727
f 2576 2727 2728
f 2576 2728 2647
f 2576 2647 2648
f 2576 2648 2649
f 2576 2649 2650
f 2576 2650 2651
f 2576 2651 2652
f 2576 2652 2653
f 2576 2653 2654
f 2576 2654 2655
f 2576 2655 2656
f 2576 2656 2657
f 2576 2657 2658
f 2576 2658 2895
f 2895 2658 2894
f 2894 2658 2893
f 2678 2679 2959
f 2839 2840 2396
f 2901 2814 2572
f 2901 2572 2573
f 2990 2902 2874
f 3076 3078 3077
f 3076 3075 3078
f 3092 3094 3093
f 3091 3094 3092
f 3090 3095 3094
f 3090 3094 3091
f 3089 3096 3095
f 3089 3095 3090
f 3088 3097 3096
f 3088 3096 3089
f 3087 3098 3097
f 3087 3097 3088
f 3086 3099 3098
f 3086 3098 3087
f 3085 3100 3099
f 3085 3099 3086
f 3084 3101 3100
f 3084 3100 3085
f 3083 3102 3101
f 3083 3101 3084
f 3082 3103 3102
f 3082 3102 3083
f 3081 3104 3103
f 3081 3103 3082
f 3080 3105 3104
f 3080 3104 3081
f 3079 3106 3105
f 3079 3105 3080
f 3107 3108 3109
f 3107 3109 3110
f 3111 3112 3113
f 3111 3113 3114
f 3135 3137 3136
f 3135 3138 3137
f 3134 3139 3138
f 3134 3138 3135
f 3133 3140 3139
f 3133 3139 3134
f 3132 3141 3140
f 3132 3140 3133
f 3131 3142 3141
f 3131 3141 3132
f 3130 3143 3142
f 3130 3142 3131
f 3129 3144 3143
f 3129 3143 3130
f 3128 3145 3144
f 3128 3144 3129
f 3127 3146 3145
f 3127 3145 3128
f 3126 3147 3146
f 3126 3146 3127
f 3125 3148 3147
f 3125 3147 3126
f 3124 3149 3148
f 3124 3148 3125
f 3123 3149 3124
f 3123 3150 3149
f 3122 3150 3123
f 3122 3151 3150
f 3121 3151 3122
f 3121 3152 3151
f 3120 3152 3121
f 3120 3153 3152
f 3119 3153 3120
f 3119 3154 3153
f 3118 3154 3119
f 3118 3155 3154
f 3117 3155 3118
f 3117 3156 3155
f 3116 3156 3117
f 3116 3157 3156
f 3115 3157 3116
f 3115 3158 3157
f 3236 3159 3237
f 3235 3159 3236
f 3238 3237 3159
f 3239 3238 3159
f 3234 3159 3235
f 3240 3239 3159
f 3233 3159 3234
f 3241 3240 3159
f 3232 3159 3233
f 3242 3241 3159
f 3231 3159 3232
f 3243 3242 3159
f 3230 3159 3231
f 3244 3243 3159
f 3229 3159 3230
f 3245 3244 3159
f 3228 3159 3229
f 3246 3245 3159
f 3227 3160 3159
f 3227 3159 3228
f 3163 3246 3159
f 3226 3160 3227
f 3225 3160 3226
f 3224 3160 3225
f 3223 3160 3224
f 3222 3160 3223
f 3221 3160 3222
f 3220 3160 3221
f 3219 3160 3220
f 3218 3160 3219
f 3217 3160 3218
f 3216 3160 3217
f 3215 3160 3216
f 3214 3160 3215
f 3213 3160 3214
f 3212 3160 3213
f 3211 3160 3212
f 3210 3160 3211
f 3209 3160 3210
f 3208 3160 3209
f 3207 3160 3208
f 3206 3160 3207
f 3205 3160 3206
f 3162 3164 3163
f 3162 3165 3164
f 3162 3166 3165
f 3162 3167 3166
f 3162 3168 3167
f 3162 3169 3168
f 3162 3170 3169
f 3162 3171 3170
f 3162 3172 3171
f 3162 3173 3172
f 3162 3174 3173
f 3162 3175 3174
f 3162 3176 3175
f 3162 3177 3176
f 3162 3178 3177
f 3162 3179 3178
f 3162 3180 3179
f 3162 3181 3180
f 3162 3182 3181
f 3162 3183 3182
f 3162 3163 3159
f 3161 3160 3205
f 3161 3184 3183
f 3161 3185 3184
f 3161 3186 3185
f 3161 3187 3186
f 3161 3188 3187
f 3161 3189 3188
f 3161 3190 3189
f 3161 3191 3190
f 3161 3192 3191
f 3161 3193 3192
f 3161 3194 3193
f 3161 3195 3194
f 3161 3196 3195
f 3161 3197 3196
f 3161 3198 3197
f 3161 3199 3198
f 3161 3200 3199
f 3161 3201 3200
f 3161 3202 3201
f 3161 3183 3162
f 3161 3203 3202
f 3161 3204 3203
f 3161 3205 3204
f 3264 3266 3265
f 3263 3266 3264
f 3262 3267 3266
f 3262 3266 3263
f 3261 3268 3267
f 3261 3267 3262
f 3260 3269 3268
f 3260 3268 3261
f 3259 3270 3269
f 3259 3269 3260
f 3258 3271 3270
f 3258 3270 3259
f 3257 3272 3271
f 3257 3271 3258
f 3256 3273 3272
f 3256 3272 3257
f 3255 3274 3273
f 3255 3273 3256
f 3254 3275 3274
f 3254 3274 3255
f 3253 3276 3275
f 3253 3275 3254
f 3252 3277 3276
f 3252 3276 3253
f 3251 3278 3277
f 3251 3279 3278
f 3251 3277 3252
f 3250 3280 3279
f 3250 3279 3251
f 3249 3280 3250
f 3249 3281 3280
f 3248 3281 3249
f 3248 3282 3281
f 3247 3282 3248
f 3284 3283 3286
f 3285 3284 3286
f 3346 3288 3287
f 3345 3289 3288
f 3345 3288 3346
f 3344 3290 3289
f 3344 3289 3345
f 3343 3291 3290
f 3343 3290 3344
f 3342 3292 3291
f 3342 3291 3343
f 3341 3293 3292
f 3341 3292 3342
f 3340 3294 3293
f 3340 3293 3341
f 3339 3295 3294
f 3339 3294 3340
f 3338 3296 3295
f 3338 3295 3339
f 3337 3296 3338
f 3337 3297 3296
f 3336 3297 3337
f 3336 3298 3297
f 3335 3298 3336
f 3335 3299 3298
f 3334 3300 3299
f 3334 3299 3335
f 3333 3301 3300
f 3333 3300 3334
f 3332 3302 3301
f 3332 3301 3333
f 3331 3303 3302
f 3331 3302 3332
f 3330 3304 3303
f 3330 3303 3331
f 3329 3305 3304
f 3329 3304 3330
f 3328 3306 3305
f 3328 3305 3329
f 3327 3307 3306
f 3327 3306 3328
f 3326 3308 3307
f 3326 3307 3327
f 3325 3309 3308
f 3325 3308 3326
f 3324 3310 3309
f 3324 3309 3325
f 3323 3311 3310
f 3323 3310 3324
f 3322 3312 3311
f 3322 3311 3323
f 3321 3313 3312
f 3321 3312 3322
f 3320 3314 3313
f 3320 3313 3321
f 3319 3315 3314
f 3319 3314 3320
f 3318 3315 3319
f 3317 3316 3315
f 3317 3315 3318
f 3350 3348 3347
f 3349 3350 3347
f 3379 3381 3380
f 3379 3382 3381
f 3378 3383 3382
f 3378 3382 3379
f 3377 3384 3383
f 3377 3383 3378
f 3376 3385 3384
f 3376 3384 3377
f 3375 3386 3385
f 3375 3385 3376
f 3374 3387 3386
f 3374 3386 3375
f 3373 3388 3387
f 3373 3387 3374
f 3372 3389 3388
f 3372 3388 3373
f 3371 3389 3372
f 3371 3390 3389
f 3370 3390 3371
f 3370 3391 3390
f 3369 3391 3370
f 3369 3392 3391
f 3368 3392 3369
f 3368 3393 3392
f 3367 3393 3368
f 3367 3394 3393
f 3366 3394 3367
f 3366 3395 3394
f 3365 3395 3366
f 3365 3396 3395
f 3364 3396 3365
f 3364 3397 3396
f 3363 3397 3364
f 3363 3398 3397
f 3362 3398 3363
f 3362 3399 3398
f 3361 3399 3362
f 3361 3400 3399
f 3360 3400 3361
f 3360 3401 3400
f 3359 3401 3360
f 3359 3402 3401
f 3358 3402 3359
f 3358 3403 3402
f 3357 3404 3403
f 3357 3403 3358
f 3356 3405 3404
f 3356 3404 3357
f 3355 3406 3405
f 3355 3405 3356
f 3354 3407 3406
f 3354 3406 3355
f 3353 3408 3407
f 3353 3407 3354
f 3352 3409 3408
f 3352 3408 3353
f 3351 3409 3352
f 3351 3410 3409
f 3414 3412 3411
f 3414 3413 3412
f 3433 3435 3434
f 3432 3436 3435
f 3432 3435 3433
f 3431 3436 3432
f 3506 3437 3436
f 3506 3436 3431
f 3505 3437 3506
f 3504 3437 3505
f 3503 3437 3504
f 3502 3437 3503
f 3501 3438 3437
f 3501 3437 3502
f 3500 3438 3501
f 3499 3438 3500
f 3498 3438 3499
f 3430 3506 3431
f 3430 3507 3506
f 3430 3508 3507
f 3430 3509 3508
f 3430 3510 3509
f 3430 3511 3510
f 3497 3438 3498
f 3496 3439 3438
f 3496 3438 3497
f 3495 3439 3496
f 3494 3439 3495
f 3429 3516 3515
f 3429 3511 3430
f 3429 3512 3511
f 3429 3513 3512
f 3429 3514 3513
f 3429 3515 3514
f 3493 3439 3494
f 3493 3440 3439
f 3492 3440 3493
f 3428 3517 3516
f 3428 3518 3517
f 3428 3519 3518
f 3428 3516 3429
f 3491 3440 3492
f 3491 3441 3440
f 3490 3441 3491
f 3427 3520 3519
f 3427 3521 3520
f 3427 3519 3428
f 3489 3441 3490
f 3488 3442 3441
f 3488 3441 3489
f 3487 3442 3488
f 3426 3522 3521
f 3426 3523 3522
f 3426 3521 3427
f 3486 3443 3442
f 3486 3442 3487
f 3485 3443 3486
f 3425 3524 3523
f 3425 3523 3426
f 3484 3443 3485
f 3483 3444 3443
f 3483 3443 3484
f 3482 3444 3483
f 3424 3525 3524
f 3424 3526 3525
f 3424 3524 3425
f 3481 3444 3482
f 3480 3445 3444
f 3480 3444 3481
f 3479 3445 3480
f 3423 3527 3526
f 3423 3528 3527
f 3423 3526 3424
f 3478 3445 3479
f 3477 3446 3445
f 3477 3445 3478
f 3476 3446 3477
f 3422 3529 3528
f 3422 3530 3529
f 3422 3528 3423
f 3475 3447 3446
f 3475 3446 3476
f 3474 3447 3475
f 3473 3447 3474
f 3421 3531 3530
f 3421 3532 3531
f 3421 3533 3532
f 3421 3530 3422
f 3472 3447 3473
f 3471 3448 3447
f 3471 3447 3472
f 3470 3448 3471
f 3420 3533 3421
f 3420 3534 3533
f 3420 3535 3534
f 3420 3536 3535
f 3469 3448 3470
f 3468 3448 3469
f 3468 3449 3448
f 3467 3449 3468
f 3466 3449 3467
f 3419 3537 3536
f 3419 3536 3420
f 3419 3538 3537
f 3465 3450 3449
f 3465 3449 3466
f 3464 3450 3465
f 3463 3450 3464
f 3418 3539 3538
f 3418 3540 3539
f 3418 3541 3540
f 3418 3538 3419
f 3462 3450 3463
f 3461 3451 3450
f 3461 3450 3462
f 3460 3451 3461
f 3459 3451 3460
f 3458 3451 3459
f 3417 3542 3541
f 3417 3543 3542
f 3417 3544 3543
f 3417 3545 3544
f 3417 3541 3418
f 3457 3451 3458
f 3456 3451 3457
f 3455 3452 3451
f 3455 3451 3456
f 3454 3452 3455
f 3453 3452 3454
f 3416 3546 3545
f 3416 3547 3546
f 3416 3548 3547
f 3416 3549 3548
f 3416 3550 3549
f 3416 3551 3550
f 3416 3552 3551
f 3416 3545 3417
f 3415 3452 3453
f 3415 3553 3552
f 3415 3552 3416
f 3415 3453 3553
f 3554 3555 3556
f 3554 3556 3557
f 3579 3581 3580
f 3578 3582 3581
f 3578 3581 3579
f 3577 3583 3582
f 3577 3582 3578
f 3576 3584 3583
f 3576 3583 3577
f 3575 3584 3576
f 3602 3585 3584
f 3602 3584 3575
f 3705 3585 3602
f 3704 3585 3705
f 3703 3586 3585
f 3703 3585 3704
f 3702 3586 3703
f 3701 3586 3702
f 3700 3586 3701
f 3699 3586 3700
f 3574 3603 3602
f 3574 3604 3603
f 3574 3605 3604
f 3574 3602 3575
f 3698 3586 3699
f 3697 3586 3698
f 3697 3587 3586
f 3696 3587 3697
f 3695 3587 3696
f 3573 3606 3605
f 3573 3607 3606
f 3573 3608 3607
f 3573 3609 3608
f 3573 3610 3609
f 3573 3611 3610
f 3573 3612 3611
f 3573 3605 3574
f 3694 3587 3695
f 3694 3588 3587
f 3693 3588 3694
f 3572 3612 3573
f 3572 3613 3612
f 3572 3614 3613
f 3572 3615 3614
f 3692 3588 3693
f 3691 3589 3588
f 3691 3588 3692
f 3690 3589 3691
f 3571 3615 3572
f 3571 3616 3615
f 3689 3590 3589
f 3689 3589 3690
f 3688 3590 3689
f 3570 3616 3571
f 3570 3617 3616
f 3570 3618 3617
f 3687 3591 3590
f 3687 3590 3688
f 3686 3591 3687
f 3569 3618 3570
f 3569 3619 3618
f 3685 3592 3591
f 3685 3591 3686
f 3684 3592 3685
f 3568 3620 3619
f 3568 3621 3620
f 3568 3619 3569
f 3683 3592 3684
f 3682 3593 3592
f 3682 3592 3683
f 3681 3593 3682
f 3567 3622 3621
f 3567 3623 3622
f 3567 3621 3568
f 3680 3593 3681
f 3679 3594 3593
f 3679 3593 3680
f 3678 3594 3679
f 3566 3624 3623
f 3566 3625 3624
f 3566 3623 3567
f 3677 3594 3678
f 3676 3594 3677
f 3676 3595 3594
f 3675 3595 3676
f 3565 3625 3566
f 3565 3626 3625
f 3565 3627 3626
f 3674 3595 3675
f 3673 3595 3674
f 3673 3596 3595
f 3672 3596 3673
f 3564 3627 3565
f 3564 3628 3627
f 3564 3629 3628
f 3564 3630 3629
f 3671 3596 3672
f 3670 3597 3596
f 3670 3596 3671
f 3669 3597 3670
f 3668 3597 3669
f 3563 3630 3564
f 3563 3631 3630
f 3563 3632 3631
f 3563 3633 3632
f 3667 3598 3597
f 3667 3597 3668
f 3666 3598 3667
f 3665 3598 3666
f 3562 3633 3563
f 3562 3634 3633
f 3562 3635 3634
f 3562 3636 3635
f 3664 3598 3665
f 3663 3599 3598
f 3663 3598 3664
f 3662 3599 3663
f 3661 3599 3662
f 3660 3599 3661
f 3561 3637 3636
f 3561 3636 3562
f 3561 3638 3637
f 3561 3639 3638
f 3659 3599 3660
f 3658 3599 3659
f 3657 3599 3658
f 3657 3600 3599
f 3656 3600 3657
f 3655 3600 3656
f 3654 3600 3655
f 3653 3600 3654
f 3652 3600 3653
f 3651 3600 3652
f 3601 3600 3651
f 3560 3639 3561
f 3560 3640 3639
f 3560 3641 3640
f 3560 3642 3641
f 3560 3643 3642
f 3560 3644 3643
f 3559 3644 3560
f 3559 3645 3644
f 3559 3646 3645
f 3559 3647 3646
f 3559 3648 3647
f 3559 3649 3648
f 3559 3650 3649
f 3559 3651 3650
f 3558 3651 3559
f 3558 3601 3651
f 3708 3707 3706
f 3708 3709 3707
f 3727 3729 3728
f 3726 3730 3729
f 3726 3729 3727
f 3725 3731 3730
f 3725 3730 3726
f 3724 3732 3731
f 3724 3731 3725
f 3723 3733 3732
f 3723 3732 3724
f 3722 3734 3733
f 3722 3733 3723
f 3721 3735 3734
f 3721 3734 3722
f 3720 3736 3735
f 3720 3735 3721
f 3719 3737 3736
f 3719 3736 3720
f 3718 3738 3737
f 3718 3737 3719
f 3717 3739 3738
f 3717 3738 3718
f 3716 3740 3739
f 3716 3739 3717
f 3715 3741 3740
f 3715 3740 3716
f 3714 3742 3741
f 3714 3741 3715
f 3713 3743 3742
f 3713 3742 3714
f 3712 3743 3713
f 3712 3744 3743
f 3711 3744 3712
f 3710 3744 3711
f 3710 3745 3744
f 3824 3823 3746
f 3822 3746 3823
f 3825 3824 3746
f 3826 3825 3746
f 3821 3746 3822
f 3827 3826 3746
f 3820 3746 3821
f 3828 3827 3746
f 3819 3746 3820
f 3818 3746 3819
f 3829 3828 3746
f 3830 3829 3746
f 3817 3746 3818
f 3831 3830 3746
f 3816 3746 3817
f 3832 3831 3746
f 3815 3746 3816
f 3833 3832 3746
f 3814 3746 3815
f 3813 3746 3814
f 3750 3833 3746
f 3812 3746 3813
f 3811 3746 3812
f 3810 3746 3811
f 3749 3751 3750
f 3749 3752 3751
f 3749 3753 3752
f 3749 3750 3746
f 3754 3753 3749
f 3809 3746 3810
f 3755 3754 3749
f 3756 3755 3749
f 3757 3756 3749
f 3758 3757 3749
f 3759 3758 3749
f 3760 3759 3749
f 3761 3760 3749
f 3762 3761 3749
f 3763 3762 3749
f 3764 3763 3749
f 3765 3764 3749
f 3766 3765 3749
f 3767 3766 3749
f 3768 3767 3749
f 3769 3768 3749
f 3770 3769 3749
f 3771 3770 3749
f 3772 3771 3749
f 3773 3772 3749
f 3774 3773 3749
f 3775 3774 3749
f 3747 3793 3792
f 3747 3794 3793
f 3747 3795 3794
f 3747 3746 3809
f 3747 3796 3795
f 3747 3797 3796
f 3747 3798 3797
f 3747 3799 3798
f 3747 3800 3799
f 3747 3801 3800
f 3747 3802 3801
f 3747 3803 3802
f 3747 3804 3803
f 3747 3805 3804
f 3747 3806 3805
f 3747 3807 3806
f 3747 3808 3807
f 3747 3809 3808
f 3748 3777 3776
f 3748 3778 3777
f 3748 3779 3778
f 3748 3747 3792
f 3748 3780 3779
f 3748 3781 3780
f 3748 3782 3781
f 3748 3783 3782
f 3748 3784 3783
f 3748 3785 3784
f 3748 3786 3785
f 3748 3787 3786
f 3748 3788 3787
f 3748 3789 3788
f 3748 3790 3789
f 3748 3791 3790
f 3748 3792 3791
f 3748 3775 3749
f 3748 3776 3775
f 3859 3861 3860
f 3858 3862 3861
f 3858 3861 3859
f 3857 3863 3862
f 3857 3862 3858
f 3856 3864 3863
f 3856 3863 3857
f 3855 3864 3856
f 3855 3865 3864
f 3854 3865 3855
f 3854 3866 3865
f 3853 3866 3854
f 3853 3867 3866
f 3852 3867 3853
f 3852 3868 3867
f 3851 3868 3852
f 3851 3869 3868
f 3850 3869 3851
f 3850 3870 3869
f 3849 3870 3850
f 3849 3871 3870
f 3848 3871 3849
f 3848 3872 3871
f 3847 3872 3848
f 3847 3873 3872
f 3846 3873 3847
f 3846 3874 3873
f 3845 3875 3874
f 3845 3874 3846
f 3844 3876 3875
f 3844 3875 3845
f 3843 3877 3876
f 3843 3876 3844
f 3842 3878 3877
f 3842 3877 3843
f 3841 3879 3878
f 3841 3878 3842
f 3840 3880 3879
f 3840 3879 3841
f 3839 3881 3880
f 3839 3880 3840
f 3838 3882 3881
f 3838 3881 3839
f 3837 3883 3882
f 3837 3882 3838
f 3901 3884 3883
f 3901 3883 3900
f 3902 3884 3901
f 3903 3884 3902
f 3904 3884 3903
f 3905 3884 3904
f 3906 3884 3905
f 3836 3899 3900
f 3836 3883 3837
f 3836 3900 3883
f 3907 3884 3906
f 3908 3884 3907
f 3909 3884 3908
f 3910 3884 3909
f 3910 3885 3884
f 3911 3885 3910
f 3912 3885 3911
f 3913 3885 3912
f 3886 3885 3913
f 3835 3890 3891
f 3835 3891 3892
f 3835 3892 3893
f 3835 3893 3894
f 3835 3894 3895
f 3835 3895 3896
f 3835 3896 3897
f 3835 3897 3898
f 3835 3898 3899
f 3835 3899 3836
f 3834 3890 3835
f 3834 3887 3888
f 3834 3888 3889
f 3834 3889 3890
f 4056 3915 4055
f 4054 4055 3915
f 4057 3915 4056
f 4053 4054 3915
f 4058 3915 4057
f 4052 4053 3915
f 4059 3915 4058
f 4051 4052 3915
f 4060 3915 4059
f 4061 3915 4060
f 3917 3915 3916
f 3917 4051 3915
f 4062 3915 4061
f 3918 4050 4051
f 3918 4051 3917
f 3919 4049 4050
f 3919 4050 3918
f 3920 4049 3919
f 3921 4049 3920
f 4048 4049 3921
f 4063 3915 4062
f 3922 4048 3921
f 3923 4048 3922
f 4047 3923 3924
f 4047 4048 3923
f 4064 3915 4063
f 4046 3924 3925
f 4046 3925 3926
f 4046 4047 3924
f 4065 3915 4064
f 4066 3915 4065
f 4045 3926 3927
f 4045 3927 3928
f 4045 3928 3929
f 4045 3929 3930
f 4045 4046 3926
f 3931 4045 3930
f 3932 4045 3931
f 3933 4045 3932
f 3934 4045 3933
f 3935 4045 3934
f 3936 4045 3935
f 3937 4045 3936
f 3938 4045 3937
f 3939 4045 3938
f 3940 4045 3939
f 3941 4045 3940
f 3942 4045 3941
f 3943 4045 3942
f 3944 4045 3943
f 3945 4045 3944
f 3946 4045 3945
f 4044 3946 3947
f 4044 3947 3948
f 4044 3948 3949
f 4044 3949 3950
f 4044 3950 3951
f 4044 3951 3952
f 4044 3952 3953
f 4044 3953 3954
f 4044 3954 3955
f 4044 3955 3956
f 4044 3956 3957
f 4044 3957 3958
f 4044 3958 3959
f 4044 3959 3960
f 4044 3960 3961
f 4044 3961 3962
f 4044 3962 3963
f 4044 3963 3964
f 4044 3964 3965
f 4044 3965 3966
f 4044 4045 3946
f 4043 4044 3966
f 4043 3966 3967
f 4043 3967 3968
f 4042 4043 3968
f 4042 3968 3969
f 4041 4042 3969
f 4041 3969 3970
f 4041 3970 3971
f 4040 4041 3971
f 4040 3971 3972
f 4040 3972 3973
f 4039 4040 3973
f 4039 3973 3974
f 4038 4039 3974
f 4038 3974 3975
f 3977 4023 4024
f 3977 4024 4025
f 3977 4025 4026
f 3977 4026 4027
f 3977 4027 4028
f 3977 4028 4029
f 3977 4029 4030
f 3977 4038 3975
f 3977 4030 4031
f 3977 4031 4032
f 3977 4032 4033
f 3977 4033 4034
f 3977 4034 4035
f 3977 4035 4036
f 3977 4036 4037
f 3977 4037 4038
f 3977 3975 3976
f 3979 3915 4066
f 3914 3915 3979
f 3914 3979 3980
f 3914 3980 3981
f 3914 3981 3982
f 3914 3982 3983
f 3914 3983 3984
f 3914 3984 3985
f 3914 3985 3986
f 3914 3986 3987
f 3914 3987 3988
f 3914 3988 3989
f 3914 3989 3990
f 3914 3990 3991
f 3914 3991 3992
f 4022 4023 3977
f 4140 3998 3999
f 4141 3998 4140
f 4139 4140 3999
f 4139 3999 4000
f 4142 3998 4141
f 4142 3997 3998
f 4138 4139 4000
f 4143 3997 4142
f 4143 3996 3997
f 4137 4138 4000
f 4144 3996 4143
f 4145 3996 4144
f 4145 3995 3996
f 4136 4137 4000
f 4135 4136 4000
f 4146 3995 4145
f 4146 3994 3995
f 4134 4135 4000
f 4147 3994 4146
f 4147 3993 3994
f 4148 3993 4147
f 4133 4134 4000
f 4132 4133 4000
f 4149 3914 3992
f 4149 3993 4148
f 4149 3992 3993
f 4131 4132 4000
f 4150 3914 4149
f 4067 3914 4150
f 4130 4131 4000
f 4130 4000 4001
f 4068 3914 4067
f 4129 4130 4001
f 4069 3914 4068
f 4128 4129 4001
f 4070 3914 4069
f 4127 4128 4001
f 4071 3914 4070
f 4126 4127 4001
f 4072 3914 4071
f 4125 4126 4001
f 4073 3914 4072
f 4124 4125 4001
f 4074 3914 4073
f 4123 4124 4001
f 4075 3914 4074
f 4122 4123 4001
f 4076 3914 4075
f 4121 4122 4001
f 4121 4001 4002
f 4077 3914 4076
f 4120 4121 4002
f 4120 4002 4003
f 4078 3914 4077
f 4119 4120 4003
f 4079 3914 4078
f 4118 4119 4003
f 4118 4003 4004
f 4080 3914 4079
f 4117 4118 4004
f 4117 4004 4005
f 4081 3914 4080
f 4116 4117 4005
f 4082 3914 4081
f 4115 4116 4005
f 4115 4005 4006
f 4083 3914 4082
f 4114 4115 4006
f 4114 4006 4007
f 4084 3914 4083
f 4113 4114 4007
f 4113 4007 4008
f 4085 3914 4084
f 4112 4113 4008
f 4086 3914 4085
f 4111 4112 4008
f 4111 4008 4009
f 4087 3914 4086
f 4088 3914 4087
f 3978 4014 4015
f 3978 4015 4016
f 3978 4016 4017
f 3978 4017 4018
f 3978 4018 4019
f 3978 4019 4020
f 3978 4111 4009
f 3978 4020 4021
f 3978 4021 4022
f 3978 3914 4088
f 3978 4088 4089
f 3978 4089 4090
f 3978 4090 4091
f 3978 4091 4092
f 3978 4092 4093
f 3978 4093 4094
f 3978 4094 4095
f 3978 4095 4096
f 3978 4096 4097
f 3978 4097 4098
f 3978 4098 4099
f 3978 4099 4100
f 3978 4100 4101
f 3978 4101 4102
f 3978 4102 4103
f 3978 4103 4104
f 3978 4104 4105
f 3978 4022 3977
f 3978 4105 4106
f 3978 4106 4107
f 3978 4107 4108
f 3978 4108 4109
f 3978 4109 4110
f 3978 4110 4111
f 3978 4009 4010
f 3978 4010 4011
f 3978 4011 4012
f 3978 4012 4013
f 3978 4013 4014
f 4204 4152 4151
f 4203 4153 4152
f 4203 4152 4204
f 4202 4154 4153
f 4202 4153 4203
f 4201 4155 4154
f 4201 4154 4202
f 4200 4156 4155
f 4200 4155 4201
f 4199 4157 4156
f 4199 4156 4200
f 4198 4158 4157
f 4198 4157 4199
f 4197 4159 4158
f 4197 4158 4198
f 4196 4160 4159
f 4196 4159 4197
f 4195 4161 4160
f 4195 4160 4196
f 4194 4162 4161
f 4194 4161 4195
f 4193 4162 4194
f 4193 4163 4162
f 4192 4163 4193
f 4192 4164 4163
f 4191 4164 4192
f 4191 4165 4164
f 4190 4166 4165
f 4190 4165 4191
f 4189 4167 4166
f 4189 4166 4190
f 4188 4168 4167
f 4188 4167 4189
f 4187 4169 4168
f 4187 4168 4188
f 4186 4170 4169
f 4186 4169 4187
f 4185 4171 4170
f 4185 4170 4186
f 4184 4172 4171
f 4184 4171 4185
f 4183 4173 4172
f 4183 4172 4184
f 4182 4174 4173
f 4182 4173 4183
f 4181 4175 4174
f 4181 4174 4182
f 4180 4176 4175
f 4180 4175 4181
f 4179 4177 4176
f 4179 4176 4180
f 4178 4177 4179
f 4205 4206 4207
f 4205 4207 4208
f 4278 4210 4209
f 4278 4211 4210
f 4277 4212 4211
f 4277 4211 4278
f 4276 4213 4212
f 4276 4212 4277
f 4275 4214 4213
f 4275 4213 4276
f 4274 4215 4214
f 4274 4214 4275
f 4273 4215 4274
f 4273 4216 4215
f 4272 4217 4216
f 4272 4216 4273
f 4271 4218 4217
f 4271 4217 4272
f 4270 4218 4271
f 4270 4219 4218
f 4269 4220 4219
f 4269 4219 4270
f 4268 4221 4220
f 4268 4220 4269
f 4267 4222 4221
f 4267 4221 4268
f 4266 4223 4222
f 4266 4222 4267
f 4265 4224 4223
f 4265 4223 4266
f 4264 4225 4224
f 4264 4224 4265
f 4263 4226 4225
f 4263 4225 4264
f 4262 4227 4226
f 4262 4226 4263
f 4333 4228 4334
f 4335 4334 4228
f 4335 4228 4227
f 4335 4227 4262
f 4332 4228 4333
f 4331 4228 4332
f 4330 4229 4228
f 4330 4228 4331
f 4329 4229 4330
f 4328 4229 4329
f 4327 4229 4328
f 4326 4229 4327
f 4261 4336 4335
f 4261 4337 4336
f 4261 4338 4337
f 4261 4339 4338
f 4261 4335 4262
f 4325 4229 4326
f 4324 4230 4229
f 4324 4229 4325
f 4323 4230 4324
f 4260 4340 4339
f 4260 4341 4340
f 4260 4342 4341
f 4260 4343 4342
f 4260 4344 4343
f 4260 4345 4344
f 4260 4346 4345
f 4260 4339 4261
f 4322 4230 4323
f 4321 4230 4322
f 4321 4231 4230
f 4320 4231 4321
f 4259 4346 4260
f 4259 4347 4346
f 4259 4348 4347
f 4319 4231 4320
f 4319 4232 4231
f 4318 4232 4319
f 4258 4348 4259
f 4258 4349 4348
f 4258 4350 4349
f 4258 4351 4350
f 4317 4232 4318
f 4316 4232 4317
f 4316 4233 4232
f 4315 4233 4316
f 4257 4351 4258
f 4257 4352 4351
f 4257 4353 4352
f 4314 4234 4233
f 4314 4233 4315
f 4313 4234 4314
f 4256 4353 4257
f 4256 4354 4353
f 4256 4355 4354
f 4312 4235 4234
f 4312 4234 4313
f 4311 4235 4312
f 4255 4356 4355
f 4255 4357 4356
f 4255 4355 4256
f 4310 4235 4311
f 4309 4236 4235
f 4309 4235 4310
f 4308 4236 4309
f 4254 4358 4357
f 4254 4359 4358
f 4254 4357 4255
f 4307 4236 4308
f 4306 4237 4236
f 4306 4236 4307
f 4305 4237 4306
f 4253 4360 4359
f 4253 4361 4360
f 4253 4359 4254
f 4304 4237 4305
f 4303 4237 4304
f 4303 4238 4237
f 4302 4238 4303
f 4252 4362 4361
f 4252 4363 4362
f 4252 4361 4253
f 4301 4238 4302
f 4300 4238 4301
f 4300 4239 4238
f 4299 4239 4300
f 4251 4363 4252
f 4251 4364 4363
f 4251 4365 4364
f 4251 4366 4365
f 4298 4239 4299
f 4297 4240 4239
f 4297 4239 4298
f 4296 4240 4297
f 4295 4240 4296
f 4250 4366 4251
f 4250 4367 4366
f 4250 4368 4367
f 4294 4241 4240
f 4294 4240 4295
f 4293 4241 4294
f 4292 4241 4293
f 4249 4368 4250
f 4249 4369 4368
f 4249 4370 4369
f 4249 4371 4370
f 4291 4241 4292
f 4290 4242 4241
f 4290 4241 4291
f 4289 4242 4290
f 4288 4242 4289
f 4287 4242 4288
f 4248 4372 4371
f 4248 4373 4372
f 4248 4374 4373
f 4248 4375 4374
f 4248 4371 4249
f 4286 4242 4287
f 4285 4242 4286
f 4284 4243 4242
f 4284 4242 4285
f 4283 4243 4284
f 4282 4243 4283
f 4281 4243 4282
f 4280 4243 4281
f 4279 4243 4280
f 4244 4243 4279
f 4247 4376 4375
f 4247 4377 4376
f 4247 4378 4377
f 4247 4379 4378
f 4247 4380 4379
f 4247 4381 4380
f 4247 4375 4248
f 4246 4381 4247
f 4246 4382 4381
f 4246 4383 4382
f 4246 4384 4383
f 4246 4385 4384
f 4246 4386 4385
f 4246 4387 4386
f 4245 4244 4279
f 4245 4387 4246
f 4245 4279 4387
f 4717 4718 4389
f 4716 4717 4389
f 4719 4389 4718
f 4715 4716 4389
f 4720 4389 4719
f 4714 4715 4389
f 4721 4389 4720
f 4713 4714 4389
f 4722 4389 4721
f 4712 4713 4389
f 4723 4389 4722
f 4711 4712 4389
f 4724 4389 4723
f 4725 4389 4724
f 4710 4711 4389
f 4709 4710 4389
f 4726 4389 4725
f 4708 4709 4389
f 4727 4389 4726
f 4644 4389 4727
f 4707 4708 4389
f 4706 4707 4389
f 4705 4706 4389
f 4704 4705 4389
f 4703 4704 4389
f 4702 4703 4389
f 4701 4702 4389
f 4700 4701 4389
f 4391 4644 4645
f 4391 4645 4646
f 4391 4646 4647
f 4391 4647 4648
f 4391 4648 4649
f 4391 4649 4650
f 4391 4650 4651
f 4391 4651 4652
f 4391 4652 4653
f 4391 4653 4654
f 4391 4654 4655
f 4391 4655 4656
f 4391 4656 4657
f 4391 4657 4658
f 4391 4658 4659
f 4391 4659 4660
f 4391 4660 4661
f 4391 4661 4662
f 4391 4662 4663
f 4391 4663 4664
f 4391 4664 4665
f 4391 4665 4666
f 4391 4666 4667
f 4391 4667 4668
f 4391 4668 4669
f 4391 4669 4670
f 4391 4670 4671
f 4391 4671 4672
f 4391 4389 4644
f 4550 4694 4695
f 4549 4695 4696
f 4549 4550 4695
f 4548 4696 4697
f 4548 4549 4696
f 4551 4693 4694
f 4551 4694 4550
f 4547 4697 4698
f 4547 4548 4697
f 4552 4692 4693
f 4552 4693 4551
f 4553 4692 4552
f 4546 4698 4699
f 4546 4547 4698
f 4554 4691 4692
f 4554 4692 4553
f 4545 4546 4699
f 4544 4700 4389
f 4544 4699 4700
f 4544 4545 4699
f 4555 4690 4691
f 4555 4691 4554
f 4543 4544 4389
f 4556 4690 4555
f 4556 4689 4690
f 4542 4543 4389
f 4557 4689 4556
f 4557 4688 4689
f 4541 4542 4389
f 4558 4688 4557
f 4558 4687 4688
f 4540 4541 4389
f 4559 4687 4558
f 4559 4686 4687
f 4476 4686 4559
f 4539 4540 4389
f 4477 4686 4476
f 4477 4685 4686
f 4538 4539 4389
f 4478 4685 4477
f 4478 4684 4685
f 4537 4538 4389
f 4536 4537 4389
f 4479 4684 4478
f 4479 4683 4684
f 4480 4683 4479
f 4480 4682 4683
f 4535 4536 4389
f 4481 4682 4480
f 4481 4681 4682
f 4482 4681 4481
f 4482 4680 4681
f 4483 4680 4482
f 4484 4680 4483
f 4484 4679 4680
f 4485 4679 4484
f 4485 4678 4679
f 4486 4677 4678
f 4486 4678 4485
f 4487 4676 4677
f 4487 4677 4486
f 4488 4675 4676
f 4488 4676 4487
f 4489 4675 4488
f 4489 4674 4675
f 4490 4674 4489
f 4490 4673 4674
f 4491 4673 4490
f 4492 4673 4491
f 4492 4672 4673
f 4492 4391 4672
f 4493 4391 4492
f 4494 4391 4493
f 4495 4391 4494
f 4496 4391 4495
f 4497 4391 4496
f 4498 4391 4497
f 4499 4391 4498
f 4500 4391 4499
f 4501 4391 4500
f 4465 4528 4529
f 4465 4529 4530
f 4466 4528 4465
f 4464 4465 4530
f 4467 4527 4528
f 4467 4528 4466
f 4463 4530 4531
f 4463 4464 4530
f 4468 4527 4467
f 4468 4526 4527
f 4462 4531 4532
f 4462 4463 4531
f 4469 4526 4468
f 4469 4525 4526
f 4461 4532 4533
f 4461 4462 4532
f 4470 4525 4469
f 4470 4523 4524
f 4470 4524 4525
f 4460 4533 4534
f 4460 4461 4533
f 4471 4523 4470
f 4459 4534 4535
f 4459 4535 4389
f 4459 4460 4534
f 4472 4522 4523
f 4472 4523 4471
f 4473 4521 4522
f 4473 4522 4472
f 4474 4520 4521
f 4474 4521 4473
f 4475 4520 4474
f 4475 4519 4520
f 4392 4519 4475
f 4392 4517 4518
f 4392 4518 4519
f 4393 4517 4392
f 4394 4516 4517
f 4394 4517 4393
f 4395 4515 4516
f 4395 4516 4394
f 4396 4513 4514
f 4396 4514 4515
f 4396 4515 4395
f 4397 4513 4396
f 4398 4512 4513
f 4398 4513 4397
f 4399 4510 4511
f 4399 4511 4512
f 4399 4512 4398
f 4400 4510 4399
f 4401 4510 4400
f 4401 4509 4510
f 4402 4507 4508
f 4402 4508 4509
f 4402 4509 4401
f 4403 4507 4402
f 4404 4506 4507
f 4404 4507 4403
f 4405 4504 4505
f 4405 4505 4506
f 4405 4506 4404
f 4406 4504 4405
f 4407 4503 4504
f 4407 4504 4406
f 4408 4501 4502
f 4408 4502 4503
f 4408 4503 4407
f 4409 4501 4408
f 4388 4459 4389
f 4388 4451 4452
f 4388 4452 4453
f 4388 4453 4454
f 4388 4454 4455
f 4388 4455 4456
f 4388 4456 4457
f 4388 4457 4458
f 4388 4458 4459
f 4633 4446 4447
f 4634 4446 4633
f 4634 4445 4446
f 4632 4633 4447
f 4632 4447 4448
f 4635 4445 4634
f 4635 4444 4445
f 4631 4632 4448
f 4631 4448 4449
f 4631 4449 4450
f 4636 4444 4635
f 4636 4443 4444
f 4630 4631 4450
f 4630 4450 4451
f 4637 4442 4443
f 4637 4443 4636
f 4629 4451 4388
f 4629 4630 4451
f 4638 4440 4441
f 4638 4441 4442
f 4638 4442 4637
f 4628 4629 4388
f 4639 4440 4638
f 4639 4439 4440
f 4627 4628 4388
f 4640 4438 4439
f 4640 4439 4639
f 4626 4627 4388
f 4641 4437 4438
f 4641 4438 4640
f 4625 4626 4388
f 4642 4437 4641
f 4642 4436 4437
f 4624 4625 4388
f 4643 4435 4436
f 4643 4436 4642
f 4560 4433 4434
f 4560 4434 4435
f 4560 4435 4643
f 4623 4624 4388
f 4622 4623 4388
f 4561 4432 4433
f 4561 4433 4560
f 4621 4622 4388
f 4562 4432 4561
f 4562 4431 4432
f 4563 4430 4431
f 4563 4431 4562
f 4620 4621 4388
f 4564 4429 4430
f 4564 4430 4563
f 4619 4620 4388
f 4565 4429 4564
f 4565 4428 4429
f 4618 4619 4388
f 4566 4428 4565
f 4566 4426 4427
f 4566 4427 4428
f 4617 4618 4388
f 4567 4426 4566
f 4567 4425 4426
f 4616 4617 4388
f 4568 4425 4567
f 4568 4424 4425
f 4615 4616 4388
f 4569 4424 4568
f 4569 4423 4424
f 4614 4615 4388
f 4570 4423 4569
f 4570 4422 4423
f 4613 4614 4388
f 4571 4422 4570
f 4571 4421 4422
f 4612 4613 4388
f 4572 4421 4571
f 4572 4420 4421
f 4611 4612 4388
f 4573 4418 4419
f 4573 4419 4420
f 4573 4420 4572
f 4610 4611 4388
f 4574 4417 4418
f 4574 4418 4573
f 4609 4610 4388
f 4575 4417 4574
f 4608 4609 4388
f 4607 4608 4388
f 4606 4607 4388
f 4605 4606 4388
f 4604 4605 4388
f 4603 4604 4388
f 4602 4603 4388
f 4390 4589 4590
f 4390 4590 4591
f 4390 4591 4592
f 4390 4592 4593
f 4390 4593 4594
f 4390 4594 4595
f 4390 4595 4596
f 4390 4596 4597
f 4390 4597 4598
f 4390 4598 4599
f 4390 4599 4600
f 4390 4600 4601
f 4390 4601 4602
f 4390 4410 4411
f 4390 4411 4412
f 4390 4412 4413
f 4390 4413 4414
f 4390 4414 4415
f 4390 4415 4416
f 4390 4416 4417
f 4390 4417 4575
f 4390 4602 4388
f 4390 4575 4576
f 4390 4576 4577
f 4390 4577 4578
f 4390 4578 4579
f 4390 4579 4580
f 4390 4580 4581
f 4390 4581 4582
f 4390 4582 4583
f 4390 4583 4584
f 4390 4584 4585
f 4390 4585 4586
f 4390 4586 4587
f 4390 4587 4588
f 4390 4588 4589
f 4390 4391 4410
f 4410 4391 4409
f 4409 4391 4501
f 4753 4755 4754
f 4753 4756 4755
f 4753 4757 4756
f 4752 4758 4757
f 4752 4757 4753
f 4751 4759 4758
f 4751 4758 4752
f 4750 4760 4759
f 4750 4759 4751
f 4749 4761 4760
f 4749 4760 4750
f 4748 4762 4761
f 4748 4761 4749
f 4747 4763 4762
f 4747 4762 4748
f 4746 4764 4763
f 4746 4763 4747
f 4745 4765 4764
f 4745 4764 4746
f 4744 4766 4765
f 4744 4765 4745
f 4743 4766 4744
f 4743 4767 4766
f 4742 4767 4743
f 4742 4768 4767
f 4741 4768 4742
f 4741 4769 4768
f 4740 4769 4741
f 4740 4770 4769
f 4739 4770 4740
f 4739 4771 4770
f 4738 4771 4739
f 4738 4772 4771
f 4737 4772 4738
f 4737 4773 4772
f 4736 4773 4737
f 4736 4774 4773
f 4735 4774 4736
f 4735 4775 4774
f 4734 4775 4735
f 4734 4776 4775
f 4733 4776 4734
f 4733 4777 4776
f 4732 4777 4733
f 4732 4778 4777
f 4731 4778 4732
f 4730 4779 4778
f 4730 4780 4779
f 4730 4778 4731
f 4729 4781 4780
f 4729 4780 4730
f 4728 4781 4729
f 4785 4783 4784
f 4782 4783 4785
f 4803 4805 4804
f 4802 4806 4805
f 4802 4805 4803
f 4801 4807 4806
f 4801 4806 4802
f 4800 4808 4807
f 4800 4807 4801
f 4799 4809 4808
f 4799 4808 4800
f 4798 4810 4809
f 4798 4809 4799
f 4797 4811 4810
f 4797 4810 4798
f 4796 4812 4811
f 4796 4811 4797
f 4795 4813 4812
f 4795 4812 4796
f 4794 4814 4813
f 4794 4813 4795
f 4793 4815 4814
f 4793 4814 4794
f 4792 4816 4815
f 4792 4815 4793
f 4791 4817 4816
f 4791 4816 4792
f 4790 4818 4817
f 4790 4817 4791
f 4789 4819 4818
f 4789 4818 4790
f 4788 4819 4789
f 4788 4820 4819
f 4787 4820 4788
f 4787 4821 4820
f 4786 4821 4787
f 4824 4823 4822
f 4824 4822 4825
f 4852 4854 4853
f 4851 4855 4854
f 4851 4854 4852
f 4850 4856 4855
f 4850 4855 4851
f 4849 4857 4856
f 4849 4856 4850
f 4848 4858 4857
f 4848 4857 4849
f 4847 4859 4858
f 4847 4858 4848
f 4846 4860 4859
f 4846 4859 4847
f 4845 4861 4860
f 4845 4860 4846
f 4844 4862 4861
f 4844 4861 4845
f 4843 4863 4862
f 4843 4862 4844
f 4842 4864 4863
f 4842 4863 4843
f 4841 4864 4842
f 4841 4865 4864
f 4840 4865 4841
f 4840 4866 4865
f 4839 4866 4840
f 4839 4867 4866
f 4838 4867 4839
f 4838 4868 4867
f 4837 4868 4838
f 4837 4869 4868
f 4836 4869 4837
f 4836 4870 4869
f 4835 4870 4836
f 4835 4871 4870
f 4834 4871 4835
f 4833 4871 4834
f 4833 4872 4871
f 4832 4872 4833
f 4832 4873 4872
f 4831 4873 4832
f 4831 4874 4873
f 4830 4874 4831
f 4830 4875 4874
f 4829 4875 4830
f 4829 4876 4875
f 4828 4877 4876
f 4828 4876 4829
f 4827 4878 4877
f 4827 4877 4828
f 4826 4879 4878
f 4826 4878 4827
f 4921 4923 4922
f 4921 4924 4923
f 4920 4925 4924
f 4920 4924 4921
f 4919 4926 4925
f 4919 4925 4920
f 4918 4926 4919
f 4918 4927 4926
f 4917 4927 4918
f 4917 4928 4927
f 4916 4928 4917
f 4916 4929 4928
f 4915 4929 4916
f 4915 4930 4929
f 4914 4930 4915
f 4914 4931 4930
f 4913 4931 4914
f 4913 4932 4931
f 4912 4932 4913
f 4912 4933 4932
f 4911 4933 4912
f 4911 4934 4933
f 4910 4934 4911
f 4910 4935 4934
f 4909 4935 4910
f 4909 4936 4935
f 4908 4936 4909
f 4908 4937 4936
f 4907 4937 4908
f 4907 4938 4937
f 4906 4938 4907
f 4906 4939 4938
f 4905 4940 4939
f 4905 4939 4906
f 4904 4941 4940
f 4904 4940 4905
f 4903 4942 4941
f 4903 4941 4904
f 4902 4943 4942
f 4902 4942 4903
f 4901 4944 4943
f 4901 4943 4902
f 4900 4945 4944
f 4900 4944 4901
f 4899 4946 4945
f 4899 4945 4900
f 4898 4947 4946
f 4898 4946 4899
f 4897 4948 4947
f 4897 4947 4898
f 4896 4949 4948
f 4896 4948 4897
f 4895 4950 4949
f 4895 4949 4896
f 4894 4951 4950
f 4894 4950 4895
f 4893 4951 4894
f 4893 4952 4951
f 4892 4952 4893
f 4892 4953 4952
f 4892 4954 4953
f 4891 4954 4892
f 4891 4955 4954
f 4890 4955 4891
f 4889 4955 4890
f 4889 4956 4955
f 4889 4957 4956
f 4888 4957 4889
f 4888 4958 4957
f 4887 4958 4888
f 4887 4959 4958
f 4886 4959 4887
f 4885 4959 4886
f 4885 4960 4959
f 4884 4960 4885
f 4884 4961 4960
f 4883 4961 4884
f 4883 4962 4961
f 4883 4963 4962
f 4882 4963 4883
f 4881 4963 4882
f 4881 4964 4963
f 4881 4965 4964
f 4880 4965 4881
f 4969 4968 4971
f 4972 4968 4967
f 4972 4971 4968
f 4970 4969 4971
f 4966 4973 4972
f 4966 4972 4967
f 4994 4996 4995
f 4994 4997 4996
f 4993 4998 4997
f 4993 4997 4994
f 4992 4999 4998
f 4992 4998 4993
f 4991 5000 4999
f 4991 4999 4992
f 4990 5001 5000
f 4990 5000 4991
f 4989 5002 5001
f 4989 5001 4990
f 4988 5003 5002
f 4988 5002 4989
f 4987 5004 5003
f 4987 5003 4988
f 4986 5005 5004
f 4986 5004 4987
f 4985 5006 5005
f 4985 5005 4986
f 4984 5007 5006
f 4984 5006 4985
f 4983 5008 5007
f 4983 5007 4984
f 4982 5008 4983
f 4982 5009 5008
f 4981 5009 4982
f 4981 5010 5009
f 4980 5010 4981
f 4980 5011 5010
f 4979 5011 4980
f 4979 5012 5011
f 4978 5012 4979
f 4978 5013 5012
f 4977 5013 4978
f 4977 5014 5013
f 4976 5014 4977
f 4976 5015 5014
f 4975 5015 4976
f 4975 5016 5015
f 4974 5016 4975
f 4974 5017 5016
f 5024 5018 5025
f 5019 5018 5024
f 5023 5022 5021
f 5020 5024 5023
f 5020 5019 5024
f 5020 5023 5021
f 5029 5027 5026
f 5028 5029 5026
f 5031 5032 5033
f 5070 5031 5069
f 5068 5069 5031
f 5071 5031 5070
f 5067 5068 5031
f 5072 5030 5031
f 5072 5031 5071
f 5066 5067 5031
f 5073 5030 5072
f 5065 5066 5031
f 5074 5030 5073
f 5075 5030 5074
f 5064 5065 5031
f 5076 5030 5075
f 5063 5064 5031
f 5062 5063 5031
f 5077 5030 5076
f 5078 5030 5077
f 5061 5062 5031
f 5060 5061 5031
f 5079 5030 5078
f 5059 5060 5031
f 5080 5037 5030
f 5080 5030 5079
f 5058 5059 5031
f 5081 5037 5080
f 5082 5037 5081
f 5057 5058 5031
f 5056 5057 5031
f 5083 5037 5082
f 5084 5037 5083
f 5055 5056 5031
f 5085 5037 5084
f 5054 5055 5031
f 5086 5037 5085
f 5053 5054 5031
f 5087 5037 5086
f 5052 5053 5031
f 5088 5037 5087
f 5051 5052 5031
f 5051 5031 5033
f 5050 5051 5033
f 5049 5050 5033
f 5048 5049 5033
f 5047 5048 5033
f 5046 5047 5033
f 5045 5046 5033
f 5044 5045 5033
f 5043 5044 5033
f 5042 5043 5033
f 5041 5042 5033
f 5040 5041 5033
f 5036 5088 5089
f 5036 5089 5090
f 5036 5090 5091
f 5036 5091 5092
f 5036 5092 5093
f 5036 5093 5094
f 5036 5094 5095
f 5036 5095 5096
f 5036 5096 5097
f 5036 5097 5098
f 5036 5098 5099
f 5036 5099 5100
f 5036 5100 5101
f 5036 5101 5102
f 5036 5102 5103
f 5036 5103 5104
f 5036 5104 5105
f 5036 5105 5106
f 5036 5106 5107
f 5036 5107 5108
f 5036 5037 5088
f 5036 5108 5109
f 5034 5035 5036
f 5034 5036 5109
f 5034 5109 5110
f 5034 5110 5111
f 5034 5111 5112
f 5034 5112 5113
f 5034 5113 5114
f 5034 5114 5115
f 5034 5115 5116
f 5034 5116 5117
f 5034 5117 5118
f 5034 5118 5119
f 5034 5119 5120
f 5033 5034 5038
f 5038 5034 5121
f 5121 5034 5120
f 5033 5038 5039
f 5033 5039 5040
f 5123 5125 5124
f 5123 5122 5125
f 5128 5129 5126
f 5127 5128 5126
f 5132 5130 5133
f 5131 5130 5132
f 5211 5212 5136
f 5210 5211 5136
f 5213 5136 5212
f 5209 5210 5136
f 5214 5136 5213
f 5208 5209 5136
f 5215 5136 5214
f 5207 5208 5136
f 5216 5136 5215
f 5217 5136 5216
f 5206 5207 5136
f 5218 5136 5217
f 5205 5206 5136
f 5219 5136 5218
f 5204 5205 5136
f 5220 5136 5219
f 5203 5204 5136
f 5221 5136 5220
f 5202 5203 5136
f 5201 5202 5136
f 5200 5201 5136
f 5199 5200 5136
f 5198 5199 5136
f 5197 5198 5136
f 5196 5197 5136
f 5195 5196 5136
f 5194 5195 5136
f 5193 5194 5136
f 5192 5193 5136
f 5135 5234 5235
f 5135 5235 5236
f 5135 5236 5237
f 5135 5237 5238
f 5135 5238 5239
f 5135 5239 5240
f 5135 5240 5241
f 5135 5241 5242
f 5135 5242 5243
f 5135 5243 5244
f 5135 5244 5245
f 5135 5245 5246
f 5135 5246 5247
f 5135 5247 5248
f 5135 5248 5249
f 5135 5249 5250
f 5135 5250 5251
f 5135 5251 5252
f 5135 5223 5224
f 5135 5224 5225
f 5135 5225 5226
f 5135 5226 5227
f 5135 5227 5228
f 5135 5228 5229
f 5135 5229 5230
f 5135 5230 5231
f 5135 5231 5232
f 5135 5232 5233
f 5135 5233 5234
f 5338 5136 5337
f 5338 5191 5192
f 5338 5192 5136
f 5336 5337 5136
f 5339 5191 5338
f 5339 5190 5191
f 5335 5136 5137
f 5335 5336 5136
f 5340 5190 5339
f 5340 5189 5190
f 5334 5335 5137
f 5341 5189 5340
f 5341 5188 5189
f 5333 5334 5137
f 5342 5188 5341
f 5342 5187 5188
f 5332 5333 5137
f 5343 5187 5342
f 5343 5185 5186
f 5343 5186 5187
f 5331 5332 5137
f 5344 5184 5185
f 5344 5185 5343
f 5330 5331 5137
f 5345 5184 5344
f 5345 5183 5184
f 5329 5330 5137
f 5346 5183 5345
f 5346 5182 5183
f 5328 5329 5137
f 5347 5182 5346
f 5347 5181 5182
f 5264 5263 5180
f 5264 5180 5181
f 5264 5181 5347
f 5327 5328 5137
f 5265 5262 5263
f 5265 5263 5264
f 5326 5327 5137
f 5266 5261 5262
f 5266 5262 5265
f 5325 5326 5137
f 5267 5260 5261
f 5267 5261 5266
f 5324 5325 5137
f 5268 5259 5260
f 5268 5260 5267
f 5323 5324 5137
f 5269 5257 5258
f 5269 5258 5259
f 5269 5259 5268
f 5322 5323 5137
f 5270 5256 5257
f 5270 5257 5269
f 5321 5137 5138
f 5321 5138 5139
f 5321 5139 5140
f 5321 5140 5141
f 5321 5141 5142
f 5321 5142 5143
f 5321 5143 5144
f 5321 5144 5145
f 5321 5145 5146
f 5321 5146 5147
f 5321 5147 5148
f 5321 5148 5149
f 5321 5149 5150
f 5321 5150 5151
f 5321 5322 5137
f 5152 5321 5151
f 5271 5255 5256
f 5271 5256 5270
f 5153 5321 5152
f 5272 5254 5255
f 5272 5255 5271
f 5154 5321 5153
f 5273 5253 5254
f 5273 5254 5272
f 5274 5252 5253
f 5274 5135 5252
f 5274 5253 5273
f 5155 5321 5154
f 5275 5135 5274
f 5156 5321 5155
f 5276 5135 5275
f 5157 5321 5156
f 5277 5135 5276
f 5158 5321 5157
f 5158 5314 5315
f 5158 5315 5316
f 5158 5316 5317
f 5158 5317 5318
f 5158 5318 5319
f 5158 5319 5320
f 5158 5320 5321
f 5313 5314 5158
f 5312 5313 5158
f 5311 5312 5158
f 5310 5311 5158
f 5309 5310 5158
f 5308 5309 5158
f 5307 5308 5158
f 5306 5307 5158
f 5159 5306 5158
f 5159 5291 5292
f 5159 5292 5293
f 5159 5293 5294
f 5159 5294 5295
f 5159 5295 5296
f 5159 5296 5297
f 5159 5297 5298
f 5159 5298 5299
f 5159 5299 5300
f 5159 5300 5301
f 5159 5301 5302
f 5159 5302 5303
f 5159 5303 5304
f 5159 5304 5305
f 5159 5305 5306
f 5134 5135 5277
f 5134 5277 5278
f 5134 5278 5279
f 5134 5279 5280
f 5134 5280 5281
f 5134 5281 5282
f 5134 5282 5283
f 5134 5283 5284
f 5134 5284 5285
f 5134 5285 5286
f 5134 5286 5287
f 5134 5287 5288
f 5134 5288 5289
f 5134 5289 5290
f 5134 5290 5291
f 5160 5291 5159
f 5179 5134 5291
f 5161 5291 5160
f 5178 5179 5291
f 5162 5291 5161
f 5177 5178 5291
f 5163 5291 5162
f 5176 5177 5291
f 5164 5291 5163
f 5175 5176 5291
f 5165 5291 5164
f 5174 5175 5291
f 5166 5291 5165
f 5173 5174 5291
f 5167 5291 5166
f 5172 5173 5291
f 5168 5291 5167
f 5171 5172 5291
f 5169 5291 5168
f 5170 5171 5291
f 5170 5291 5169
f 5135 5136 5222
f 5222 5136 5221
f 5135 5222 5223
f 5371 5372 5373
f 5371 5373 5394
f 5370 5394 5393
f 5370 5371 5394
f 5369 5393 5392
f 5369 5370 5393
f 5368 5392 5391
f 5368 5369 5392
f 5367 5368 5391
f 5366 5391 5390
f 5366 5367 5391
f 5365 5390 5389
f 5365 5366 5390
f 5364 5389 5388
f 5364 5365 5389
f 5363 5388 5387
f 5363 5364 5388
f 5362 5387 5386
f 5362 5363 5387
f 5361 5386 5385
f 5361 5362 5386
f 5360 5385 5384
f 5360 5361 5385
f 5359 5384 5383
f 5359 5360 5384
f 5358 5359 5383
f 5357 5358 5383
f 5357 5383 5382
f 5356 5357 5382
f 5356 5382 5381
f 5355 5356 5381
f 5355 5381 5380
f 5354 5355 5380
f 5354 5380 5379
f 5353 5354 5379
f 5353 5379 5378
f 5352 5353 5378
f 5352 5378 5377
f 5351 5352 5377
f 5351 5377 5376
f 5350 5376 5375
f 5350 5351 5376
f 5349 5375 5374
f 5349 5350 5375
f 5348 5349 5374
f 5443 5400 5442
f 5441 5442 5400
f 5444 5400 5443
f 5440 5441 5400
f 5445 5400 5444
f 5439 5440 5400
f 5446 5400 5445
f 5447 5400 5446
f 5438 5402 5401
f 5438 5403 5402
f 5438 5404 5403
f 5438 5400 5404
f 5438 5439 5400
f 5448 5400 5447
f 5437 5438 5401
f 5449 5400 5448
f 5436 5437 5401
f 5435 5436 5401
f 5450 5400 5449
f 5451 5400 5450
f 5434 5435 5401
f 5433 5434 5401
f 5432 5433 5401
f 5431 5432 5401
f 5430 5431 5401
f 5407 5401 5405
f 5407 5420 5421
f 5407 5421 5422
f 5407 5422 5423
f 5407 5423 5424
f 5407 5424 5425
f 5407 5425 5426
f 5407 5426 5427
f 5407 5427 5428
f 5407 5428 5429
f 5407 5429 5430
f 5407 5430 5401
f 5419 5420 5407
f 5418 5419 5407
f 5417 5418 5407
f 5416 5417 5407
f 5406 5407 5405
f 5415 5416 5407
f 5399 5454 5455
f 5399 5455 5456
f 5399 5456 5457
f 5399 5457 5458
f 5399 5458 5459
f 5399 5459 5460
f 5399 5460 5461
f 5399 5461 5462
f 5399 5462 5463
f 5399 5463 5464
f 5399 5464 5465
f 5399 5465 5466
f 5399 5466 5467
f 5399 5467 5468
f 5398 5399 5468
f 5397 5398 5468
f 5396 5397 5468
f 5395 5468 5469
f 5395 5469 5470
f 5395 5470 5471
f 5395 5471 5472
f 5395 5472 5473
f 5395 5473 5474
f 5395 5474 5475
f 5395 5475 5476
f 5395 5396 5468
f 5408 5395 5476
f 5408 5476 5477
f 5408 5477 5478
f 5408 5478 5479
f 5408 5479 5480
f 5408 5480 5481
f 5408 5481 5482
f 5408 5482 5483
f 5408 5483 5484
f 5408 5484 5485
f 5408 5485 5486
f 5408 5486 5487
f 5408 5487 5488
f 5408 5488 5489
f 5408 5489 5490
f 5408 5490 5491
f 5410 5408 5409
f 5410 5395 5408
f 5399 5400 5453
f 5453 5400 5452
f 5452 5400 5451
f 5399 5453 5454
f 5407 5408 5411
f 5411 5408 5494
f 5494 5408 5493
f 5493 5408 5492
f 5492 5408 5491
f 5407 5411 5412
f 5407 5412 5413
f 5407 5413 5414
f 5407 5414 5415
f 5520 5522 5521
f 5520 5523 5522
f 5519 5524 5523
f 5519 5523 5520
f 5518 5525 5524
f 5518 5524 5519
f 5517 5526 5525
f 5517 5525 5518
f 5516 5527 5526
f 5516 5526 5517
f 5515 5528 5527
f 5515 5527 5516
f 5514 5529 5528
f 5514 5528 5515
f 5513 5530 5529
f 5513 5529 5514
f 5512 5531 5530
f 5512 5530 5513
f 5511 5532 5531
f 5511 5531 5512
f 5510 5532 5511
f 5510 5533 5532
f 5509 5533 5510
f 5509 5534 5533
f 5508 5534 5509
f 5508 5535 5534
f 5507 5535 5508
f 5507 5536 5535
f 5506 5536 5507
f 5506 5537 5536
f 5505 5537 5506
f 5505 5538 5537
f 5504 5538 5505
f 5504 5539 5538
f 5503 5539 5504
f 5503 5540 5539
f 5502 5540 5503
f 5502 5541 5540
f 5501 5541 5502
f 5501 5542 5541
f 5500 5542 5501
f 5500 5543 5542
f 5499 5543 5500
f 5499 5544 5543
f 5498 5544 5499
f 5498 5545 5544
f 5497 5545 5498
f 5497 5546 5545
f 5496 5546 5497
f 5496 5495 5546
f 5558 5559 5553
f 5557 5558 5553
f 5555 5556 5557
f 5555 5557 5553
f 5554 5555 5553
f 5560 5554 5553
f 5561 5560 5553
f 5598 5600 5599
f 5597 5600 5598
f 5597 5601 5600
f 5596 5601 5597
f 5596 5602 5601
f 5595 5602 5596
f 5594 5602 5595
f 5552 5564 5563
f 5552 5565 5564
f 5552 5566 5565
f 5552 5567 5566
f 5552 5568 5567
f 5552 5569 5568
f 5550 5569 5552
f 5550 5570 5569
f 5550 5571 5570
f 5550 5572 5571
f 5550 5573 5572
f 5550 5574 5573
f 5550 5575 5574
f 5550 5576 5575
f 5550 5577 5576
f 5551 5550 5552
f 5549 5578 5577
f 5549 5579 5578
f 5549 5580 5579
f 5549 5581 5580
f 5549 5582 5581
f 5549 5583 5582
f 5549 5584 5583
f 5549 5585 5584
f 5549 5586 5585
f 5549 5577 5550
f 5548 5549 5547
f 5548 5586 5549
f 5548 5587 5586
f 5548 5588 5587
f 5548 5589 5588
f 5548 5590 5589
f 5548 5591 5590
f 5548 5592 5591
f 5552 5561 5553
f 5552 5562 5561
f 5552 5563 5562
f 5602 5594 5548
f 5594 5593 5548
f 5593 5592 5548
f 5604 5610 5603
f 5604 5611 5610
f 5605 5612 5611
f 5605 5611 5604
f 5606 5613 5612
f 5606 5612 5605
f 5607 5614 5613
f 5607 5613 5606
f 5608 5615 5614
f 5608 5614 5607
f 5609 5616 5615
f 5609 5615 5608
f 5620 5618 5617
f 5620 5619 5618
f 5770 5768 5769
f 5765 5766 5767
f 5763 5764 5765
f 5773 5771 5772
f 5774 5771 5773
f 5774 5770 5771
f 5760 5765 5767
f 5760 5763 5765
f 5760 5761 5762
f 5760 5762 5763
f 5760 5767 5768
f 5776 5770 5774
f 5776 5774 5775
f 5758 5768 5770
f 5758 5760 5768
f 5758 5759 5760
f 5757 5758 5770
f 5757 5770 5776
f 5778 5757 5776
f 5778 5776 5777
f 6148 5757 6147
f 6149 5757 6148
f 6146 6147 5757
f 6150 5757 6149
f 6145 5757 5778
f 6145 6146 5757
f 6151 5757 6150
f 6144 6145 5778
f 6143 6144 5778
f 6152 5757 6151
f 6153 5757 6152
f 6142 6143 5778
f 6001 5778 6000
f 5999 6000 5778
f 6002 5778 6001
f 6003 5778 6002
f 5998 5999 5778
f 6004 5778 6003
f 5997 5998 5778
f 6154 5757 6153
f 6141 6142 5778
f 6005 5778 6004
f 5996 5997 5778
f 5995 5996 5778
f 6006 5778 6005
f 5994 5995 5778
f 6007 6141 5778
f 6007 5778 6006
f 5993 5994 5778
f 6155 5757 6154
f 6140 6141 6007
f 6140 6007 6008
f 6009 6140 6008
f 5992 5993 5778
f 5991 5992 5778
f 6156 5757 6155
f 6139 6140 6009
f 6139 6009 6010
f 5990 5991 5778
f 6011 6139 6010
f 6157 5757 6156
f 6138 6139 6011
f 6138 6011 6012
f 6137 6138 6012
f 6137 6012 6013
f 6137 6013 6014
f 6137 6014 6015
f 6137 6015 6016
f 6017 6137 6016
f 6018 6137 6017
f 6019 6137 6018
f 6020 6137 6019
f 6021 6137 6020
f 6022 6137 6021
f 6023 6137 6022
f 6024 6137 6023
f 5736 5757 6157
f 5736 6157 6158
f 6025 6137 6024
f 5737 5736 6158
f 6026 6137 6025
f 5738 5737 6158
f 6027 6137 6026
f 5739 5738 6158
f 6028 6137 6027
f 6029 6137 6028
f 6030 6137 6029
f 6031 6137 6030
f 6032 6137 6031
f 5779 5990 5778
f 5779 5973 5974
f 5779 5974 5975
f 5779 5975 5976
f 5779 5976 5977
f 5779 5977 5978
f 5779 5978 5979
f 5779 5979 5980
f 5779 5980 5981
f 5779 5981 5982
f 5779 5982 5983
f 5779 5983 5984
f 5779 5984 5985
f 5779 5985 5986
f 5779 5986 5987
f 5779 5987 5988
f 5779 5988 5989
f 5779 5989 5990
f 5783 5781 5782
f 5784 5781 5783
f 5784 5779 5780
f 5784 5780 5781
f 6136 6032 6033
f 6136 6033 6034
f 6136 6034 6035
f 6136 6035 6036
f 6136 6036 6037
f 6136 6037 6038
f 6136 6038 6039
f 6136 6039 6040
f 6136 6040 6041
f 6136 6041 6042
f 6136 6042 6043
f 6136 6043 6044
f 6136 6044 6045
f 6136 6045 6046
f 6136 6046 6047
f 6136 6047 6048
f 6136 6048 6049
f 6136 6049 6050
f 6136 6050 6051
f 6136 6051 6052
f 6136 6137 6032
f 6135 6052 5969
f 6135 6136 6052
f 6134 5969 5970
f 6134 5970 5971
f 6134 6135 5969
f 5787 5784 5785
f 5787 5785 5786
f 6133 5971 5972
f 6133 5972 5973
f 6133 6134 5971
f 6132 6133 5973
f 6132 5973 5779
f 6131 6132 5779
f 5790 5779 5784
f 5790 5784 5787
f 5790 5787 5788
f 5790 5788 5789
f 6130 6131 5779
f 5791 5779 5790
f 6129 6130 5779
f 6128 6129 5779
f 5794 5779 5791
f 5794 5791 5792
f 5794 5792 5793
f 5796 5779 5794
f 5796 5794 5795
f 5917 5734 5916
f 5918 5734 5917
f 5915 5916 5734
f 5919 5734 5918
f 5914 5915 5734
f 5913 5914 5734
f 5913 5734 5735
f 5920 5734 5919
f 5912 5913 5735
f 5921 5734 5920
f 5922 5734 5921
f 5911 5735 5756
f 5911 5912 5735
f 5910 5756 5755
f 5910 5911 5756
f 5923 5734 5922
f 5909 5755 5754
f 5909 5910 5755
f 5924 5734 5923
f 5925 5734 5924
f 5908 5909 5754
f 5908 5754 5753
f 5800 6125 6126
f 5800 6126 6127
f 5800 6127 6128
f 5800 6128 5779
f 5800 5779 5796
f 5800 5796 5797
f 5800 5797 5798
f 5800 5798 5799
f 5800 6122 6123
f 5800 6123 6124
f 5800 6124 6125
f 5907 5908 5753
f 5907 5753 5752
f 5926 5734 5925
f 5927 5734 5926
f 5906 5907 5752
f 5906 5752 5751
f 6121 6122 5800
f 5905 5906 5751
f 5904 5751 5750
f 5904 5905 5751
f 5903 5750 5749
f 5903 5904 5750
f 6120 6121 5800
f 5902 5749 5748
f 5902 5903 5749
f 5901 5748 5747
f 5901 5902 5748
f 5900 5747 5746
f 5900 5901 5747
f 5899 5746 5745
f 5899 5900 5746
f 6119 6120 5800
f 5898 5745 5744
f 5898 5899 5745
f 5897 5744 5743
f 5897 5898 5744
f 6118 6119 5800
f 5896 5897 5743
f 6117 6118 5800
f 6116 6117 5800
f 6186 5946 5947
f 6186 5947 5948
f 6187 5944 5945
f 6187 5945 5946
f 6187 5946 6186
f 6185 5948 5949
f 6185 5949 5950
f 6185 6186 5948
f 6188 5942 5943
f 6188 5943 5944
f 6188 5944 6187
f 6184 5950 5951
f 6184 5951 5952
f 6184 6185 5950
f 6189 5941 5942
f 6189 5942 6188
f 6183 6184 5952
f 6183 5952 5953
f 6183 5953 5954
f 6190 5939 5940
f 6190 5940 5941
f 6190 5941 6189
f 6182 6183 5954
f 6182 5954 5955
f 6182 5955 5956
f 6191 5937 5938
f 6191 5938 5939
f 6191 5939 6190
f 6181 6182 5956
f 6181 5956 5957
f 6181 5957 5958
f 6192 5936 5937
f 6192 5937 6191
f 6180 5958 5959
f 6180 5959 5960
f 6180 6181 5958
f 6193 5935 5936
f 6193 5936 6192
f 6159 5739 6158
f 6159 5740 5739
f 6159 5741 5740
f 6159 5742 5741
f 6159 5743 5742
f 6159 5896 5743
f 6159 5965 5966
f 6159 5966 5967
f 6159 5967 5968
f 6159 5968 5885
f 6159 5885 5886
f 6159 5886 5887
f 6159 5887 5888
f 6159 5888 5889
f 6159 5889 5890
f 6159 5890 5891
f 6159 5891 5892
f 6159 5892 5893
f 6159 5893 5894
f 6159 5894 5895
f 6159 5895 5896
f 6179 6180 5960
f 6179 5960 5961
f 6179 5961 5962
f 6194 5933 5934
f 6194 5934 5935
f 6194 5935 6193
f 6160 5965 6159
f 6161 5965 6160
f 6178 5962 5963
f 6178 6179 5962
f 6162 5965 6161
f 6177 6178 5963
f 6163 5965 6162
f 6176 6177 5963
f 6176 5963 5964
f 6164 5965 6163
f 6175 6176 5964
f 6165 5965 6164
f 6165 5964 5965
f 6174 6175 5964
f 6166 5964 6165
f 6173 6174 5964
f 6167 5964 6166
f 6172 6173 5964
f 6168 5964 6167
f 6171 6172 5964
f 6169 5964 6168
f 6170 6171 5964
f 6170 5964 6169
f 5733 5927 5928
f 5733 5928 5929
f 5733 5929 5930
f 5733 5930 5931
f 5733 5931 5932
f 5733 5932 5933
f 5733 5734 5927
f 5733 6194 6195
f 5733 6195 6196
f 5733 6196 6197
f 5733 6197 6198
f 5733 6198 6199
f 5733 6199 6200
f 5733 5933 6194
f 6201 5733 6200
f 5732 5733 6201
f 5732 6201 6202
f 5732 6202 6203
f 5731 5732 6203
f 5730 5731 6203
f 5730 6203 6204
f 5729 5730 6204
f 5729 6204 6205
f 5728 5729 6205
f 5727 5728 6205
f 5727 6205 6206
f 5726 5727 6206
f 5725 5726 6206
f 6207 5725 6206
f 5724 5725 6207
f 5723 5724 6207
f 6208 5723 6207
f 5722 5723 6208
f 5721 5722 6208
f 6209 5721 6208
f 6209 5720 5721
f 5719 5720 6209
f 6210 5719 6209
f 6210 5718 5719
f 5717 5718 6210
f 6211 5717 6210
f 6211 5716 5717
f 5642 6116 5800
f 5642 6115 6116
f 5641 6115 5642
f 6212 5716 6211
f 6212 5714 5715
f 6212 5715 5716
f 5640 6115 5641
f 5639 6115 5640
f 6213 5714 6212
f 6213 5712 5713
f 6213 5713 5714
f 6214 5712 6213
f 6214 5711 5712
f 6215 5711 6214
f 6215 5708 5709
f 6215 5709 5710
f 6215 5710 5711
f 6216 5708 6215
f 6216 5707 5708
f 5706 5707 6216
f 5705 5706 6216
f 5704 5705 6216
f 5704 6216 6217
f 5703 5704 6217
f 5702 5703 6217
f 5701 5702 6217
f 5700 5701 6217
f 5699 6217 6218
f 5699 5700 6217
f 5698 5699 6218
f 5697 5698 6218
f 5696 5697 6218
f 5695 5696 6218
f 5694 5695 6218
f 6114 5635 5634
f 6114 5636 5635
f 6114 5637 5636
f 6114 5638 5637
f 6114 5639 5638
f 6114 6115 5639
f 5693 5694 6218
f 5692 5693 6218
f 5692 6218 6219
f 5691 5692 6219
f 5690 5691 6219
f 5689 5690 6219
f 5689 6219 6220
f 5689 6220 6221
f 5689 6221 6222
f 5689 6222 6223
f 5689 6223 6224
f 5833 6114 5832
f 5834 6114 5833
f 5831 6114 5634
f 5831 5832 6114
f 5835 6114 5834
f 5830 5634 5633
f 5830 5831 5634
f 5836 6114 5835
f 5829 5633 5632
f 5829 5830 5633
f 5828 5632 5631
f 5828 5829 5632
f 5837 6114 5836
f 5827 5631 5630
f 5827 5828 5631
f 5838 6114 5837
f 5826 5630 5629
f 5826 5827 5630
f 5839 6114 5838
f 5825 5629 5628
f 5825 5826 5629
f 5840 6114 5839
f 5841 6114 5840
f 5824 5825 5628
f 5824 5628 5627
f 6284 6285 6236
f 6286 6236 6285
f 6283 6284 6236
f 5823 5824 5627
f 5842 6114 5841
f 6282 6283 6236
f 6287 6236 6286
f 6288 6236 6287
f 6281 6282 6236
f 6280 6281 6236
f 6289 6236 6288
f 5822 5627 5626
f 5822 5823 5627
f 5843 6114 5842
f 6279 6280 6236
f 6290 6236 6289
f 6278 6279 6236
f 6291 6235 6236
f 6291 6236 6290
f 5821 5626 5625
f 5821 5822 5626
f 5844 6114 5843
f 6277 6278 6236
f 6292 6234 6235
f 6292 6235 6291
f 5820 5821 5625
f 5820 5625 5624
f 5845 6114 5844
f 6276 6277 6236
f 6293 6232 6233
f 6293 6233 6234
f 6293 6234 6292
f 5819 5624 5623
f 5819 5820 5624
f 5846 6107 6108
f 5846 6108 6109
f 5846 6109 6110
f 5846 6110 6111
f 5846 6111 6112
f 5846 6112 6113
f 5846 6113 6114
f 5846 6114 5845
f 6294 6231 6232
f 6294 6232 6293
f 6275 6276 6236
f 6274 6275 6236
f 6295 6229 6230
f 6295 6230 6231
f 6295 6231 6294
f 5818 5623 5622
f 5818 5819 5623
f 5847 6107 5846
f 5847 6098 6099
f 5847 6099 6100
f 5847 6100 6101
f 5847 6101 6102
f 5847 6102 6103
f 5847 6103 6104
f 5847 6104 6105
f 5847 6105 6106
f 5847 6106 6107
f 6296 6228 6229
f 6296 6229 6295
f 5817 5622 5621
f 5817 5818 5622
f 6097 5847 5848
f 6097 6098 5847
f 6297 6227 6228
f 6297 6228 6296
f 5816 5817 5621
f 6298 6227 6297
f 6096 6097 5848
f 5815 5816 5621
f 5815 5621 5643
f 6299 6226 6227
f 6299 6227 6298
f 6095 5848 5849
f 6095 6096 5848
f 5814 5815 5643
f 6300 6226 6299
f 6300 6225 6226
f 5813 5814 5643
f 6301 6225 6300
f 5812 5813 5643
f 6302 6225 6301
f 6302 5689 6224
f 6302 6224 6225
f 6094 5849 5850
f 6094 6095 5849
f 6094 5850 5851
f 5811 5812 5643
f 6303 5689 6302
f 5810 5811 5643
f 6304 5689 6303
f 5809 5810 5643
f 6305 5689 6304
f 6093 6094 5851
f 6093 5851 5852
f 6093 5852 5853
f 5808 5809 5643
f 6306 5689 6305
f 5807 5808 5643
f 6307 5689 6306
f 6237 6262 6263
f 6237 6263 6264
f 6237 6264 6265
f 6237 6265 6266
f 6237 6266 6267
f 6237 6267 6268
f 6237 6268 6269
f 6237 6269 6270
f 6237 6270 6271
f 6237 6271 6272
f 6237 6272 6273
f 6237 6273 6274
f 6237 6274 6236
f 5806 5807 5643
f 6308 5689 6307
f 6261 6262 6237
f 6092 5853 5854
f 6092 5854 5855
f 6092 6093 5853
f 5805 5806 5643
f 6309 5689 6308
f 6260 6261 6237
f 5804 5805 5643
f 6310 5689 6309
f 6259 6260 6237
f 5803 5804 5643
f 6311 5689 6310
f 6258 6259 6237
f 6091 5855 5856
f 6091 5856 5857
f 6091 6092 5855
f 5802 5803 5643
f 6312 5689 6311
f 6257 6237 6238
f 6257 6258 6237
f 5801 5802 5643
f 6313 5689 6312
f 6256 6238 6239
f 6256 6257 6238
f 6314 5689 6313
f 6255 6256 6239
f 6090 5857 5858
f 6090 5858 5859
f 6090 6091 5857
f 6315 5689 6314
f 6240 6255 6239
f 6316 5689 6315
f 6089 6090 5859
f 6089 5859 5860
f 6089 5860 5861
f 6241 6254 6255
f 6241 6255 6240
f 6088 6089 5861
f 6088 5861 5862
f 6088 5862 5863
f 6242 6254 6241
f 6242 6253 6254
f 6243 6253 6242
f 6087 6088 5863
f 6087 5863 5864
f 6087 5864 5865
f 6244 6336 6253
f 6244 6253 6243
f 6086 6087 5865
f 6086 5865 5866
f 6086 5866 5867
f 6245 6335 6336
f 6245 6336 6244
f 6085 6086 5867
f 6085 5867 5868
f 6085 5868 5869
f 6246 6333 6334
f 6246 6334 6335
f 6246 6335 6245
f 6084 5869 5870
f 6084 5870 5871
f 6084 6085 5869
f 6247 6332 6333
f 6247 6333 6246
f 6083 5871 5872
f 6083 5872 5873
f 6083 6084 5871
f 6248 6330 6331
f 6248 6331 6332
f 6248 6332 6247
f 6082 5873 5874
f 6082 6083 5873
f 6249 6330 6248
f 6081 5874 5875
f 6081 5875 5876
f 6081 6082 5874
f 6080 5876 5877
f 6080 6081 5876
f 6079 5877 5878
f 6079 5878 5879
f 6079 6080 5877
f 6078 6079 5879
f 5656 6064 6065
f 5657 5656 6065
f 5655 6064 5656
f 5658 6065 6066
f 5658 5657 6065
f 5654 6063 6064
f 5654 6064 5655
f 5659 5658 6066
f 5653 6063 5654
f 5660 6066 6067
f 5660 5659 6066
f 5661 5660 6067
f 5652 6062 6063
f 5652 6063 5653
f 5662 6067 6068
f 5662 5661 6067
f 5651 6061 6062
f 5651 6062 5652
f 5650 6061 5651
f 5663 5662 6068
f 5664 6068 6069
f 5664 5663 6068
f 5649 6061 5650
f 5649 6060 6061
f 5665 6069 6070
f 5665 5664 6069
f 5648 6060 5649
f 5666 5665 6070
f 5647 6060 5648
f 5647 6059 6060
f 5646 6058 6059
f 5646 6059 5647
f 5645 6070 6071
f 5645 6071 6072
f 5645 5666 6070
f 5667 6058 5646
f 5688 6327 6328
f 5688 6328 6329
f 5688 6329 6330
f 5688 6249 6250
f 5688 6250 6251
f 5688 6251 6252
f 5688 6252 6053
f 5688 6053 6054
f 5688 6330 6249
f 5688 5689 6316
f 5688 6316 6317
f 5688 6317 6318
f 5688 6318 6319
f 5688 6319 6320
f 5688 6320 6321
f 5688 6321 6322
f 5688 6322 6323
f 5688 6323 6324
f 5688 6324 6325
f 5688 6325 6326
f 5688 6326 6327
f 5687 5688 6054
f 5668 6058 5667
f 5669 6057 6058
f 5669 6058 5668
f 5686 5687 6054
f 5685 6054 6055
f 5685 5686 6054
f 5670 6057 5669
f 5644 5801 5643
f 5644 6078 5879
f 5644 6072 6073
f 5644 6073 6074
f 5644 6074 6075
f 5644 6075 6076
f 5644 6076 6077
f 5644 6077 6078
f 5644 5879 5880
f 5644 5880 5881
f 5644 5881 5882
f 5644 5882 5883
f 5644 5883 5884
f 5644 5884 5801
f 5644 5645 6072
f 5684 5685 6055
f 5671 6057 5670
f 5672 6057 5671
f 5683 5684 6055
f 5673 6057 5672
f 5673 6056 6057
f 5682 5683 6055
f 5674 6056 5673
f 5681 5682 6055
f 5675 6056 5674
f 5680 5681 6055
f 5676 6056 5675
f 5679 5680 6055
f 5677 6056 5676
f 5678 5679 6055
f 5678 6056 5677
f 5678 6055 6056
f 6337 6340 6339
f 6338 6337 6339
f 6397 6396 6431
f 6398 6397 6431
f 6395 6431 6396
f 6399 6398 6431
f 6394 6431 6395
f 6393 6431 6394
f 6400 6399 6431
f 6401 6400 6431
f 6392 6431 6393
f 6402 6401 6431
f 6391 6431 6392
f 6390 6431 6391
f 6389 6431 6390
f 6388 6431 6389
f 6387 6431 6388
f 6386 6431 6387
f 6430 6407 6406
f 6408 6407 6430
f 6408 6430 6429
f 6427 6429 6428
f 6411 6410 6409
f 6412 6411 6409
f 6424 6408 6429
f 6424 6429 6427
f 6424 6409 6408
f 6424 6426 6425
f 6424 6427 6426
f 6422 6424 6423
f 6415 6413 6412
f 6415 6414 6413
f 6416 6412 6409
f 6416 6415 6412
f 6417 6416 6409
f 6418 6417 6409
f 6419 6409 6424
f 6419 6424 6422
f 6419 6418 6409
f 6419 6421 6420
f 6419 6422 6421
f 6385 6431 6386
f 6385 6432 6431
f 6384 6432 6385
f 6383 6432 6384
f 6382 6432 6383
f 6381 6432 6382
f 6380 6432 6381
f 6379 6432 6380
f 6378 6432 6379
f 6377 6432 6378
f 6376 6432 6377
f 6375 6432 6376
f 6374 6432 6375
f 6373 6432 6374
f 6372 6432 6373
f 6371 6432 6372
f 6370 6432 6371
f 6369 6432 6370
f 6360 6362 6361
f 6359 6362 6360
f 6358 6363 6362
f 6358 6362 6359
f 6357 6363 6358
f 6356 6363 6357
f 6354 6356 6355
f 6354 6363 6356
f 6352 6354 6353
f 6352 6363 6354
f 6350 6352 6351
f 6347 6349 6348
f 6347 6350 6349
f 6347 6352 6350
f 6347 6363 6352
f 6345 6347 6346
f 6345 6363 6347
f 6344 6363 6345
f 6341 6344 6343
f 6341 6363 6344
f 6342 6364 6363
f 6342 6365 6364
f 6342 6363 6341
f 6430 6406 6431
f 6406 6405 6431
f 6405 6404 6431
f 6404 6403 6431
f 6403 6402 6431
f 6432 6365 6342
f 6432 6366 6365
f 6432 6367 6366
f 6432 6368 6367
f 6432 6369 6368
f 6475 6434 6433
f 6475 6433 6476
f 6474 6435 6434
f 6474 6434 6475
f 6473 6436 6435
f 6473 6435 6474
f 6472 6437 6436
f 6472 6436 6473
f 6471 6438 6437
f 6471 6437 6472
f 6470 6439 6438
f 6470 6438 6471
f 6469 6440 6439
f 6469 6439 6470
f 6468 6441 6440
f 6468 6440 6469
f 6467 6442 6441
f 6467 6441 6468
f 6466 6443 6442
f 6466 6442 6467
f 6465 6444 6443
f 6465 6443 6466
f 6464 6445 6444
f 6464 6444 6465
f 6463 6445 6464
f 6463 6446 6445
f 6462 6446 6463
f 6462 6447 6446
f 6461 6447 6462
f 6461 6448 6447
f 6460 6448 6461
f 6460 6449 6448
f 6459 6449 6460
f 6459 6450 6449
f 6458 6451 6450
f 6458 6450 6459
f 6457 6452 6451
f 6457 6451 6458
f 6456 6453 6452
f 6456 6452 6457
f 6455 6454 6453
f 6455 6453 6456
f 6479 6478 6477
f 6479 6480 6478
f 6483 6482 6481
f 6484 6483 6481
f 6487 6486 6485
f 6487 6485 6488
f 6567 6490 6489
f 6567 6489 6568
f 6566 6491 6490
f 6566 6490 6567
f 6565 6492 6491
f 6565 6491 6566
f 6564 6492 6565
f 6564 6493 6492
f 6563 6493 6564
f 6563 6494 6493
f 6562 6495 6494
f 6562 6494 6563
f 6561 6496 6495
f 6561 6495 6562
f 6560 6496 6561
f 6560 6497 6496
f 6559 6498 6497
f 6559 6497 6560
f 6558 6499 6498
f 6558 6498 6559
f 6557 6500 6499
f 6557 6499 6558
f 6556 6501 6500
f 6556 6500 6557
f 6555 6502 6501
f 6555 6501 6556
f 6554 6503 6502
f 6554 6502 6555
f 6553 6504 6503
f 6553 6503 6554
f 6552 6505 6504
f 6552 6504 6553
f 6551 6506 6505
f 6551 6505 6552
f 6550 6507 6506
f 6550 6506 6551
f 6549 6508 6507
f 6549 6507 6550
f 6548 6509 6508
f 6548 6508 6549
f 6547 6510 6509
f 6547 6509 6548
f 6546 6511 6510
f 6546 6510 6547
f 6545 6512 6511
f 6545 6511 6546
f 6544 6513 6512
f 6544 6512 6545
f 6543 6514 6513
f 6543 6513 6544
f 6542 6515 6514
f 6542 6514 6543
f 6541 6516 6515
f 6541 6515 6542
f 6540 6517 6516
f 6540 6516 6541
f 6539 6518 6517
f 6539 6517 6540
f 6538 6518 6539
f 6538 6519 6518
f 6537 6519 6538
f 6537 6520 6519
f 6536 6520 6537
f 6536 6521 6520
f 6535 6521 6536
f 6535 6522 6521
f 6534 6522 6535
f 6534 6523 6522
f 6533 6523 6534
f 6533 6524 6523
f 6532 6524 6533
f 6532 6525 6524
f 6531 6525 6532
f 6531 6526 6525
f 6530 6526 6531
f 6530 6527 6526
f 6529 6528 6527
f 6529 6527 6530
f 6569 6570 6571
f 6569 6571 6572
f 6595 6573 6574
f 6596 6574 6575
f 6596 6595 6574
f 6597 6575 6576
f 6597 6596 6575
f 6598 6576 6577
f 6598 6597 6576
f 6599 6577 6578
f 6599 6598 6577
f 6600 6578 6579
f 6600 6599 6578
f 6601 6579 6580
f 6601 6600 6579
f 6602 6580 6581
f 6602 6601 6580
f 6603 6581 6582
f 6603 6602 6581
f 6604 6582 6583
f 6604 6603 6582
f 6605 6583 6584
f 6605 6604 6583
f 6606 6584 6585
f 6606 6605 6584
f 6607 6585 6586
f 6607 6606 6585
f 6608 6586 6587
f 6608 6607 6586
f 6609 6608 6587
f 6609 6587 6588
f 6610 6609 6588
f 6610 6588 6589
f 6611 6610 6589
f 6611 6589 6590
f 6612 6611 6590
f 6612 6590 6591
f 6613 6612 6591
f 6613 6591 6592
f 6614 6592 6593
f 6614 6613 6592
f 6594 6614 6593
f 6617 6616 6615
f 6617 6615 6618
f 6634 6636 6635
f 6634 6637 6636
f 6633 6638 6637
f 6633 6637 6634
f 6632 6639 6638
f 6632 6638 6633
f 6631 6640 6639
f 6631 6639 6632
f 6630 6641 6640
f 6630 6640 6631
f 6629 6642 6641
f 6629 6641 6630
f 6628 6643 6642
f 6628 6642 6629
f 6627 6644 6643
f 6627 6643 6628
f 6626 6645 6644
f 6626 6644 6627
f 6625 6646 6645
f 6625 6645 6626
f 6624 6647 6646
f 6624 6646 6625
f 6623 6648 6647
f 6623 6647 6624
f 6622 6649 6648
f 6622 6648 6623
f 6621 6650 6649
f 6621 6649 6622
f 6620 6651 6650
f 6620 6650 6621
f 6619 6652 6651
f 6619 6651 6620
f 6654 6656 6655
f 6653 6656 6654
f 6671 6673 6672
f 6670 6674 6673
f 6670 6673 6671
f 6669 6674 6670
f 6668 6675 6674
f 6668 6674 6669
f 6667 6676 6675
f 6667 6675 6668
f 6666 6677 6676
f 6666 6676 6667
f 6665 6678 6677
f 6665 6677 6666
f 6664 6679 6678
f 6664 6678 6665
f 6663 6680 6679
f 6663 6679 6664
f 6662 6681 6680
f 6662 6680 6663
f 6661 6682 6681
f 6661 6681 6662
f 6660 6683 6682
f 6660 6682 6661
f 6659 6684 6683
f 6659 6683 6660
f 6658 6685 6684
f 6658 6684 6659
f 6657 6686 6685
f 6657 6685 6658
f 6975 6974 6689
f 6976 6975 6689
f 6973 6689 6974
f 6972 6689 6973
f 6977 6976 6689
f 6971 6689 6972
f 6978 6977 6689
f 6970 6689 6971
f 6979 6978 6689
f 6969 6689 6970
f 6980 6979 6689
f 6968 6689 6969
f 6981 6980 6689
f 6967 6689 6968
f 6982 6981 6689
f 6966 6689 6967
f 6983 6982 6689
f 6965 6689 6966
f 6984 6983 6689
f 6964 6689 6965
f 6985 6984 6689
f 6963 6689 6964
f 6962 6689 6963
f 6961 6689 6962
f 6960 6689 6961
f 6959 6689 6960
f 6958 6689 6959
f 6807 6953 6952
f 6806 6953 6807
f 6806 6954 6953
f 6805 6954 6806
f 6805 6955 6954
f 6808 6952 6951
f 6808 6807 6952
f 6804 6955 6805
f 6804 6956 6955
f 6809 6808 6951
f 6809 6951 6950
f 6803 6956 6804
f 6803 6957 6956
f 6810 6809 6950
f 6810 6950 6949
f 6802 6957 6803
f 6802 6958 6957
f 6802 6689 6958
f 6811 6810 6949
f 6811 6949 6948
f 6801 6689 6802
f 6812 6811 6948
f 6812 6948 6947
f 6800 6689 6801
f 6813 6812 6947
f 6813 6947 6946
f 6799 6689 6800
f 6814 6813 6946
f 6814 6946 6945
f 6798 6689 6799
f 6815 6814 6945
f 6815 6945 6944
f 6797 6689 6798
f 6816 6815 6944
f 6816 6944 6943
f 6817 6816 6943
f 6796 6689 6797
f 6795 6689 6796
f 6818 6943 7026
f 6818 6817 6943
f 6688 6990 6989
f 6688 6991 6990
f 6688 6992 6991
f 6688 6993 6992
f 6688 6994 6993
f 6688 6995 6994
f 6688 6996 6995
f 6688 6997 6996
f 6688 6998 6997
f 6688 6999 6998
f 6688 7000 6999
f 6688 7001 7000
f 6688 7002 7001
f 6688 7003 7002
f 6688 7004 7003
f 6688 7005 7004
f 6688 7006 7005
f 6688 7007 7006
f 6688 7008 7007
f 6688 7009 7008
f 6688 7010 7009
f 6688 7011 7010
f 6688 7012 7011
f 6688 6986 6985
f 6688 6987 6986
f 6688 6988 6987
f 6688 6989 6988
f 6794 6689 6795
f 6819 6818 7026
f 6819 7026 7025
f 6820 7025 7024
f 6820 6819 7025
f 6793 6689 6794
f 6792 6689 6793
f 6821 6820 7024
f 6821 7024 7023
f 6822 6821 7023
f 6822 7023 7022
f 6823 6822 7022
f 6823 7022 7021
f 6824 7021 7020
f 6824 6823 7021
f 6825 6824 7020
f 6825 7020 7019
f 6826 7019 7018
f 6826 6825 7019
f 6827 7018 7017
f 6827 6826 7018
f 6828 7017 7016
f 6828 6827 7017
f 6829 7016 7015
f 6829 6828 7016
f 6830 7015 7014
f 6830 6829 7015
f 6831 7014 7013
f 6831 6830 7014
f 6832 7012 6688
f 6832 6831 7013
f 6832 7013 7012
f 6833 6832 6688
f 6834 6833 6688
f 6835 6834 6688
f 6836 6835 6688
f 6837 6836 6688
f 6838 6837 6688
f 6839 6838 6688
f 6840 6839 6688
f 6841 6840 6688
f 6722 6787 6786
f 6723 6722 6786
f 6723 6786 6785
f 6721 6788 6787
f 6721 6787 6722
f 6724 6723 6785
f 6724 6785 6784
f 6720 6789 6788
f 6720 6788 6721
f 6725 6724 6784
f 6725 6784 6783
f 6719 6790 6789
f 6719 6789 6720
f 6726 6725 6783
f 6726 6783 6782
f 6718 6791 6790
f 6718 6790 6719
f 6727 6782 6781
f 6727 6726 6782
f 6717 6792 6791
f 6717 6791 6718
f 6728 6781 6780
f 6728 6727 6781
f 6716 6689 6792
f 6716 6792 6717
f 6729 6728 6780
f 6729 6780 6779
f 6730 6729 6779
f 6730 6779 6778
f 6731 6730 6778
f 6731 6778 6777
f 6732 6731 6777
f 6732 6777 6776
f 6733 6732 6776
f 6733 6775 6858
f 6733 6776 6775
f 6734 6733 6858
f 6734 6858 6857
f 6735 6734 6857
f 6735 6857 6856
f 6736 6735 6856
f 6736 6856 6855
f 6737 6736 6855
f 6737 6855 6854
f 6738 6737 6854
f 6738 6854 6853
f 6739 6738 6853
f 6739 6853 6852
f 6740 6739 6852
f 6740 6852 6851
f 6741 6740 6851
f 6741 6851 6850
f 6742 6741 6850
f 6742 6850 6849
f 6743 6742 6849
f 6743 6849 6848
f 6744 6848 6847
f 6744 6743 6848
f 6745 6847 6846
f 6745 6744 6847
f 6746 6846 6845
f 6746 6745 6846
f 6747 6746 6845
f 6747 6845 6844
f 6748 6844 6843
f 6748 6747 6844
f 6749 6843 6842
f 6749 6748 6843
f 6750 6749 6842
f 6690 6689 6716
f 6690 6707 6706
f 6690 6708 6707
f 6690 6709 6708
f 6690 6710 6709
f 6690 6711 6710
f 6690 6712 6711
f 6690 6713 6712
f 6690 6714 6713
f 6690 6715 6714
f 6690 6716 6715
f 6890 6703 6702
f 6891 6890 6702
f 6891 6702 6701
f 6889 6703 6890
f 6889 6704 6703
f 6892 6701 6700
f 6892 6891 6701
f 6888 6705 6704
f 6888 6704 6889
f 6893 6700 6699
f 6893 6892 6700
f 6887 6706 6705
f 6887 6705 6888
f 6894 6699 6698
f 6894 6893 6699
f 6886 6706 6887
f 6886 6690 6706
f 6895 6698 6697
f 6895 6894 6698
f 6885 6690 6886
f 6896 6697 6696
f 6896 6895 6697
f 6884 6690 6885
f 6897 6696 6695
f 6897 6896 6696
f 6883 6690 6884
f 6898 6695 6694
f 6898 6897 6695
f 6882 6690 6883
f 6899 6694 6693
f 6899 6898 6694
f 6881 6690 6882
f 6900 6693 6692
f 6900 6899 6693
f 6880 6690 6881
f 6901 6692 6691
f 6901 6900 6692
f 6901 6691 6774
f 6879 6690 6880
f 6902 6774 6773
f 6902 6901 6774
f 6878 6690 6879
f 6903 6773 6772
f 6903 6902 6773
f 6904 6772 6771
f 6904 6903 6772
f 6877 6690 6878
f 6876 6690 6877
f 6905 6904 6771
f 6905 6771 6770
f 6875 6690 6876
f 6906 6905 6770
f 6906 6770 6769
f 6907 6906 6769
f 6907 6769 6768
f 6874 6690 6875
f 6873 6690 6874
f 6908 6907 6768
f 6908 6768 6767
f 6909 6908 6767
f 6909 6767 6766
f 6872 6690 6873
f 6910 6909 6766
f 6910 6766 6765
f 6871 6690 6872
f 6870 6690 6871
f 6911 6910 6765
f 6911 6765 6764
f 6869 6690 6870
f 6912 6911 6764
f 6912 6764 6763
f 6913 6912 6763
f 6913 6763 6762
f 6868 6690 6869
f 6867 6690 6868
f 6914 6913 6762
f 6914 6762 6761
f 6866 6690 6867
f 6915 6914 6761
f 6915 6761 6760
f 6865 6690 6866
f 6916 6915 6760
f 6864 6690 6865
f 6863 6690 6864
f 6862 6690 6863
f 6861 6690 6862
f 6860 6690 6861
f 6859 6690 6860
f 6687 6916 6760
f 6687 6917 6916
f 6687 6918 6917
f 6687 6919 6918
f 6687 6920 6919
f 6687 6921 6920
f 6687 6922 6921
f 6687 6923 6922
f 6687 6924 6923
f 6687 6925 6924
f 6687 6926 6925
f 6687 6927 6926
f 6687 6928 6927
f 6687 6929 6928
f 6687 6930 6929
f 6687 6931 6930
f 6687 6932 6931
f 6687 6933 6932
f 6687 6934 6933
f 6687 6935 6934
f 6687 6936 6935
f 6687 6937 6936
f 6687 6938 6937
f 6687 6939 6938
f 6687 6940 6939
f 6687 6941 6940
f 6687 6942 6941
f 6687 6859 6942
f 6687 6752 6751
f 6687 6753 6752
f 6687 6754 6753
f 6687 6755 6754
f 6687 6756 6755
f 6687 6757 6756
f 6687 6758 6757
f 6687 6759 6758
f 6687 6760 6759
f 6687 6751 6688
f 6751 6750 6688
f 6750 6842 6688
f 6842 6841 6688
f 6688 6985 6689
f 6690 6859 6687
f 7041 7043 7042
f 7040 7044 7043
f 7040 7043 7041
f 7039 7045 7044
f 7039 7044 7040
f 7038 7046 7045
f 7038 7045 7039
f 7037 7047 7046
f 7037 7046 7038
f 7036 7048 7047
f 7036 7047 7037
f 7035 7049 7048
f 7035 7048 7036
f 7034 7050 7049
f 7034 7049 7035
f 7033 7051 7050
f 7033 7050 7034
f 7032 7052 7051
f 7032 7051 7033
f 7031 7053 7052
f 7031 7052 7032
f 7030 7054 7053
f 7030 7053 7031
f 7029 7055 7054
f 7029 7054 7030
f 7028 7056 7055
f 7028 7055 7029
f 7027 7056 7028
f 7060 7058 7057
f 7059 7058 7060
f 7070 7062 7061
f 7070 7061 7066
f 7069 7066 7065
f 7069 7070 7066
f 7068 7064 7063
f 7068 7065 7064
f 7068 7069 7065
f 7067 7068 7063
f 7074 7072 7071
f 7073 7074 7071
f 7088 7090 7089
f 7088 7091 7090
f 7088 7092 7091
f 7087 7093 7092
f 7087 7092 7088
f 7086 7094 7093
f 7086 7093 7087
f 7085 7095 7094
f 7085 7094 7086
f 7084 7096 7095
f 7084 7095 7085
f 7083 7097 7096
f 7083 7096 7084
f 7082 7098 7097
f 7082 7097 7083
f 7081 7099 7098
f 7081 7098 7082
f 7080 7100 7099
f 7080 7099 7081
f 7079 7101 7100
f 7079 7100 7080
f 7078 7102 7101
f 7078 7101 7079
f 7077 7103 7102
f 7077 7102 7078
f 7076 7104 7103
f 7076 7103 7077
f 7075 7104 7076
f 7393 7107 7392
f 7394 7107 7393
f 7391 7392 7107
f 7395 7107 7394
f 7390 7391 7107
f 7389 7390 7107
f 7396 7107 7395
f 7388 7389 7107
f 7397 7107 7396
f 7398 7107 7397
f 7387 7388 7107
f 7399 7107 7398
f 7386 7387 7107
f 7385 7386 7107
f 7400 7107 7399
f 7384 7385 7107
f 7401 7107 7400
f 7383 7384 7107
f 7402 7107 7401
f 7382 7383 7107
f 7403 7107 7402
f 7381 7382 7107
f 7380 7381 7107
f 7379 7380 7107
f 7378 7379 7107
f 7377 7378 7107
f 7376 7377 7107
f 7224 7371 7372
f 7225 7371 7224
f 7225 7370 7371
f 7223 7224 7372
f 7223 7372 7373
f 7226 7370 7225
f 7226 7369 7370
f 7227 7369 7226
f 7227 7368 7369
f 7222 7223 7373
f 7222 7373 7374
f 7221 7222 7374
f 7221 7374 7375
f 7228 7368 7227
f 7228 7367 7368
f 7220 7221 7375
f 7220 7375 7376
f 7220 7376 7107
f 7229 7367 7228
f 7229 7366 7367
f 7219 7220 7107
f 7230 7366 7229
f 7230 7365 7366
f 7218 7219 7107
f 7231 7365 7230
f 7231 7364 7365
f 7232 7364 7231
f 7232 7363 7364
f 7217 7218 7107
f 7233 7363 7232
f 7233 7362 7363
f 7216 7217 7107
f 7234 7362 7233
f 7234 7361 7362
f 7215 7216 7107
f 7214 7215 7107
f 7235 7361 7234
f 7236 7444 7361
f 7236 7361 7235
f 7213 7214 7107
f 7106 7407 7408
f 7106 7408 7409
f 7106 7409 7410
f 7106 7410 7411
f 7106 7411 7412
f 7106 7412 7413
f 7106 7413 7414
f 7106 7414 7415
f 7106 7415 7416
f 7106 7416 7417
f 7106 7417 7418
f 7106 7418 7419
f 7106 7419 7420
f 7106 7420 7421
f 7106 7421 7422
f 7106 7422 7423
f 7106 7423 7424
f 7106 7424 7425
f 7106 7425 7426
f 7106 7426 7427
f 7106 7427 7428
f 7106 7428 7429
f 7106 7429 7430
f 7106 7403 7404
f 7106 7404 7405
f 7106 7405 7406
f 7106 7406 7407
f 7237 7443 7444
f 7237 7444 7236
f 7212 7213 7107
f 7238 7443 7237
f 7238 7442 7443
f 7211 7212 7107
f 7239 7442 7238
f 7239 7441 7442
f 7210 7211 7107
f 7240 7440 7441
f 7240 7441 7239
f 7241 7440 7240
f 7241 7439 7440
f 7242 7438 7439
f 7242 7439 7241
f 7243 7437 7438
f 7243 7438 7242
f 7244 7437 7243
f 7244 7436 7437
f 7245 7436 7244
f 7245 7435 7436
f 7246 7434 7435
f 7246 7435 7245
f 7247 7433 7434
f 7247 7434 7246
f 7248 7432 7433
f 7248 7433 7247
f 7249 7432 7248
f 7249 7431 7432
f 7250 7106 7430
f 7250 7430 7431
f 7250 7431 7249
f 7251 7106 7250
f 7252 7106 7251
f 7253 7106 7252
f 7254 7106 7253
f 7255 7106 7254
f 7256 7106 7255
f 7257 7106 7256
f 7258 7106 7257
f 7259 7106 7258
f 7309 7203 7204
f 7308 7309 7204
f 7308 7204 7205
f 7310 7203 7309
f 7310 7202 7203
f 7307 7205 7206
f 7307 7308 7205
f 7311 7202 7310
f 7311 7201 7202
f 7306 7206 7207
f 7306 7307 7206
f 7305 7207 7208
f 7305 7306 7207
f 7312 7201 7311
f 7312 7200 7201
f 7313 7199 7200
f 7313 7200 7312
f 7304 7208 7209
f 7304 7305 7208
f 7303 7209 7210
f 7303 7304 7209
f 7314 7198 7199
f 7314 7199 7313
f 7315 7198 7314
f 7315 7197 7198
f 7302 7303 7210
f 7302 7210 7107
f 7316 7197 7315
f 7316 7196 7197
f 7317 7196 7316
f 7317 7195 7196
f 7318 7195 7317
f 7318 7194 7195
f 7319 7194 7318
f 7319 7276 7193
f 7319 7193 7194
f 7320 7276 7319
f 7320 7275 7276
f 7321 7275 7320
f 7321 7274 7275
f 7322 7274 7321
f 7322 7273 7274
f 7323 7273 7322
f 7323 7272 7273
f 7324 7272 7323
f 7324 7271 7272
f 7325 7271 7324
f 7325 7270 7271
f 7326 7270 7325
f 7326 7269 7270
f 7327 7269 7326
f 7327 7268 7269
f 7328 7268 7327
f 7328 7267 7268
f 7329 7267 7328
f 7329 7266 7267
f 7330 7265 7266
f 7330 7266 7329
f 7331 7264 7265
f 7331 7265 7330
f 7332 7264 7331
f 7332 7263 7264
f 7333 7263 7332
f 7333 7262 7263
f 7334 7261 7262
f 7334 7262 7333
f 7335 7260 7261
f 7335 7261 7334
f 7336 7260 7335
f 7108 7292 7293
f 7108 7293 7294
f 7108 7294 7295
f 7108 7295 7296
f 7108 7296 7297
f 7108 7302 7107
f 7108 7297 7298
f 7108 7298 7299
f 7108 7299 7300
f 7108 7300 7301
f 7108 7301 7302
f 7140 7288 7289
f 7141 7288 7140
f 7141 7287 7288
f 7139 7140 7289
f 7139 7289 7290
f 7142 7287 7141
f 7142 7286 7287
f 7138 7139 7290
f 7138 7290 7291
f 7143 7286 7142
f 7143 7285 7286
f 7137 7138 7291
f 7137 7291 7292
f 7144 7285 7143
f 7144 7284 7285
f 7136 7137 7292
f 7136 7292 7108
f 7145 7284 7144
f 7145 7283 7284
f 7135 7136 7108
f 7146 7283 7145
f 7146 7282 7283
f 7134 7135 7108
f 7147 7282 7146
f 7147 7281 7282
f 7148 7280 7281
f 7148 7281 7147
f 7133 7134 7108
f 7132 7133 7108
f 7149 7279 7280
f 7149 7280 7148
f 7150 7278 7279
f 7150 7279 7149
f 7131 7132 7108
f 7151 7360 7277
f 7151 7277 7278
f 7151 7278 7150
f 7130 7131 7108
f 7152 7359 7360
f 7152 7360 7151
f 7129 7130 7108
f 7128 7129 7108
f 7153 7358 7359
f 7153 7359 7152
f 7127 7128 7108
f 7154 7357 7358
f 7154 7358 7153
f 7126 7127 7108
f 7155 7357 7154
f 7155 7356 7357
f 7125 7126 7108
f 7156 7356 7155
f 7156 7355 7356
f 7157 7355 7156
f 7157 7354 7355
f 7124 7125 7108
f 7123 7124 7108
f 7158 7354 7157
f 7158 7353 7354
f 7122 7123 7108
f 7159 7352 7353
f 7159 7353 7158
f 7160 7352 7159
f 7160 7351 7352
f 7121 7122 7108
f 7120 7121 7108
f 7161 7351 7160
f 7161 7350 7351
f 7162 7350 7161
f 7162 7349 7350
f 7119 7120 7108
f 7163 7349 7162
f 7163 7348 7349
f 7118 7119 7108
f 7117 7118 7108
f 7164 7348 7163
f 7164 7347 7348
f 7165 7346 7347
f 7165 7347 7164
f 7116 7117 7108
f 7166 7346 7165
f 7115 7116 7108
f 7114 7115 7108
f 7113 7114 7108
f 7112 7113 7108
f 7111 7112 7108
f 7110 7111 7108
f 7109 7110 7108
f 7105 7337 7338
f 7105 7338 7339
f 7105 7346 7166
f 7105 7339 7340
f 7105 7340 7341
f 7105 7341 7342
f 7105 7342 7343
f 7105 7343 7344
f 7105 7344 7345
f 7105 7345 7346
f 7105 7166 7167
f 7105 7167 7168
f 7105 7168 7169
f 7105 7169 7170
f 7105 7170 7171
f 7105 7171 7172
f 7105 7172 7173
f 7105 7173 7174
f 7105 7174 7175
f 7105 7175 7176
f 7105 7176 7177
f 7105 7177 7178
f 7105 7178 7179
f 7105 7179 7180
f 7105 7180 7181
f 7105 7181 7182
f 7105 7182 7183
f 7105 7183 7184
f 7105 7184 7185
f 7105 7185 7186
f 7105 7186 7187
f 7105 7187 7188
f 7105 7188 7189
f 7105 7189 7190
f 7105 7190 7191
f 7105 7191 7192
f 7105 7192 7109
f 7105 7106 7337
f 7337 7106 7336
f 7336 7106 7260
f 7260 7106 7259
f 7106 7107 7403
f 7108 7105 7109
f 7458 7460 7459
f 7458 7461 7460
f 7457 7462 7461
f 7457 7461 7458
f 7456 7463 7462
f 7456 7462 7457
f 7455 7464 7463
f 7455 7463 7456
f 7454 7465 7464
f 7454 7464 7455
f 7453 7466 7465
f 7453 7465 7454
f 7452 7467 7466
f 7452 7466 7453
f 7451 7468 7467
f 7451 7467 7452
f 7450 7469 7468
f 7450 7468 7451
f 7449 7470 7469
f 7449 7469 7450
f 7448 7471 7470
f 7448 7470 7449
f 7447 7472 7471
f 7447 7473 7472
f 7447 7471 7448
f 7446 7474 7473
f 7446 7473 7447
f 7445 7474 7446
f 7515 7476 7514
f 7513 7514 7476
f 7516 7476 7515
f 7517 7476 7516
f 7512 7513 7476
f 7518 7476 7517
f 7511 7512 7476
f 7519 7476 7518
f 7510 7511 7476
f 7509 7510 7476
f 7520 7476 7519
f 7508 7476 7475
f 7508 7509 7476
f 7521 7476 7520
f 7507 7508 7475
f 7522 7476 7521
f 7506 7507 7475
f 7523 7476 7522
f 7524 7476 7523
f 7505 7506 7475
f 7525 7482 7476
f 7525 7476 7524
f 7504 7505 7475
f 7503 7504 7475
f 7526 7482 7525
f 7502 7503 7475
f 7527 7482 7526
f 7528 7482 7527
f 7501 7502 7475
f 7500 7501 7475
f 7529 7482 7528
f 7530 7482 7529
f 7499 7500 7475
f 7531 7482 7530
f 7498 7499 7475
f 7532 7482 7531
f 7533 7482 7532
f 7534 7482 7533
f 7535 7482 7534
f 7536 7482 7535
f 7537 7482 7536
f 7538 7482 7537
f 7539 7482 7538
f 7540 7482 7539
f 7541 7482 7540
f 7542 7482 7541
f 7477 7483 7484
f 7477 7484 7485
f 7477 7485 7486
f 7477 7486 7487
f 7477 7487 7488
f 7477 7488 7489
f 7477 7489 7490
f 7477 7490 7491
f 7477 7491 7492
f 7477 7492 7493
f 7477 7493 7494
f 7477 7494 7495
f 7477 7495 7496
f 7477 7496 7497
f 7477 7497 7498
f 7477 7498 7475
f 7480 7483 7477
f 7480 7552 7553
f 7480 7553 7554
f 7480 7554 7555
f 7480 7555 7556
f 7480 7556 7557
f 7480 7557 7558
f 7480 7558 7559
f 7480 7559 7560
f 7480 7560 7561
f 7480 7561 7562
f 7480 7562 7563
f 7480 7563 7564
f 7480 7564 7565
f 7480 7565 7566
f 7480 7566 7483
f 7481 7552 7480
f 7481 7542 7543
f 7481 7543 7544
f 7481 7544 7545
f 7481 7545 7546
f 7481 7546 7547
f 7481 7547 7548
f 7481 7548 7549
f 7481 7549 7550
f 7481 7550 7551
f 7481 7551 7552
f 7481 7482 7542
f 7479 7477 7478
f 7479 7480 7477
f 7570 7568 7567
f 7570 7567 7569
f 7713 7715 7714
f 7712 7716 7715
f 7712 7717 7716
f 7712 7715 7713
f 7711 7717 7712
f 7711 7718 7717
f 7724 7723 7722
f 7726 7718 7711
f 7726 7709 7708
f 7726 7710 7709
f 7726 7711 7710
f 7726 7724 7722
f 7726 7719 7718
f 7726 7720 7719
f 7726 7721 7720
f 7726 7722 7721
f 7726 7725 7724
f 7727 7708 7707
f 7727 7726 7708
f 7731 7729 7728
f 7731 7730 7729
f 7732 7731 7728
f 7734 7733 7732
f 7734 7732 7728
f 7735 7734 7728
f 7737 7736 7735
f 7739 7738 7737
f 7739 7737 7735
f 7739 7735 7728
f 7740 7739 7728
f 7742 7741 7740
f 7742 7740 7728
f 7743 7742 7728
f 7744 7743 7728
f 7747 7745 7744
f 7747 7746 7745
f 7748 7747 7744
f 7749 7748 7744
f 7749 7744 7728
f 8269 7659 8268
f 8270 7659 8269
f 8267 7644 7643
f 8267 7645 7644
f 8267 7646 7645
f 8267 7647 7646
f 8267 7648 7647
f 8267 7649 7648
f 8267 7650 7649
f 8267 7651 7650
f 8267 7652 7651
f 8267 7653 7652
f 8267 7654 7653
f 8267 7655 7654
f 8267 7656 7655
f 8267 7657 7656
f 8267 7658 7657
f 8267 7659 7658
f 8267 8268 7659
f 8266 8267 7643
f 8266 7638 7637
f 8266 7639 7638
f 8266 7640 7639
f 8266 7641 7640
f 8266 7642 7641
f 8266 7643 7642
f 8271 7659 8270
f 8265 8266 7637
f 8272 7659 8271
f 8273 7659 8272
f 8264 8265 7637
f 8274 7659 8273
f 8263 8264 7637
f 8275 7659 8274
f 8275 7660 7659
f 8262 8263 7637
f 8276 7660 8275
f 8261 8262 7637
f 8277 7674 7660
f 8277 7660 8276
f 8260 8261 7637
f 8259 8260 7637
f 8278 7673 7674
f 8278 7674 8277
f 7750 7749 7728
f 7750 7728 7727
f 7789 7727 7707
f 7789 7750 7727
f 7788 7789 7707
f 8279 7672 7673
f 8279 7673 8278
f 8258 8259 7637
f 7787 7788 7707
f 7786 7787 7707
f 7785 7786 7707
f 8280 7672 8279
f 8280 7671 7672
f 8341 8258 7637
f 7784 7785 7707
f 7783 7784 7707
f 8340 8341 7637
f 8281 7671 8280
f 8281 7670 7671
f 7782 7783 7707
f 7781 7782 7707
f 8282 7669 7670
f 8282 7670 8281
f 8339 8340 7637
f 8283 7669 8282
f 8283 7668 7669
f 8338 8339 7637
f 7795 7793 7792
f 7795 7794 7793
f 7790 7795 7792
f 7790 7792 7791
f 7798 7796 7795
f 7798 7797 7796
f 7798 7795 7790
f 7799 7798 7790
f 7800 7799 7790
f 7802 7800 7790
f 7802 7801 7800
f 8337 8338 7637
f 8284 7668 8283
f 8284 7667 7668
f 7805 7803 7802
f 7805 7804 7803
f 7805 7802 7790
f 7809 7806 7805
f 7809 7807 7806
f 7809 7808 7807
f 7810 7809 7805
f 8285 7667 8284
f 8285 7666 7667
f 8336 8337 7637
f 7811 7810 7805
f 7813 7812 7811
f 7813 7811 7805
f 7814 7813 7805
f 7815 7814 7805
f 8286 7666 8285
f 8286 7665 7666
f 7817 7816 7815
f 7817 7805 7790
f 7817 7815 7805
f 7819 7817 7790
f 7819 7818 7817
f 7821 7820 7819
f 7822 7821 7819
f 8287 7665 8286
f 8287 7664 7665
f 7824 7819 7790
f 7824 7822 7819
f 7824 7823 7822
f 7825 7790 7751
f 7825 7824 7790
f 8288 7664 8287
f 8288 7663 7664
f 8289 7663 8288
f 8289 7662 7663
f 8290 7662 8289
f 8290 7661 7662
f 7840 7776 7777
f 7839 7777 7778
f 7839 7778 7779
f 7839 7840 7777
f 7841 7775 7776
f 7841 7776 7840
f 7838 7779 7780
f 7838 7839 7779
f 7837 7780 7781
f 7837 7838 7780
f 7842 7773 7774
f 7842 7774 7775
f 7842 7775 7841
f 7843 7773 7842
f 7843 7772 7773
f 7836 7837 7781
f 7836 7781 7707
f 7835 7836 7707
f 7844 7772 7843
f 7844 7771 7772
f 7845 7771 7844
f 7845 7769 7770
f 7845 7770 7771
f 7834 7835 7707
f 7846 7769 7845
f 7846 7768 7769
f 7833 7834 7707
f 7847 7768 7846
f 7847 7767 7768
f 7832 7833 7707
f 7831 7832 7707
f 7848 7767 7847
f 7848 7765 7766
f 7848 7766 7767
f 7849 7765 7848
f 7849 7764 7765
f 7830 7831 7707
f 7828 7764 7849
f 7828 7762 7763
f 7828 7763 7764
f 7829 7830 7707
f 7826 7825 7751
f 7826 7762 7828
f 7826 7751 7752
f 7826 7752 7753
f 7826 7753 7754
f 7826 7754 7755
f 7826 7755 7756
f 7826 7756 7757
f 7826 7757 7758
f 7826 7758 7759
f 7826 7759 7760
f 7826 7760 7761
f 7826 7761 7762
f 7827 7826 7828
f 7623 8336 7637
f 7623 8328 8329
f 7623 8329 8330
f 7623 8330 8331
f 7623 8331 8332
f 7623 8332 8333
f 7623 8333 8334
f 7623 8334 8335
f 7623 8335 8336
f 7624 8327 8328
f 7624 8328 7623
f 8223 8224 7661
f 8225 7661 8224
f 8222 8290 8291
f 8222 7661 8290
f 8222 8223 7661
f 8226 7661 8225
f 7625 8326 8327
f 7625 8327 7624
f 8221 8222 8291
f 8221 8291 8292
f 8227 7661 8226
f 8220 8292 8293
f 8220 8293 8294
f 8220 8221 8292
f 8228 7661 8227
f 8219 8220 8294
f 8219 8294 8295
f 7626 8326 7625
f 8229 7661 8228
f 8218 8295 8296
f 8218 8219 8295
f 8230 7661 8229
f 8217 8296 8297
f 8217 8218 8296
f 8196 7661 8230
f 8216 8297 8298
f 8216 8217 8297
f 8215 8298 8299
f 8215 8216 8298
f 8214 8215 8299
f 8214 8299 8300
f 8214 8300 8301
f 8213 8301 8302
f 8213 8214 8301
f 8212 8302 8303
f 8212 8213 8302
f 8211 8303 8304
f 8211 8212 8303
f 8210 8304 8305
f 8210 8211 8304
f 8094 8319 8320
f 8093 8094 8320
f 8093 8320 8321
f 8095 8318 8319
f 8095 8319 8094
f 8092 8321 8322
f 8092 8093 8321
f 8096 8317 8318
f 8096 8318 8095
f 8091 8322 8323
f 8091 8092 8322
f 8209 8305 8306
f 8209 8306 8307
f 8209 8210 8305
f 8097 8316 8317
f 8097 8317 8096
f 8090 8323 8324
f 8090 8091 8323
f 8098 8315 8316
f 8098 8316 8097
f 8089 8324 8325
f 8089 8090 8324
f 8099 8315 8098
f 8099 8314 8315
f 8088 8325 8326
f 8088 7626 7627
f 8088 8326 7626
f 8088 8089 8325
f 8100 8313 8314
f 8100 8314 8099
f 8087 8088 7627
f 8087 7627 7628
f 8208 8307 8308
f 8208 8209 8307
f 8101 8312 8313
f 8101 8313 8100
f 8086 7628 7629
f 8086 8087 7628
f 8102 8311 8312
f 8102 8312 8101
f 8085 8086 7629
f 8207 8208 8308
f 8103 8310 8311
f 8103 8311 8102
f 8084 7629 7630
f 8084 8085 7629
f 8104 8309 8310
f 8104 8310 8103
f 8083 8084 7630
f 8083 7630 7631
f 8105 8309 8104
f 8105 8308 8309
f 8112 7631 7632
f 8112 8083 7631
f 8111 7632 7633
f 8111 8112 7632
f 8106 8207 8308
f 8106 8308 8105
f 8110 8111 7633
f 8110 7633 7634
f 8107 8206 8207
f 8107 8207 8106
f 8109 7634 7635
f 8109 7635 7636
f 8109 7636 7622
f 8109 8110 7634
f 8108 8205 8206
f 8108 8206 8107
f 8082 8204 8205
f 8082 8205 8108
f 8203 8204 8082
f 8202 8203 8082
f 8201 8202 8082
f 8200 8201 8082
f 8199 8200 8082
f 8198 8199 8082
f 8197 8198 8082
f 7675 7661 8196
f 7691 7829 7707
f 7690 7676 7677
f 7690 7677 7678
f 7690 7678 7679
f 7690 7679 7680
f 7690 7680 7681
f 8170 7681 7682
f 8170 7682 7683
f 8170 7683 7684
f 8170 7690 7681
f 8170 7684 7685
f 8170 7685 7686
f 8170 7686 7687
f 8170 7687 7688
f 8170 7688 7689
f 8170 7689 7675
f 8170 7704 7705
f 8170 7705 7706
f 8170 7706 7690
f 8171 7703 7704
f 8171 7704 8170
f 8172 7702 7703
f 8172 7703 8171
f 8173 7701 7702
f 8173 7702 8172
f 8174 7700 7701
f 8174 7701 8173
f 8175 7700 8174
f 8176 7699 7700
f 8176 7700 8175
f 8177 7699 8176
f 8177 7698 7699
f 8178 7697 7698
f 8178 7698 8177
f 8179 7696 7697
f 8179 7697 8178
f 8180 7695 7696
f 8180 7696 8179
f 8181 7694 7695
f 8181 7695 8180
f 8182 7693 7694
f 8182 7694 8181
f 8183 7692 7693
f 8183 7693 8182
f 8184 7692 8183
f 8185 7691 7692
f 8185 7692 8184
f 8186 7691 8185
f 8187 7691 8186
f 8188 7691 8187
f 7850 8190 8191
f 7850 8191 8192
f 7850 8192 8193
f 7850 8193 8194
f 7850 8194 8195
f 7850 8195 7851
f 8113 8109 7622
f 8113 7608 7609
f 8113 7622 7608
f 8139 7609 7610
f 8139 8113 7609
f 8138 7610 7611
f 8138 8139 7610
f 8137 8138 7611
f 8137 7611 7612
f 8136 7612 7613
f 8136 8137 7612
f 8135 8136 7613
f 8135 7613 7614
f 8134 7614 7615
f 8134 8135 7614
f 8133 8134 7615
f 8133 7615 7616
f 8132 8133 7616
f 8132 7616 7617
f 8131 7617 7618
f 8131 8132 7617
f 8130 8131 7618
f 8130 7618 7619
f 8081 8231 8197
f 8154 8231 8081
f 8154 8257 8231
f 8155 8256 8257
f 8155 8257 8154
f 7967 8129 8130
f 7968 8128 8129
f 7968 8129 7967
f 7966 7619 7620
f 7966 8130 7619
f 7966 7967 8130
f 7969 8127 8128
f 7969 8128 7968
f 7965 7966 7620
f 7965 7620 7621
f 7952 8127 7969
f 7952 8114 8115
f 7952 8115 8116
f 7952 8116 8117
f 7952 8117 8118
f 7952 8118 8119
f 7952 8119 8120
f 7952 8120 8121
f 7952 8121 8122
f 7952 8122 8123
f 7952 8123 8124
f 7952 8124 8125
f 7952 8125 8126
f 7952 8126 8127
f 7964 7965 7621
f 7963 7964 7621
f 7963 7621 7607
f 8156 8256 8155
f 7962 7963 7607
f 7961 7962 7607
f 7960 7961 7607
f 8157 8256 8156
f 8157 8255 8256
f 7959 7960 7607
f 7958 7959 7607
f 8158 8255 8157
f 8158 8254 8255
f 7855 8232 8233
f 7855 8233 8234
f 7855 8234 8235
f 7855 8235 8236
f 7855 8236 8237
f 7855 8237 8238
f 7855 7852 8232
f 7957 7958 7607
f 8159 8254 8158
f 8159 8253 8254
f 7956 7957 7607
f 7955 7956 7607
f 8160 8253 8159
f 8160 8252 8253
f 7954 7955 7607
f 8161 8252 8160
f 8161 8251 8252
f 7953 7954 7607
f 8162 8251 8161
f 8162 8250 8251
f 8163 8249 8250
f 8163 8250 8162
f 8164 8248 8249
f 8164 8249 8163
f 8165 8247 8248
f 8165 8248 8164
f 8166 8246 8247
f 8166 8247 8165
f 8167 8245 8246
f 8167 8246 8166
f 8168 8244 8245
f 8168 8245 8167
f 8169 8243 8244
f 8169 8244 8168
f 7853 7852 7855
f 7854 7853 7855
f 7923 8140 8114
f 7924 8140 7923
f 7925 8153 8140
f 7925 8140 7924
f 7926 8153 7925
f 7926 8152 8153
f 7927 8152 7926
f 7927 8151 8152
f 7928 8151 7927
f 7928 8150 8151
f 7929 8150 7928
f 7929 8149 8150
f 7930 8149 7929
f 7930 8148 8149
f 7931 8148 7930
f 7932 8148 7931
f 7932 8147 8148
f 7933 8147 7932
f 7933 8146 8147
f 7606 7953 7607
f 7934 8146 7933
f 7934 8145 8146
f 7935 8145 7934
f 7935 8144 8145
f 7936 8144 7935
f 7936 8143 8144
f 7937 8143 7936
f 7937 8142 8143
f 7970 7953 7606
f 7938 8142 7937
f 7938 8141 8142
f 7991 7970 7606
f 7939 8141 7938
f 7939 8243 8169
f 7939 8169 8141
f 7990 7991 7606
f 7940 8243 7939
f 7940 8242 8243
f 7989 7990 7606
f 7988 7989 7606
f 7941 8242 7940
f 7941 8241 8242
f 7987 7988 7606
f 7942 8241 7941
f 7942 8240 8241
f 7986 7987 7606
f 7943 8240 7942
f 7985 7986 7606
f 7605 7975 7976
f 7605 7976 7977
f 7605 7977 7978
f 7605 7978 7979
f 7605 7979 7980
f 7605 7980 7981
f 7605 7981 7982
f 7605 7982 7983
f 7605 7983 7984
f 7605 7984 7985
f 7605 7985 7606
f 7605 7971 7972
f 7605 7972 7973
f 7605 7973 7974
f 7605 7974 7975
f 7584 7902 7971
f 7584 7971 7605
f 7585 7902 7584
f 7586 7902 7585
f 7587 7902 7586
f 7588 7903 7902
f 7588 7902 7587
f 7589 7903 7588
f 7590 7904 7903
f 7590 7903 7589
f 7591 7905 7904
f 7591 7904 7590
f 7592 7906 7905
f 7592 7905 7591
f 7593 7907 7906
f 7593 7906 7592
f 7594 7907 7593
f 7595 7907 7594
f 8057 7907 8056
f 8055 8056 7907
f 8058 7907 8057
f 8054 8055 7907
f 8041 7907 8058
f 8041 7908 7907
f 8053 8054 7907
f 8052 8053 7907
f 8051 8052 7907
f 8050 8051 7907
f 8049 8050 7907
f 8049 7595 7596
f 8049 7907 7595
f 8048 8049 7596
f 8048 7596 7597
f 8047 7597 7598
f 8047 8048 7597
f 8046 8047 7598
f 8046 7598 7599
f 8046 7599 7600
f 8045 8046 7600
f 8045 7600 7601
f 8044 8045 7601
f 8044 7601 7602
f 8043 7602 7603
f 8043 8044 7602
f 8042 7603 7604
f 8042 7604 7583
f 8042 8043 7603
f 8012 7908 8041
f 8013 7908 8012
f 8014 7908 8013
f 8015 7908 8014
f 8016 7908 8015
f 8017 7908 8016
f 8018 7908 8017
f 8019 7908 8018
f 8020 7908 8019
f 8021 7908 8020
f 8022 7908 8021
f 8023 7908 8022
f 8024 7908 8023
f 8025 7921 7908
f 8025 7908 8024
f 8026 7921 8025
f 8027 7920 7921
f 8027 7921 8026
f 8028 7919 7920
f 8028 7920 8027
f 8029 7918 7919
f 8029 7919 8028
f 8030 7917 7918
f 8030 7918 8029
f 8031 7916 7917
f 8031 7917 8030
f 8032 7915 7916
f 8032 7916 8031
f 8033 7915 8032
f 8034 7915 8033
f 8034 7914 7915
f 8035 7913 7914
f 8035 7914 8034
f 8036 7912 7913
f 8036 7913 8035
f 8037 7911 7912
f 8037 7912 8036
f 8038 7910 7911
f 8038 7911 8037
f 8059 8042 7583
f 7582 8076 8077
f 7582 8077 8078
f 7582 8078 8079
f 7582 8079 8080
f 7582 8080 8059
f 7582 8059 7583
f 7582 8066 8067
f 7582 8067 8068
f 7582 8068 8069
f 7582 8069 8070
f 7582 8070 8071
f 7582 8071 8072
f 7582 8072 8073
f 7582 8073 8074
f 7582 8074 8075
f 7582 8075 8076
f 7579 7581 7580
f 7577 7579 7578
f 7577 7581 7579
f 7576 7581 7577
f 7575 7581 7576
f 7573 7575 7574
f 7573 7581 7575
f 7571 7573 7572
f 7571 7582 7581
f 7571 8066 7582
f 7571 7581 7573
f 7571 8065 8066
f 7887 8065 7571
f 7887 8060 8061
f 7887 8061 8062
f 7887 8062 8063
f 7887 8063 8064
f 7887 8064 8065
f 7901 7887 7571
f 7899 7901 7900
f 7886 8010 8060
f 7886 8005 8006
f 7886 8006 8007
f 7886 8007 8008
f 7886 8008 8009
f 7886 8009 8010
f 7886 8060 7887
f 7897 7901 7899
f 7897 7899 7898
f 7896 7901 7897
f 7894 7901 7896
f 7894 7896 7895
f 7892 7894 7893
f 7892 7901 7894
f 7890 7887 7901
f 7890 7892 7891
f 7890 7901 7892
f 7888 7887 7890
f 7889 7888 7890
f 7856 7992 7993
f 7856 7993 7994
f 7856 7994 7995
f 7856 7995 7996
f 7856 7996 7997
f 7856 7997 7998
f 7856 8011 7992
f 7857 7998 7999
f 7857 7856 7998
f 7858 7857 7999
f 7859 7999 8000
f 7859 7858 7999
f 7860 8000 8001
f 7860 7859 8000
f 7861 8001 8002
f 7861 7860 8001
f 7862 8002 8003
f 7862 7861 8002
f 7863 7862 8003
f 7864 8003 8004
f 7864 7863 8003
f 7865 8004 8005
f 7865 7864 8004
f 7865 8005 7886
f 7866 7865 7886
f 7884 7886 7885
f 7884 7866 7886
f 7884 7867 7866
f 7884 7868 7867
f 7884 7869 7868
f 7884 7870 7869
f 7871 7870 7884
f 7872 7871 7884
f 7873 7872 7884
f 7874 7873 7884
f 7875 7874 7884
f 7876 7875 7884
f 7877 7876 7884
f 7878 7877 7884
f 7879 7878 7884
f 7880 7879 7884
f 7883 7881 7880
f 7883 7882 7881
f 7883 7880 7884
f 7829 8190 7850
f 7829 8189 8190
f 7829 8188 8189
f 7829 7691 8188
f 7855 8011 7856
f 7855 8040 8011
f 7855 8039 8040
f 7855 8038 8039
f 7855 7910 8038
f 7855 7909 7910
f 7855 7922 7909
f 7855 7951 7922
f 7855 7950 7951
f 7855 7949 7950
f 7855 7948 7949
f 7855 7947 7948
f 7855 7946 7947
f 7855 7945 7946
f 7855 7944 7945
f 7855 7943 7944
f 7855 8238 7943
f 8238 8239 7943
f 8239 8240 7943
f 7923 8114 7952
f 8081 8197 8082
f 8170 7675 8196
f 8232 7851 8195
f 8232 7852 7851
f 8342 8349 8348
f 8343 8349 8342
f 8344 8350 8349
f 8344 8349 8343
f 8345 8351 8350
f 8345 8350 8344
f 8346 8352 8351
f 8346 8351 8345
f 8347 8353 8352
f 8347 8352 8346
f 8396 8439 8397
f 8395 8439 8396
f 8394 8439 8395
f 8394 8438 8439
f 8393 8438 8394
f 8393 8436 8437
f 8393 8437 8438
f 8392 8436 8393
f 8391 8436 8392
f 8391 8435 8436
f 8390 8435 8391
f 8390 8433 8434
f 8390 8434 8435
f 8389 8433 8390
f 8388 8433 8389
f 8388 8432 8433
f 8387 8432 8388
f 8387 8430 8431
f 8387 8431 8432
f 8386 8430 8387
f 8385 8430 8386
f 8385 8429 8430
f 8384 8429 8385
f 8384 8428 8429
f 8383 8428 8384
f 8383 8427 8428
f 8382 8427 8383
f 8382 8426 8427
f 8381 8426 8382
f 8381 8425 8426
f 8380 8425 8381
f 8380 8424 8425
f 8379 8424 8380
f 8379 8422 8423
f 8379 8423 8424
f 8378 8422 8379
f 8377 8420 8421
f 8377 8421 8422
f 8377 8422 8378
f 8376 8420 8377
f 8375 8419 8420
f 8375 8420 8376
f 8374 8417 8418
f 8374 8418 8419
f 8374 8419 8375
f 8373 8416 8417
f 8373 8417 8374
f 8372 8416 8373
f 8371 8415 8416
f 8371 8416 8372
f 8370 8414 8415
f 8370 8415 8371
f 8369 8412 8413
f 8369 8413 8414
f 8369 8414 8370
f 8368 8412 8369
f 8367 8412 8368
f 8367 8411 8412
f 8366 8411 8367
f 8366 8409 8410
f 8366 8410 8411
f 8365 8409 8366
f 8364 8409 8365
f 8364 8408 8409
f 8363 8408 8364
f 8363 8407 8408
f 8362 8407 8363
f 8362 8406 8407
f 8361 8406 8362
f 8361 8405 8406
f 8360 8405 8361
f 8360 8404 8405
f 8359 8404 8360
f 8359 8403 8404
f 8358 8403 8359
f 8358 8402 8403
f 8357 8401 8402
f 8357 8402 8358
f 8356 8400 8401
f 8356 8401 8357
f 8355 8398 8399
f 8355 8399 8400
f 8355 8400 8356
f 8354 8398 8355
f 8482 8536 8483
f 8481 8536 8482
f 8481 8534 8535
f 8481 8535 8536
f 8480 8534 8481
f 8480 8532 8533
f 8480 8533 8534
f 8479 8532 8480
f 8479 8530 8531
f 8479 8531 8532
f 8478 8530 8479
f 8478 8529 8530
f 8477 8529 8478
f 8477 8528 8529
f 8476 8528 8477
f 8476 8526 8527
f 8476 8527 8528
f 8475 8526 8476
f 8475 8525 8526
f 8474 8525 8475
f 8474 8524 8525
f 8473 8524 8474
f 8473 8523 8524
f 8472 8523 8473
f 8472 8522 8523
f 8471 8522 8472
f 8471 8521 8522
f 8470 8521 8471
f 8470 8520 8521
f 8469 8520 8470
f 8469 8519 8520
f 8468 8519 8469
f 8468 8518 8519
f 8467 8518 8468
f 8467 8517 8518
f 8466 8515 8516
f 8466 8516 8517
f 8466 8517 8467
f 8465 8515 8466
f 8465 8514 8515
f 8464 8514 8465
f 8464 8512 8513
f 8464 8513 8514
f 8463 8511 8512
f 8463 8512 8464
f 8462 8509 8510
f 8462 8510 8511
f 8462 8511 8463
f 8461 8508 8509
f 8461 8509 8462
f 8460 8507 8508
f 8460 8508 8461
f 8459 8507 8460
f 8459 8505 8506
f 8459 8506 8507
f 8458 8505 8459
f 8458 8504 8505
f 8457 8504 8458
f 8457 8502 8503
f 8457 8503 8504
f 8456 8502 8457
f 8456 8501 8502
f 8455 8501 8456
f 8455 8500 8501
f 8454 8500 8455
f 8454 8499 8500
f 8453 8499 8454
f 8453 8497 8498
f 8453 8498 8499
f 8452 8497 8453
f 8452 8496 8497
f 8451 8496 8452
f 8451 8495 8496
f 8450 8495 8451
f 8450 8494 8495
f 8449 8494 8450
f 8449 8493 8494
f 8448 8492 8493
f 8448 8493 8449
f 8447 8491 8492
f 8447 8492 8448
f 8446 8490 8491
f 8446 8491 8447
f 8445 8489 8490
f 8445 8490 8446
f 8444 8488 8489
f 8444 8489 8445
f 8443 8487 8488
f 8443 8488 8444
f 8442 8486 8487
f 8442 8487 8443
f 8441 8485 8486
f 8441 8486 8442
f 8440 8484 8485
f 8440 8485 8441
f 8579 8629 8580
f 8578 8628 8629
f 8578 8629 8579
f 8577 8628 8578
f 8577 8627 8628
f 8576 8627 8577
f 8576 8625 8626
f 8576 8626 8627
f 8575 8625 8576
f 8575 8624 8625
f 8574 8624 8575
f 8574 8623 8624
f 8573 8623 8574
f 8573 8622 8623
f 8572 8622 8573
f 8572 8621 8622
f 8571 8621 8572
f 8571 8620 8621
f 8570 8620 8571
f 8570 8619 8620
f 8569 8619 8570
f 8569 8617 8618
f 8569 8618 8619
f 8568 8617 8569
f 8568 8616 8617
f 8567 8616 8568
f 8567 8615 8616
f 8566 8615 8567
f 8566 8614 8615
f 8565 8614 8566
f 8565 8613 8614
f 8564 8613 8565
f 8564 8611 8612
f 8564 8612 8613
f 8563 8611 8564
f 8563 8610 8611
f 8562 8609 8610
f 8562 8610 8563
f 8561 8608 8609
f 8561 8609 8562
f 8560 8607 8608
f 8560 8608 8561
f 8559 8606 8607
f 8559 8607 8560
f 8558 8605 8606
f 8558 8606 8559
f 8557 8604 8605
f 8557 8605 8558
f 8556 8603 8604
f 8556 8604 8557
f 8555 8602 8603
f 8555 8603 8556
f 8554 8602 8555
f 8554 8601 8602
f 8553 8601 8554
f 8553 8600 8601
f 8552 8600 8553
f 8552 8599 8600
f 8551 8599 8552
f 8551 8598 8599
f 8550 8598 8551
f 8550 8597 8598
f 8549 8597 8550
f 8549 8596 8597
f 8548 8596 8549
f 8547 8596 8548
f 8547 8595 8596
f 8546 8595 8547
f 8546 8594 8595
f 8545 8594 8546
f 8545 8593 8594
f 8544 8593 8545
f 8544 8592 8593
f 8543 8592 8544
f 8543 8591 8592
f 8542 8591 8543
f 8542 8590 8591
f 8541 8588 8589
f 8541 8589 8590
f 8541 8590 8542
f 8540 8587 8588
f 8540 8588 8541
f 8539 8584 8585
f 8539 8585 8586
f 8539 8586 8587
f 8539 8587 8540
f 8538 8582 8583
f 8538 8583 8584
f 8538 8584 8539
f 8537 8581 8582
f 8537 8582 8538
f 8630 8715 8673
f 8631 8714 8715
f 8631 8715 8630
f 8632 8713 8714
f 8632 8714 8631
f 8633 8712 8713
f 8633 8713 8632
f 8634 8712 8633
f 8634 8711 8712
f 8635 8711 8634
f 8635 8710 8711
f 8636 8710 8635
f 8636 8709 8710
f 8637 8709 8636
f 8637 8708 8709
f 8638 8708 8637
f 8638 8707 8708
f 8639 8707 8638
f 8639 8706 8707
f 8640 8706 8639
f 8640 8705 8706
f 8641 8705 8640
f 8641 8704 8705
f 8642 8704 8641
f 8642 8703 8704
f 8643 8703 8642
f 8643 8702 8703
f 8644 8702 8643
f 8644 8701 8702
f 8645 8701 8644
f 8645 8700 8701
f 8646 8700 8645
f 8646 8699 8700
f 8647 8699 8646
f 8647 8698 8699
f 8648 8698 8647
f 8648 8697 8698
f 8649 8696 8697
f 8649 8697 8648
f 8650 8696 8649
f 8651 8694 8695
f 8651 8695 8696
f 8651 8696 8650
f 8652 8693 8694
f 8652 8694 8651
f 8653 8692 8693
f 8653 8693 8652
f 8654 8692 8653
f 8655 8691 8692
f 8655 8692 8654
f 8656 8690 8691
f 8656 8691 8655
f 8657 8688 8689
f 8657 8689 8690
f 8657 8690 8656
f 8658 8688 8657
f 8659 8688 8658
f 8659 8687 8688
f 8660 8687 8659
f 8660 8686 8687
f 8661 8686 8660
f 8661 8685 8686
f 8662 8685 8661
f 8662 8684 8685
f 8663 8684 8662
f 8663 8683 8684
f 8664 8683 8663
f 8664 8682 8683
f 8665 8682 8664
f 8665 8681 8682
f 8666 8681 8665
f 8666 8679 8680
f 8666 8680 8681
f 8667 8679 8666
f 8667 8678 8679
f 8668 8678 8667
f 8669 8676 8677
f 8669 8677 8678
f 8669 8678 8668
f 8670 8676 8669
f 8671 8674 8675
f 8671 8675 8676
f 8671 8676 8670
f 8672 8674 8671
f 8719 8716 8717
f 8719 8717 8718
f 8740 8742 8741
f 8740 8743 8742
f 8739 8744 8743
f 8739 8743 8740
f 8738 8745 8744
f 8738 8744 8739
f 8737 8746 8745
f 8737 8745 8738
f 8736 8747 8746
f 8736 8746 8737
f 8735 8748 8747
f 8735 8747 8736
f 8734 8749 8748
f 8734 8748 8735
f 8733 8750 8749
f 8733 8749 8734
f 8732 8751 8750
f 8732 8750 8733
f 8731 8752 8751
f 8731 8751 8732
f 8730 8753 8752
f 8730 8752 8731
f 8729 8754 8753
f 8729 8753 8730
f 8728 8754 8729
f 8728 8755 8754
f 8727 8755 8728
f 8727 8756 8755
f 8726 8756 8727
f 8726 8757 8756
f 8725 8757 8726
f 8725 8758 8757
f 8724 8758 8725
f 8724 8759 8758
f 8723 8759 8724
f 8723 8760 8759
f 8722 8760 8723
f 8722 8761 8760
f 8722 8762 8761
f 8721 8762 8722
f 8720 8762 8721
f 8720 8763 8762
f 8767 8768 8769
f 8767 8769 8765
f 8764 8766 8767
f 8764 8767 8765
f 8790 8792 8791
f 8790 8793 8792
f 8789 8794 8793
f 8789 8793 8790
f 8788 8795 8794
f 8788 8794 8789
f 8787 8796 8795
f 8787 8795 8788
f 8786 8797 8796
f 8786 8796 8787
f 8785 8798 8797
f 8785 8797 8786
f 8784 8799 8798
f 8784 8798 8785
f 8783 8800 8799
f 8783 8799 8784
f 8782 8801 8800
f 8782 8800 8783
f 8781 8802 8801
f 8781 8801 8782
f 8780 8803 8802
f 8780 8802 8781
f 8779 8804 8803
f 8779 8803 8780
f 8778 8804 8779
f 8778 8805 8804
f 8777 8805 8778
f 8777 8806 8805
f 8776 8806 8777
f 8776 8807 8806
f 8775 8807 8776
f 8775 8808 8807
f 8774 8808 8775
f 8774 8809 8808
f 8773 8809 8774
f 8773 8810 8809
f 8772 8810 8773
f 8772 8811 8810
f 8771 8811 8772
f 8771 8812 8811
f 8770 8812 8771
f 8770 8813 8812
f 8817 8815 8814
f 8817 8816 8815
f 8839 8841 8840
f 8838 8842 8841
f 8838 8841 8839
f 8837 8843 8842
f 8837 8842 8838
f 8836 8844 8843
f 8836 8843 8837
f 8835 8845 8844
f 8835 8844 8836
f 8834 8846 8845
f 8834 8845 8835
f 8833 8847 8846
f 8833 8846 8834
f 8832 8848 8847
f 8832 8847 8833
f 8831 8849 8848
f 8831 8848 8832
f 8830 8850 8849
f 8830 8849 8831
f 8829 8851 8850
f 8829 8850 8830
f 8828 8852 8851
f 8828 8851 8829
f 8827 8853 8852
f 8827 8852 8828
f 8826 8853 8827
f 8826 8854 8853
f 8825 8854 8826
f 8824 8854 8825
f 8824 8855 8854
f 8823 8855 8824
f 8823 8856 8855
f 8822 8856 8823
f 8822 8857 8856
f 8821 8857 8822
f 8821 8858 8857
f 8820 8858 8821
f 8820 8859 8858
f 8819 8859 8820
f 8819 8860 8859
f 8818 8860 8819
f 8818 8861 8860
f 8863 8865 8866
f 8863 8866 8867
f 8864 8865 8863
f 8862 8863 8867
f 8888 8890 8889
f 8888 8891 8890
f 8887 8892 8891
f 8887 8891 8888
f 8886 8893 8892
f 8886 8892 8887
f 8885 8894 8893
f 8885 8893 8886
f 8884 8895 8894
f 8884 8894 8885
f 8883 8896 8895
f 8883 8895 8884
f 8882 8897 8896
f 8882 8896 8883
f 8881 8898 8897
f 8881 8897 8882
f 8880 8899 8898
f 8880 8898 8881
f 8879 8900 8899
f 8879 8899 8880
f 8878 8901 8900
f 8878 8900 8879
f 8877 8902 8901
f 8877 8901 8878
f 8876 8902 8877
f 8876 8903 8902
f 8875 8903 8876
f 8875 8904 8903
f 8874 8904 8875
f 8874 8905 8904
f 8873 8905 8874
f 8873 8906 8905
f 8872 8906 8873
f 8872 8907 8906
f 8871 8907 8872
f 8871 8908 8907
f 8870 8908 8871
f 8870 8909 8908
f 8869 8909 8870
f 8869 8910 8909
f 8869 8911 8910
f 8868 8911 8869
f 8953 8955 8954
f 8953 8956 8955
f 8952 8957 8956
f 8952 8956 8953
f 8951 8958 8957
f 8951 8957 8952
f 8950 8958 8951
f 8950 8959 8958
f 8949 8959 8950
f 8949 8960 8959
f 8948 8960 8949
f 8948 8961 8960
f 8947 8961 8948
f 8947 8962 8961
f 8946 8962 8947
f 8946 8963 8962
f 8945 8963 8946
f 8945 8964 8963
f 8944 8964 8945
f 8944 8965 8964
f 8943 8965 8944
f 8943 8966 8965
f 8942 8966 8943
f 8942 8967 8966
f 8941 8967 8942
f 8941 8968 8967
f 8940 8968 8941
f 8940 8969 8968
f 8939 8969 8940
f 8939 8970 8969
f 8938 8970 8939
f 8938 8971 8970
f 8937 8972 8971
f 8937 8971 8938
f 8936 8973 8972
f 8936 8972 8937
f 8935 8974 8973
f 8935 8973 8936
f 8934 8975 8974
f 8934 8974 8935
f 8933 8976 8975
f 8933 8975 8934
f 8932 8977 8976
f 8932 8976 8933
f 8931 8978 8977
f 8931 8977 8932
f 8930 8979 8978
f 8930 8978 8931
f 8929 8980 8979
f 8929 8979 8930
f 8928 8981 8980
f 8928 8982 8981
f 8928 8980 8929
f 8927 8983 8982
f 8927 8982 8928
f 8926 8983 8927
f 8925 8983 8926
f 8925 8984 8983
f 8925 8985 8984
f 8924 8985 8925
f 8923 8985 8924
f 8923 8986 8985
f 8922 8986 8923
f 8922 8987 8986
f 8921 8987 8922
f 8921 8988 8987
f 8921 8989 8988
f 8920 8989 8921
f 8920 8990 8989
f 8919 8990 8920
f 8918 8990 8919
f 8918 8991 8990
f 8917 8991 8918
f 8917 8992 8991
f 8916 8992 8917
f 8916 8993 8992
f 8915 8993 8916
f 8915 8994 8993
f 8915 8995 8994
f 8914 8995 8915
f 8913 8995 8914
f 8913 8996 8995
f 8912 8996 8913
f 8912 8997 8996
f 9039 9041 9040
f 9039 9042 9041
f 9038 9043 9042
f 9038 9042 9039
f 9037 9044 9043
f 9037 9043 9038
f 9036 9044 9037
f 9036 9045 9044
f 9035 9045 9036
f 9035 9046 9045
f 9034 9046 9035
f 9034 9047 9046
f 9033 9047 9034
f 9033 9048 9047
f 9032 9048 9033
f 9032 9049 9048
f 9031 9049 9032
f 9031 9050 9049
f 9030 9050 9031
f 9030 9051 9050
f 9029 9051 9030
f 9029 9052 9051
f 9028 9052 9029
f 9028 9053 9052
f 9027 9053 9028
f 9027 9054 9053
f 9026 9054 9027
f 9026 9055 9054
f 9025 9055 9026
f 9025 9056 9055
f 9024 9056 9025
f 9024 9057 9056
f 9023 9058 9057
f 9023 9057 9024
f 9022 9059 9058
f 9022 9058 9023
f 9021 9060 9059
f 9021 9059 9022
f 9020 9061 9060
f 9020 9060 9021
f 9019 9062 9061
f 9019 9061 9020
f 9018 9063 9062
f 9018 9062 9019
f 9017 9064 9063
f 9017 9063 9018
f 9016 9065 9064
f 9016 9064 9017
f 9015 9066 9065
f 9015 9065 9016
f 9014 9067 9066
f 9014 9068 9067
f 9014 9066 9015
f 9013 9069 9068
f 9013 9068 9014
f 9012 9069 9013
f 9011 9069 9012
f 9011 9070 9069
f 9011 9071 9070
f 9010 9071 9011
f 9009 9071 9010
f 9009 9072 9071
f 9008 9072 9009
f 9008 9073 9072
f 9007 9073 9008
f 9007 9074 9073
f 9007 9075 9074
f 9006 9075 9007
f 9006 9076 9075
f 9005 9076 9006
f 9004 9076 9005
f 9004 9077 9076
f 9003 9077 9004
f 9003 9078 9077
f 9002 9078 9003
f 9002 9079 9078
f 9001 9079 9002
f 9001 9080 9079
f 9001 9081 9080
f 9000 9081 9001
f 8999 9081 9000
f 8999 9082 9081
f 8998 9082 8999
f 8998 9083 9082
f 9084 9182 9183
f 9084 9183 9127
f 9085 9182 9084
f 9085 9179 9180
f 9085 9180 9181
f 9085 9181 9182
f 9086 9179 9085
f 9086 9177 9178
f 9086 9178 9179
f 9087 9177 9086
f 9087 9175 9176
f 9087 9176 9177
f 9088 9175 9087
f 9088 9174 9175
f 9089 9174 9088
f 9089 9173 9174
f 9090 9173 9089
f 9090 9172 9173
f 9091 9172 9090
f 9091 9171 9172
f 9092 9171 9091
f 9092 9170 9171
f 9093 9170 9092
f 9093 9168 9169
f 9093 9169 9170
f 9094 9168 9093
f 9094 9167 9168
f 9095 9167 9094
f 9095 9166 9167
f 9096 9166 9095
f 9096 9165 9166
f 9097 9165 9096
f 9097 9164 9165
f 9098 9164 9097
f 9098 9163 9164
f 9099 9162 9163
f 9099 9163 9098
f 9100 9161 9162
f 9100 9162 9099
f 9101 9159 9160
f 9101 9160 9161
f 9101 9161 9100
f 9102 9158 9159
f 9102 9159 9101
f 9103 9156 9157
f 9103 9157 9158
f 9103 9158 9102
f 9104 9156 9103
f 9104 9155 9156
f 9105 9155 9104
f 9105 9153 9154
f 9105 9154 9155
f 9106 9153 9105
f 9106 9152 9153
f 9107 9152 9106
f 9107 9151 9152
f 9108 9151 9107
f 9108 9149 9150
f 9108 9150 9151
f 9109 9149 9108
f 9109 9148 9149
f 9110 9148 9109
f 9110 9147 9148
f 9111 9147 9110
f 9111 9145 9146
f 9111 9146 9147
f 9112 9145 9111
f 9112 9144 9145
f 9113 9144 9112
f 9113 9143 9144
f 9114 9143 9113
f 9114 9142 9143
f 9115 9142 9114
f 9115 9140 9141
f 9115 9141 9142
f 9116 9140 9115
f 9116 9139 9140
f 9117 9138 9139
f 9117 9139 9116
f 9118 9137 9138
f 9118 9138 9117
f 9119 9135 9136
f 9119 9136 9137
f 9119 9137 9118
f 9120 9134 9135
f 9120 9135 9119
f 9121 9133 9134
f 9121 9134 9120
f 9122 9132 9133
f 9122 9133 9121
f 9123 9131 9132
f 9123 9132 9122
f 9124 9130 9131
f 9124 9131 9123
f 9125 9129 9130
f 9125 9130 9124
f 9126 9128 9129
f 9126 9129 9125
f 9225 9227 9226
f 9225 9228 9227
f 9224 9229 9228
f 9224 9228 9225
f 9223 9230 9229
f 9223 9229 9224
f 9222 9230 9223
f 9222 9231 9230
f 9221 9231 9222
f 9221 9232 9231
f 9220 9232 9221
f 9220 9233 9232
f 9219 9233 9220
f 9219 9234 9233
f 9218 9234 9219
f 9218 9235 9234
f 9217 9235 9218
f 9217 9236 9235
f 9216 9236 9217
f 9216 9237 9236
f 9215 9237 9216
f 9215 9238 9237
f 9214 9238 9215
f 9214 9239 9238
f 9213 9239 9214
f 9213 9240 9239
f 9212 9240 9213
f 9212 9241 9240
f 9211 9241 9212
f 9211 9242 9241
f 9210 9242 9211
f 9210 9243 9242
f 9209 9244 9243
f 9209 9243 9210
f 9208 9245 9244
f 9208 9244 9209
f 9207 9246 9245
f 9207 9245 9208
f 9206 9247 9246
f 9206 9246 9207
f 9205 9248 9247
f 9205 9247 9206
f 9204 9249 9248
f 9204 9248 9205
f 9203 9250 9249
f 9203 9249 9204
f 9202 9251 9250
f 9202 9250 9203
f 9201 9252 9251
f 9201 9251 9202
f 9200 9253 9252
f 9200 9254 9253
f 9200 9252 9201
f 9199 9254 9200
f 9198 9255 9254
f 9198 9254 9199
f 9197 9255 9198
f 9197 9256 9255
f 9196 9256 9197
f 9196 9257 9256
f 9195 9257 9196
f 9195 9258 9257
f 9194 9258 9195
f 9194 9259 9258
f 9193 9259 9194
f 9193 9260 9259
f 9193 9261 9260
f 9192 9261 9193
f 9191 9261 9192
f 9191 9262 9261
f 9190 9262 9191
f 9190 9263 9262
f 9189 9263 9190
f 9189 9264 9263
f 9188 9264 9189
f 9188 9265 9264
f 9188 9266 9265
f 9187 9266 9188
f 9186 9266 9187
f 9186 9267 9266
f 9185 9267 9186
f 9185 9268 9267
f 9184 9268 9185
f 9184 9269 9268
f 9311 9313 9312
f 9311 9314 9313
f 9310 9315 9314
f 9310 9314 9311
f 9309 9316 9315
f 9309 9315 9310
f 9308 9316 9309
f 9308 9317 9316
f 9307 9317 9308
f 9307 9318 9317
f 9306 9318 9307
f 9306 9319 9318
f 9305 9319 9306
f 9305 9320 9319
f 9304 9320 9305
f 9304 9321 9320
f 9303 9321 9304
f 9303 9322 9321
f 9302 9322 9303
f 9302 9323 9322
f 9301 9323 9302
f 9301 9324 9323
f 9300 9324 9301
f 9300 9325 9324
f 9299 9325 9300
f 9299 9326 9325
f 9298 9326 9299
f 9298 9327 9326
f 9297 9327 9298
f 9297 9328 9327
f 9296 9328 9297
f 9296 9329 9328
f 9295 9330 9329
f 9295 9329 9296
f 9294 9331 9330
f 9294 9330 9295
f 9293 9332 9331
f 9293 9331 9294
f 9292 9333 9332
f 9292 9332 9293
f 9291 9334 9333
f 9291 9333 9292
f 9290 9335 9334
f 9290 9336 9335
f 9290 9334 9291
f 9289 9336 9290
f 9288 9337 9336
f 9288 9338 9337
f 9288 9336 9289
f 9287 9339 9338
f 9287 9338 9288
f 9286 9339 9287
f 9285 9340 9339
f 9285 9341 9340
f 9285 9339 9286
f 9284 9341 9285
f 9283 9341 9284
f 9283 9342 9341
f 9283 9343 9342
f 9282 9343 9283
f 9281 9343 9282
f 9281 9344 9343
f 9281 9345 9344
f 9280 9345 9281
f 9279 9345 9280
f 9279 9346 9345
f 9279 9347 9346
f 9278 9347 9279
f 9277 9347 9278
f 9277 9348 9347
f 9276 9348 9277
f 9276 9349 9348
f 9276 9350 9349
f 9275 9350 9276
f 9274 9350 9275
f 9274 9351 9350
f 9274 9352 9351
f 9273 9352 9274
f 9273 9353 9352
f 9272 9353 9273
f 9272 9354 9353
f 9271 9354 9272
f 9270 9354 9271
f 9270 9355 9354
f 9397 9399 9398
f 9397 9400 9399
f 9396 9401 9400
f 9396 9400 9397
f 9395 9402 9401
f 9395 9401 9396
f 9394 9402 9395
f 9394 9403 9402
f 9393 9403 9394
f 9393 9404 9403
f 9392 9404 9393
f 9392 9405 9404
f 9391 9405 9392
f 9391 9406 9405
f 9390 9406 9391
f 9390 9407 9406
f 9389 9407 9390
f 9389 9408 9407
f 9388 9408 9389
f 9388 9409 9408
f 9387 9409 9388
f 9387 9410 9409
f 9386 9410 9387
f 9386 9411 9410
f 9385 9411 9386
f 9385 9412 9411
f 9384 9412 9385
f 9384 9413 9412
f 9383 9413 9384
f 9383 9414 9413
f 9382 9414 9383
f 9382 9415 9414
f 9381 9416 9415
f 9381 9415 9382
f 9380 9417 9416
f 9380 9416 9381
f 9379 9418 9417
f 9379 9417 9380
f 9378 9419 9418
f 9378 9418 9379
f 9377 9420 9419
f 9377 9419 9378
f 9376 9421 9420
f 9376 9420 9377
f 9375 9422 9421
f 9375 9421 9376
f 9374 9423 9422
f 9374 9422 9375
f 9373 9424 9423
f 9373 9423 9374
f 9372 9425 9424
f 9372 9424 9373
f 9371 9426 9425
f 9371 9425 9372
f 9370 9427 9426
f 9370 9426 9371
f 9369 9427 9370
f 9369 9428 9427
f 9368 9428 9369
f 9368 9429 9428
f 9367 9429 9368
f 9367 9430 9429
f 9367 9431 9430
f 9366 9431 9367
f 9365 9431 9366
f 9365 9432 9431
f 9364 9432 9365
f 9364 9433 9432
f 9363 9433 9364
f 9363 9434 9433
f 9363 9435 9434
f 9362 9435 9363
f 9362 9436 9435
f 9361 9436 9362
f 9360 9436 9361
f 9360 9437 9436
f 9360 9438 9437
f 9359 9438 9360
f 9359 9439 9438
f 9358 9439 9359
f 9357 9439 9358
f 9357 9440 9439
f 9356 9440 9357
f 9356 9441 9440
f 9483 9485 9484
f 9483 9486 9485
f 9482 9487 9486
f 9482 9486 9483
f 9481 9488 9487
f 9481 9487 9482
f 9480 9488 9481
f 9480 9489 9488
f 9479 9489 9480
f 9479 9490 9489
f 9478 9490 9479
f 9478 9491 9490
f 9477 9491 9478
f 9477 9492 9491
f 9476 9492 9477
f 9476 9493 9492
f 9475 9493 9476
f 9475 9494 9493
f 9474 9494 9475
f 9474 9495 9494
f 9473 9495 9474
f 9473 9496 9495
f 9472 9496 9473
f 9472 9497 9496
f 9471 9497 9472
f 9471 9498 9497
f 9470 9498 9471
f 9470 9499 9498
f 9469 9499 9470
f 9469 9500 9499
f 9468 9500 9469
f 9468 9501 9500
f 9467 9502 9501
f 9467 9501 9468
f 9466 9503 9502
f 9466 9502 9467
f 9465 9504 9503
f 9465 9503 9466
f 9464 9505 9504
f 9464 9504 9465
f 9463 9506 9505
f 9463 9505 9464
f 9462 9507 9506
f 9462 9506 9463
f 9461 9508 9507
f 9461 9507 9462
f 9460 9509 9508
f 9460 9508 9461
f 9459 9510 9509
f 9459 9509 9460
f 9458 9511 9510
f 9458 9510 9459
f 9457 9512 9511
f 9457 9511 9458
f 9456 9513 9512
f 9456 9512 9457
f 9455 9513 9456
f 9455 9514 9513
f 9455 9515 9514
f 9454 9515 9455
f 9453 9515 9454
f 9453 9516 9515
f 9452 9516 9453
f 9452 9517 9516
f 9451 9517 9452
f 9451 9518 9517
f 9450 9518 9451
f 9450 9519 9518
f 9449 9519 9450
f 9449 9520 9519
f 9448 9520 9449
f 9448 9521 9520
f 9447 9521 9448
f 9447 9522 9521
f 9447 9523 9522
f 9446 9523 9447
f 9446 9524 9523
f 9445 9524 9446
f 9444 9524 9445
f 9444 9525 9524
f 9443 9525 9444
f 9443 9526 9525
f 9442 9526 9443
f 9442 9527 9526
f 9529 9530 9531
f 9529 9531 9528
f 9581 9587 9588
f 9581 9588 9589
f 9581 9589 9590
f 9581 9590 9591
f 9581 9591 9592
f 9581 9592 9593
f 9581 9593 9594
f 9581 9594 9595
f 9581 9595 9596
f 9581 9596 9597
f 9581 9597 9598
f 9581 9598 9599
f 9600 9581 9599
f 9601 9581 9600
f 9726 9603 9604
f 9725 9726 9604
f 9724 9725 9604
f 9727 9602 9603
f 9727 9603 9726
f 9723 9724 9604
f 9728 9602 9727
f 9722 9723 9604
f 9729 9602 9728
f 9729 9581 9601
f 9729 9601 9602
f 9721 9722 9604
f 9730 9581 9729
f 9720 9721 9604
f 9731 9581 9730
f 9719 9720 9604
f 9732 9581 9731
f 9718 9719 9604
f 9733 9581 9732
f 9717 9718 9604
f 9734 9581 9733
f 9716 9717 9604
f 9735 9580 9581
f 9735 9581 9734
f 9715 9716 9604
f 9652 9580 9735
f 9652 9579 9580
f 9714 9715 9604
f 9653 9579 9652
f 9653 9578 9579
f 9654 9578 9653
f 9713 9714 9604
f 9712 9713 9604
f 9655 9577 9578
f 9655 9578 9654
f 9656 9576 9577
f 9656 9577 9655
f 9605 9712 9604
f 9605 9703 9704
f 9605 9704 9705
f 9605 9705 9706
f 9605 9706 9707
f 9605 9707 9708
f 9605 9708 9709
f 9605 9709 9710
f 9605 9710 9711
f 9605 9711 9712
f 9702 9703 9605
f 9701 9702 9605
f 9700 9701 9605
f 9699 9700 9605
f 9699 9605 9606
f 9698 9606 9607
f 9698 9699 9606
f 9557 9656 9657
f 9557 9657 9658
f 9557 9658 9659
f 9557 9659 9660
f 9557 9660 9661
f 9557 9560 9561
f 9557 9661 9662
f 9557 9561 9562
f 9557 9562 9563
f 9557 9563 9564
f 9557 9564 9565
f 9557 9565 9566
f 9557 9566 9567
f 9557 9567 9568
f 9557 9568 9569
f 9557 9569 9570
f 9557 9570 9571
f 9557 9571 9572
f 9557 9572 9573
f 9557 9573 9574
f 9557 9574 9575
f 9557 9575 9576
f 9557 9576 9656
f 9697 9698 9607
f 9696 9697 9607
f 9696 9607 9608
f 9695 9696 9608
f 9609 9695 9608
f 9556 9662 9663
f 9556 9557 9662
f 9694 9695 9609
f 9693 9694 9609
f 9610 9693 9609
f 9692 9693 9610
f 9555 9556 9663
f 9611 9691 9692
f 9611 9692 9610
f 9554 9663 9664
f 9554 9555 9663
f 9612 9689 9690
f 9612 9690 9691
f 9612 9691 9611
f 9613 9688 9689
f 9613 9689 9612
f 9553 9554 9664
f 9614 9687 9688
f 9614 9688 9613
f 9552 9553 9664
f 9552 9664 9665
f 9615 9686 9687
f 9615 9687 9614
f 9616 9686 9615
f 9551 9552 9665
f 9550 9551 9665
f 9550 9665 9666
f 9549 9550 9666
f 9549 9666 9667
f 9548 9549 9667
f 9547 9667 9668
f 9547 9548 9667
f 9546 9547 9668
f 9546 9686 9616
f 9546 9668 9669
f 9546 9669 9670
f 9546 9670 9671
f 9546 9671 9672
f 9546 9672 9673
f 9546 9673 9674
f 9546 9674 9675
f 9546 9675 9676
f 9546 9676 9677
f 9546 9677 9678
f 9546 9678 9679
f 9546 9679 9680
f 9546 9680 9681
f 9546 9681 9682
f 9546 9682 9683
f 9546 9683 9684
f 9546 9684 9685
f 9546 9685 9686
f 9533 9634 9635
f 9533 9635 9636
f 9533 9636 9637
f 9533 9637 9638
f 9533 9638 9639
f 9533 9639 9640
f 9533 9640 9641
f 9533 9641 9642
f 9533 9642 9643
f 9533 9643 9644
f 9533 9644 9645
f 9533 9645 9646
f 9533 9646 9647
f 9810 9628 9629
f 9809 9810 9629
f 9809 9629 9630
f 9808 9809 9630
f 9811 9628 9810
f 9807 9808 9630
f 9807 9630 9631
f 9812 9628 9811
f 9812 9627 9628
f 9813 9627 9812
f 9806 9807 9631
f 9805 9806 9631
f 9805 9631 9632
f 9814 9627 9813
f 9814 9626 9627
f 9804 9632 9633
f 9804 9805 9632
f 9815 9626 9814
f 9803 9804 9633
f 9816 9626 9815
f 9816 9625 9626
f 9802 9633 9634
f 9802 9803 9633
f 9817 9625 9816
f 9801 9802 9634
f 9801 9634 9533
f 9818 9625 9817
f 9800 9801 9533
f 9819 9625 9818
f 9799 9800 9533
f 9736 9625 9819
f 9798 9799 9533
f 9737 9625 9736
f 9797 9798 9533
f 9738 9625 9737
f 9796 9797 9533
f 9739 9625 9738
f 9795 9796 9533
f 9740 9625 9739
f 9740 9624 9625
f 9794 9795 9533
f 9741 9624 9740
f 9793 9794 9533
f 9742 9624 9741
f 9792 9793 9533
f 9743 9624 9742
f 9791 9792 9533
f 9744 9624 9743
f 9790 9791 9533
f 9745 9624 9744
f 9789 9790 9533
f 9746 9624 9745
f 9788 9789 9533
f 9747 9624 9746
f 9787 9788 9533
f 9748 9624 9747
f 9749 9624 9748
f 9786 9787 9533
f 9750 9624 9749
f 9751 9624 9750
f 9751 9623 9624
f 9752 9623 9751
f 9752 9622 9623
f 9753 9622 9752
f 9534 9533 9532
f 9534 9786 9533
f 9534 9776 9777
f 9534 9777 9778
f 9534 9778 9779
f 9534 9779 9780
f 9534 9780 9781
f 9534 9781 9782
f 9534 9782 9783
f 9534 9783 9784
f 9534 9784 9785
f 9534 9785 9786
f 9535 9776 9534
f 9535 9774 9775
f 9535 9775 9776
f 9536 9774 9535
f 9536 9773 9774
f 9537 9772 9773
f 9537 9773 9536
f 9545 9753 9754
f 9545 9754 9755
f 9545 9755 9756
f 9545 9756 9757
f 9545 9757 9758
f 9545 9758 9759
f 9545 9759 9760
f 9545 9760 9761
f 9545 9761 9762
f 9545 9762 9763
f 9545 9763 9764
f 9545 9546 9616
f 9545 9622 9753
f 9545 9616 9617
f 9545 9617 9618
f 9545 9618 9619
f 9545 9619 9620
f 9545 9620 9621
f 9545 9621 9622
f 9538 9771 9772
f 9538 9772 9537
f 9544 9764 9765
f 9544 9545 9764
f 9539 9770 9771
f 9539 9771 9538
f 9543 9544 9765
f 9543 9765 9766
f 9543 9766 9767
f 9540 9770 9539
f 9540 9769 9770
f 9542 9767 9768
f 9542 9543 9767
f 9541 9768 9769
f 9541 9769 9540
f 9541 9542 9768
f 9557 9558 9559
f 9557 9559 9560
f 9581 9582 9583
f 9581 9583 9584
f 9581 9584 9585
f 9581 9585 9586
f 9581 9586 9587
f 9651 9533 9650
f 9650 9533 9649
f 9649 9533 9648
f 9648 9533 9647
f 9838 9840 9839
f 9837 9840 9838
f 9836 9841 9840
f 9836 9840 9837
f 9835 9842 9841
f 9835 9843 9842
f 9835 9841 9836
f 9834 9844 9843
f 9834 9843 9835
f 9833 9844 9834
f 9832 9845 9844
f 9832 9846 9845
f 9832 9844 9833
f 9831 9846 9832
f 9830 9847 9846
f 9830 9846 9831
f 9829 9848 9847
f 9829 9847 9830
f 9828 9849 9848
f 9828 9848 9829
f 9827 9850 9849
f 9827 9849 9828
f 9826 9851 9850
f 9826 9852 9851
f 9826 9850 9827
f 9825 9853 9852
f 9825 9852 9826
f 9824 9853 9825
f 9823 9853 9824
f 9823 9854 9853
f 9822 9854 9823
f 9822 9855 9854
f 9821 9855 9822
f 9821 9856 9855
f 9820 9856 9821
f 9820 9857 9856
f 9977 9859 9858
f 10093 10094 9858
f 10095 9858 10094
f 10092 10093 9858
f 10091 10092 9858
f 10096 9977 9858
f 10096 9858 10095
f 10090 10091 9858
f 10097 9977 10096
f 9868 9858 9867
f 9866 9867 9858
f 9869 9858 9868
f 10089 10090 9858
f 10098 9977 10097
f 9865 9866 9858
f 9870 9858 9869
f 10088 10089 9858
f 10099 9977 10098
f 9864 9865 9858
f 10100 9977 10099
f 10087 10088 9858
f 9871 9858 9870
f 10086 10087 9858
f 10101 9977 10100
f 9872 9858 9871
f 10085 10086 9858
f 10102 9977 10101
f 9873 9858 9872
f 10084 10085 9858
f 10103 9977 10102
f 10083 10084 9858
f 10104 9977 10103
f 9874 9858 9873
f 10082 10083 9858
f 10105 9977 10104
f 9875 9858 9874
f 10081 10082 9858
f 10106 9976 9977
f 10106 9977 10105
f 10107 9976 10106
f 9876 9858 9875
f 10108 9975 9976
f 10108 9976 10107
f 10109 9974 9975
f 10109 9975 10108
f 9877 10080 10081
f 9877 10081 9858
f 9877 9858 9876
f 10110 9973 9974
f 10110 9974 10109
f 9878 10078 10079
f 9878 10079 10080
f 9878 10080 9877
f 10111 9972 9973
f 10111 9973 10110
f 10112 9972 10111
f 10112 9971 9972
f 9879 10077 10078
f 9879 10078 9878
f 10113 9971 10112
f 9970 9971 10113
f 10114 9970 10113
f 9880 10077 9879
f 9880 10075 10076
f 9880 10076 10077
f 9969 9970 10114
f 9969 10114 10115
f 9881 10073 10074
f 9881 10074 10075
f 9881 10075 9880
f 9968 9969 10115
f 9968 10115 10116
f 9968 10116 10117
f 9882 10073 9881
f 9882 10072 10073
f 9883 10070 10071
f 9883 10071 10072
f 9883 10072 9882
f 9967 9968 10117
f 9967 10117 10118
f 9884 10068 10069
f 9884 10069 10070
f 9884 10070 9883
f 9966 9967 10118
f 9966 10118 10119
f 9966 10119 10120
f 9966 10120 10121
f 9966 10121 10122
f 10123 9966 10122
f 10124 9966 10123
f 9885 10066 10067
f 9885 10067 10068
f 9885 10068 9884
f 10125 9966 10124
f 10126 9966 10125
f 10127 9966 10126
f 9886 10062 10063
f 9886 10063 10064
f 9886 10064 10065
f 9886 10065 10066
f 9886 10066 9885
f 9886 10144 10145
f 9886 10145 10062
f 10143 10144 9886
f 10128 9966 10127
f 10142 10143 9886
f 10129 9966 10128
f 9887 10131 10132
f 9887 10132 10133
f 9887 10133 10134
f 9887 10134 10135
f 9887 10135 10136
f 9887 10136 10137
f 9887 10137 10138
f 9887 10138 10139
f 9887 10139 10140
f 9887 10140 10141
f 9887 10141 10142
f 9887 10142 9886
f 9888 10131 9887
f 9888 10130 10131
f 9889 9966 10129
f 9889 10130 9888
f 9889 10129 10130
f 9890 9966 9889
f 9891 9966 9890
f 9892 9966 9891
f 9893 9966 9892
f 9894 9966 9893
f 9895 9966 9894
f 10009 10010 9906
f 10011 9906 10010
f 10008 10009 9906
f 10007 10008 9906
f 10012 9906 10011
f 10006 10007 9906
f 10013 9906 10012
f 10014 9906 10013
f 10005 10006 9906
f 10004 10005 9906
f 10015 9906 10014
f 10015 9905 9906
f 10016 9905 10015
f 10016 9904 9905
f 10003 10004 9906
f 10002 10003 9906
f 10002 9906 9907
f 10017 9904 10016
f 10001 10002 9907
f 10018 9903 9904
f 10018 9904 10017
f 10000 10001 9907
f 10019 9902 9903
f 10019 9903 10018
f 9999 10000 9907
f 10020 9902 10019
f 9998 9999 9907
f 10021 9901 9902
f 10021 9902 10020
f 10022 9900 9901
f 10022 9901 10021
f 9997 9998 9907
f 9996 9997 9907
f 10023 9899 9900
f 10023 9900 10022
f 9995 9996 9907
f 10024 9899 10023
f 9994 9995 9907
f 10025 9898 9899
f 10025 9899 10024
f 9993 9994 9907
f 10026 9897 9898
f 10026 9898 10025
f 9992 9993 9907
f 10027 9897 10026
f 10027 9896 9897
f 10028 9895 9896
f 10028 9896 10027
f 9991 9992 9907
f 9990 9991 9907
f 9989 9990 9907
f 9988 9989 9907
f 9988 9907 9908
f 9987 9988 9908
f 9987 9908 9909
f 9986 9987 9909
f 9985 9986 9909
f 9985 9909 9910
f 9965 9966 9895
f 9965 10028 10029
f 9965 10029 10030
f 9965 10030 10031
f 9965 10031 10032
f 9965 10032 10033
f 9965 10033 10034
f 9965 10034 10035
f 9965 10035 10036
f 9965 10036 10037
f 9965 10037 10038
f 9965 10038 10039
f 9965 10039 10040
f 9965 10040 10041
f 9965 10041 10042
f 9965 10042 10043
f 9965 10043 10044
f 9965 10044 10045
f 9965 10045 10046
f 9965 9895 10028
f 9964 9965 10046
f 9964 10046 10047
f 9963 9964 10047
f 9962 10047 10048
f 9962 9963 10047
f 9930 9979 9980
f 9930 9980 9981
f 9930 9981 9982
f 9930 9982 9983
f 9930 9983 9984
f 9930 9984 9985
f 9930 9985 9910
f 9930 9910 9911
f 9930 9911 9912
f 9930 9912 9913
f 9930 9913 9914
f 9930 9914 9915
f 9930 9915 9916
f 9930 9916 9917
f 9930 9917 9918
f 9930 9918 9919
f 9930 9919 9920
f 9930 9920 9921
f 9930 9921 9922
f 9930 9922 9923
f 9930 9923 9924
f 9931 9979 9930
f 9931 9978 9979
f 9961 9962 10048
f 9961 10048 10049
f 9932 10061 9978
f 9932 9978 9931
f 9960 9961 10049
f 9933 10059 10060
f 9933 10060 10061
f 9933 10061 9932
f 9959 9960 10049
f 9959 10049 10050
f 9934 10059 9933
f 9934 10058 10059
f 9958 9959 10050
f 9935 10058 9934
f 9957 9958 10050
f 9957 10050 10051
f 9956 9957 10051
f 9955 9956 10051
f 9955 10051 10052
f 9954 10058 9935
f 9954 9955 10052
f 9954 9935 9936
f 9954 9936 9937
f 9954 9937 9938
f 9954 10052 10053
f 9954 10053 10054
f 9954 10054 10055
f 9954 10055 10056
f 9954 10056 10057
f 9954 10057 10058
f 9939 9954 9938
f 9940 9954 9939
f 9941 9954 9940
f 9942 9954 9941
f 9943 9954 9942
f 9944 9954 9943
f 9945 9954 9944
f 9946 9954 9945
f 9947 9954 9946
f 9948 9954 9947
f 9949 9954 9948
f 9950 9954 9949
f 9951 9954 9950
f 9858 9860 9861
f 9858 9861 9862
f 9858 9862 9863
f 9858 9863 9864
f 9929 9930 9928
f 9928 9930 9927
f 9927 9930 9926
f 9926 9930 9925
f 9925 9930 9924
f 9953 9954 9952
f 9952 9954 9951
f 10160 10146 10147
f 10160 10159 10146
f 10161 10147 10148
f 10161 10160 10147
f 10162 10148 10149
f 10162 10161 10148
f 10163 10149 10150
f 10163 10162 10149
f 10164 10150 10151
f 10164 10163 10150
f 10165 10151 10152
f 10165 10164 10151
f 10166 10152 10153
f 10166 10165 10152
f 10167 10153 10154
f 10167 10166 10153
f 10168 10154 10155
f 10168 10167 10154
f 10169 10155 10156
f 10169 10168 10155
f 10158 10156 10157
f 10158 10169 10156
f 10174 10176 10175
f 10173 10176 10174
f 10172 10177 10176
f 10172 10176 10173
f 10171 10178 10177
f 10171 10179 10178
f 10171 10177 10172
f 10170 10179 10171
f 10191 10192 10193
f 10191 10193 10203
f 10190 10203 10202
f 10190 10191 10203
f 10189 10202 10201
f 10189 10190 10202
f 10188 10201 10200
f 10188 10189 10201
f 10187 10200 10199
f 10187 10188 10200
f 10186 10199 10198
f 10186 10187 10199
f 10185 10198 10197
f 10185 10186 10198
f 10184 10197 10196
f 10184 10185 10197
f 10183 10196 10195
f 10183 10184 10196
f 10182 10195 10194
f 10182 10183 10195
f 10181 10194 10180
f 10181 10182 10194
f 10215 10216 10217
f 10215 10227 10226
f 10215 10217 10227
f 10214 10226 10225
f 10214 10215 10226
f 10213 10225 10224
f 10213 10214 10225
f 10212 10224 10223
f 10212 10213 10224
f 10211 10223 10222
f 10211 10212 10223
f 10210 10222 10221
f 10210 10211 10222
f 10209 10221 10220
f 10209 10210 10221
f 10208 10209 10220
f 10207 10220 10219
f 10207 10208 10220
f 10206 10219 10218
f 10206 10207 10219
f 10204 10218 10205
f 10204 10206 10218
f 10241 10239 10238
f 10242 10238 10237
f 10242 10241 10238
f 10243 10237 10236
f 10243 10242 10237
f 10244 10236 10235
f 10244 10243 10236
f 10245 10235 10234
f 10245 10244 10235
f 10246 10234 10233
f 10246 10245 10234
f 10247 10233 10232
f 10247 10246 10233
f 10248 10232 10231
f 10248 10247 10232
f 10249 10231 10230
f 10249 10248 10231
f 10250 10230 10229
f 10250 10249 10230
f 10251 10250 10229
f 10240 10229 10228
f 10240 10251 10229
f 10266 10252 10253
f 10266 10265 10252
f 10267 10253 10254
f 10267 10266 10253
f 10268 10254 10255
f 10268 10267 10254
f 10269 10255 10256
f 10269 10268 10255
f 10270 10256 10257
f 10270 10269 10256
f 10271 10257 10258
f 10271 10270 10257
f 10272 10258 10259
f 10272 10271 10258
f 10273 10259 10260
f 10273 10272 10259
f 10274 10260 10261
f 10274 10273 10260
f 10275 10261 10262
f 10275 10274 10261
f 10264 10262 10263
f 10264 10275 10262
f 10277 10278 10279
f 10277 10279 10276
f 10283 10280 10281
f 10283 10281 10282
f 10325 10327 10326
f 10325 10328 10327
f 10324 10329 10328
f 10324 10328 10325
f 10323 10330 10329
f 10323 10329 10324
f 10322 10330 10323
f 10322 10331 10330
f 10321 10331 10322
f 10321 10332 10331
f 10320 10332 10321
f 10320 10333 10332
f 10319 10333 10320
f 10319 10334 10333
f 10318 10334 10319
f 10318 10335 10334
f 10317 10335 10318
f 10317 10336 10335
f 10316 10336 10317
f 10316 10337 10336
f 10315 10337 10316
f 10315 10338 10337
f 10314 10338 10315
f 10314 10339 10338
f 10313 10339 10314
f 10313 10340 10339
f 10312 10340 10313
f 10312 10341 10340
f 10311 10341 10312
f 10311 10342 10341
f 10310 10342 10311
f 10310 10343 10342
f 10309 10344 10343
f 10309 10343 10310
f 10308 10345 10344
f 10308 10344 10309
f 10307 10346 10345
f 10307 10345 10308
f 10306 10347 10346
f 10306 10346 10307
f 10305 10348 10347
f 10305 10347 10306
f 10304 10349 10348
f 10304 10348 10305
f 10303 10350 10349
f 10303 10349 10304
f 10302 10351 10350
f 10302 10350 10303
f 10301 10352 10351
f 10301 10351 10302
f 10300 10353 10352
f 10300 10352 10301
f 10299 10354 10353
f 10299 10353 10300
f 10298 10355 10354
f 10298 10356 10355
f 10298 10354 10299
f 10297 10356 10298
f 10296 10356 10297
f 10296 10357 10356
f 10295 10357 10296
f 10295 10358 10357
f 10295 10359 10358
f 10294 10359 10295
f 10293 10359 10294
f 10293 10360 10359
f 10292 10360 10293
f 10292 10361 10360
f 10291 10361 10292
f 10291 10362 10361
f 10290 10362 10291
f 10290 10363 10362
f 10289 10363 10290
f 10289 10364 10363
f 10289 10365 10364
f 10288 10365 10289
f 10288 10366 10365
f 10287 10366 10288
f 10286 10366 10287
f 10286 10367 10366
f 10285 10367 10286
f 10285 10368 10367
f 10284 10368 10285
f 10284 10369 10368
f 10370 10371 10372
f 10399 10372 10373
f 10399 10370 10372
f 10400 10373 10374
f 10400 10399 10373
f 10401 10374 10375
f 10401 10400 10374
f 10402 10375 10376
f 10402 10401 10375
f 10403 10376 10377
f 10403 10402 10376
f 10404 10377 10378
f 10404 10403 10377
f 10405 10378 10379
f 10405 10404 10378
f 10406 10379 10380
f 10406 10380 10381
f 10406 10405 10379
f 10407 10381 10382
f 10407 10406 10381
f 10408 10382 10383
f 10408 10407 10382
f 10409 10383 10384
f 10409 10408 10383
f 10410 10409 10384
f 10410 10384 10385
f 10410 10385 10386
f 10411 10410 10386
f 10411 10386 10387
f 10412 10411 10387
f 10412 10387 10388
f 10413 10388 10389
f 10413 10412 10388
f 10414 10389 10390
f 10414 10413 10389
f 10414 10390 10391
f 10415 10391 10392
f 10415 10392 10393
f 10415 10414 10391
f 10416 10393 10397
f 10416 10415 10393
f 10417 10397 10396
f 10417 10416 10397
f 10418 10396 10395
f 10418 10417 10396
f 10398 10395 10394
f 10398 10418 10395
f 10422 10420 10419
f 10421 10422 10419
f 10423 10448 10447
f 10423 10449 10448
f 10423 10450 10449
f 10423 10451 10450
f 10423 10452 10451
f 10423 10453 10452
f 10423 10454 10453
f 10423 10455 10454
f 10423 10456 10455
f 10423 10457 10456
f 10423 10458 10457
f 10423 10459 10458
f 10423 10460 10459
f 10423 10461 10460
f 10423 10462 10461
f 10423 10463 10462
f 10423 10464 10463
f 10423 10465 10464
f 10423 10466 10465
f 10424 10423 10447
f 10426 10425 10424
f 10427 10426 10424
f 10446 10424 10447
f 10445 10424 10446
f 10428 10427 10424
f 10444 10424 10445
f 10443 10424 10444
f 10429 10428 10424
f 10442 10424 10443
f 10430 10429 10424
f 10441 10424 10442
f 10431 10430 10424
f 10440 10424 10441
f 10432 10431 10424
f 10439 10424 10440
f 10433 10432 10424
f 10438 10424 10439
f 10434 10433 10424
f 10437 10424 10438
f 10435 10434 10424
f 10436 10424 10437
f 10436 10435 10424
f 10492 10494 10493
f 10492 10517 10518
f 10492 10518 10494
f 10491 10516 10517
f 10491 10517 10492
f 10490 10515 10516
f 10490 10516 10491
f 10489 10514 10515
f 10489 10515 10490
f 10488 10513 10514
f 10488 10514 10489
f 10487 10512 10513
f 10487 10513 10488
f 10486 10511 10512
f 10486 10512 10487
f 10485 10510 10511
f 10485 10511 10486
f 10484 10509 10510
f 10484 10510 10485
f 10483 10508 10509
f 10483 10509 10484
f 10482 10508 10483
f 10482 10507 10508
f 10481 10507 10482
f 10481 10506 10507
f 10480 10506 10481
f 10480 10505 10506
f 10479 10505 10480
f 10479 10504 10505
f 10478 10504 10479
f 10478 10503 10504
f 10477 10503 10478
f 10477 10502 10503
f 10476 10502 10477
f 10476 10501 10502
f 10475 10501 10476
f 10475 10500 10501
f 10474 10500 10475
f 10474 10499 10500
f 10473 10498 10499
f 10473 10499 10474
f 10472 10497 10498
f 10472 10498 10473
f 10471 10496 10497
f 10471 10497 10472
f 10470 10495 10496
f 10470 10496 10471
f 10469 10468 10495
f 10469 10495 10470
f 10467 10468 10469
f 10570 10520 10519
f 10570 10521 10520
f 10569 10522 10521
f 10569 10521 10570
f 10568 10523 10522
f 10568 10522 10569
f 10567 10524 10523
f 10567 10523 10568
f 10566 10525 10524
f 10566 10524 10567
f 10565 10526 10525
f 10565 10525 10566
f 10564 10527 10526
f 10564 10526 10565
f 10563 10528 10527
f 10563 10527 10564
f 10562 10529 10528
f 10562 10528 10563
f 10561 10530 10529
f 10561 10529 10562
f 10560 10530 10561
f 10560 10531 10530
f 10559 10531 10560
f 10559 10532 10531
f 10558 10532 10559
f 10558 10533 10532
f 10557 10533 10558
f 10557 10534 10533
f 10556 10534 10557
f 10556 10535 10534
f 10555 10536 10535
f 10555 10535 10556
f 10554 10537 10536
f 10554 10536 10555
f 10553 10538 10537
f 10553 10537 10554
f 10552 10539 10538
f 10552 10538 10553
f 10551 10540 10539
f 10551 10539 10552
f 10550 10541 10540
f 10550 10540 10551
f 10549 10542 10541
f 10549 10541 10550
f 10548 10543 10542
f 10548 10542 10549
f 10547 10544 10543
f 10547 10543 10548
f 10546 10545 10544
f 10546 10544 10547
f 10592 10572 10593
f 10589 10591 10590
f 10589 10592 10591
f 10587 10589 10588
f 10587 10592 10589
f 10585 10587 10586
f 10585 10592 10587
f 10581 10583 10582
f 10581 10584 10583
f 10581 10585 10584
f 10580 10585 10581
f 10577 10579 10578
f 10577 10580 10579
f 10575 10577 10576
f 10575 10580 10577
f 10573 10592 10585
f 10573 10571 10572
f 10573 10575 10574
f 10573 10585 10580
f 10573 10580 10575
f 10573 10572 10592
f 10645 10571 10573
f 10594 10634 10635
f 10594 10635 10636
f 10594 10636 10637
f 10594 10637 10638
f 10594 10638 10639
f 10594 10639 10640
f 10594 10640 10641
f 10594 10641 10642
f 10594 10642 10643
f 10594 10643 10644
f 10594 10644 10645
f 10594 10645 10573
f 10595 10634 10594
f 10595 10632 10633
f 10595 10633 10634
f 10596 10632 10595
f 10596 10630 10631
f 10596 10631 10632
f 10597 10630 10596
f 10597 10629 10630
f 10598 10629 10597
f 10628 10629 10598
f 10599 10628 10598
f 10627 10628 10599
f 10626 10599 10600
f 10626 10627 10599
f 10625 10600 10601
f 10625 10626 10600
f 10624 10601 10602
f 10624 10625 10601
f 10623 10602 10603
f 10623 10624 10602
f 10622 10603 10604
f 10622 10604 10605
f 10622 10623 10603
f 10621 10605 10606
f 10621 10622 10605
f 10620 10621 10606
f 10620 10606 10607
f 10620 10607 10608
f 10620 10608 10609
f 10620 10609 10610
f 10611 10620 10610
f 10612 10620 10611
f 10613 10620 10612
f 10614 10620 10613
f 10615 10620 10614
f 10616 10620 10615
f 10617 10620 10616
f 10619 10620 10618
f 10618 10620 10617
f 10663 10664 10665
f 10663 10665 10666
f 10662 10666 10667
f 10662 10663 10666
f 10661 10667 10668
f 10661 10662 10667
f 10660 10668 10669
f 10660 10661 10668
f 10659 10669 10670
f 10659 10660 10669
f 10658 10670 10671
f 10658 10659 10670
f 10657 10671 10672
f 10657 10658 10671
f 10656 10672 10673
f 10656 10657 10672
f 10655 10673 10674
f 10655 10656 10673
f 10654 10674 10675
f 10654 10655 10674
f 10653 10675 10676
f 10653 10654 10675
f 10652 10676 10677
f 10652 10653 10676
f 10651 10677 10678
f 10651 10652 10677
f 10650 10678 10679
f 10650 10679 10680
f 10650 10651 10678
f 10649 10650 10680
f 10648 10680 10681
f 10648 10649 10680
f 10647 10648 10681
f 10647 10681 10682
f 10646 10647 10682
f 10646 10682 10683
f 10684 10687 10686
f 10684 10685 10687
f 10706 10707 10708
f 10705 10708 10709
f 10705 10706 10708
f 10704 10709 10710
f 10704 10705 10709
f 10703 10710 10711
f 10703 10704 10710
f 10702 10711 10712
f 10702 10703 10711
f 10701 10712 10713
f 10701 10702 10712
f 10700 10713 10714
f 10700 10701 10713
f 10699 10714 10715
f 10699 10700 10714
f 10698 10715 10716
f 10698 10699 10715
f 10697 10716 10717
f 10697 10698 10716
f 10696 10717 10718
f 10696 10697 10717
f 10695 10718 10719
f 10695 10696 10718
f 10694 10719 10720
f 10694 10695 10719
f 10693 10694 10720
f 10692 10720 10721
f 10692 10721 10722
f 10692 10693 10720
f 10691 10692 10722
f 10690 10722 10723
f 10690 10723 10724
f 10690 10691 10722
f 10689 10690 10724
f 10689 10724 10725
f 10688 10689 10725
f 10729 10728 10727
f 10732 10730 10729
f 10732 10731 10730
f 10734 10733 10732
f 10734 10732 10729
f 10736 10735 10734
f 10738 10737 10736
f 10738 10736 10734
f 10740 10739 10738
f 10741 10740 10738
f 10745 10742 10741
f 10745 10743 10742
f 10745 10744 10743
f 10747 10738 10734
f 10747 10741 10738
f 10747 10745 10741
f 10747 10746 10745
f 10748 10727 10726
f 10748 10747 10734
f 10748 10729 10727
f 10748 10734 10729
f 10776 10748 10726
f 10749 10776 10777
f 10749 10777 10778
f 10749 10778 10779
f 10749 10779 10780
f 10749 10780 10781
f 10749 10781 10782
f 10749 10782 10783
f 10749 10783 10784
f 10749 10784 10785
f 10749 10785 10786
f 10749 10786 10787
f 10749 10748 10776
f 10774 10749 10787
f 10774 10787 10788
f 10774 10788 10789
f 10773 10774 10789
f 10773 10789 10790
f 10773 10790 10791
f 10772 10773 10791
f 10772 10791 10792
f 10771 10772 10792
f 10793 10771 10792
f 10770 10771 10793
f 10794 10770 10793
f 10795 10769 10770
f 10795 10770 10794
f 10796 10768 10769
f 10796 10769 10795
f 10797 10767 10768
f 10797 10768 10796
f 10798 10766 10767
f 10798 10767 10797
f 10799 10764 10765
f 10799 10765 10766
f 10799 10766 10798
f 10800 10763 10764
f 10800 10764 10799
f 10775 10763 10800
f 10775 10759 10760
f 10775 10760 10761
f 10775 10761 10762
f 10775 10762 10763
f 10758 10759 10775
f 10757 10758 10775
f 10756 10757 10775
f 10755 10756 10775
f 10754 10755 10775
f 10753 10754 10775
f 10752 10753 10775
f 10750 10751 10775
f 10751 10752 10775
f 10801 10802 10803
f 10801 10803 10804
f 10829 10805 10806
f 10829 10806 10807
f 10830 10807 10808
f 10830 10829 10807
f 10831 10808 10809
f 10831 10830 10808
f 10832 10809 10810
f 10832 10810 10811
f 10832 10831 10809
f 10833 10832 10811
f 10834 10811 10812
f 10834 10812 10813
f 10834 10833 10811
f 10835 10834 10813
f 10836 10813 10814
f 10836 10835 10813
f 10837 10814 10815
f 10837 10836 10814
f 10838 10815 10816
f 10838 10816 10817
f 10838 10837 10815
f 10839 10838 10817
f 10840 10817 10818
f 10840 10818 10819
f 10840 10839 10817
f 10841 10840 10819
f 10842 10841 10819
f 10842 10819 10820
f 10843 10842 10820
f 10843 10820 10821
f 10844 10843 10821
f 10844 10821 10822
f 10844 10822 10823
f 10845 10844 10823
f 10846 10845 10823
f 10846 10823 10824
f 10846 10824 10825
f 10847 10846 10825
f 10848 10825 10826
f 10848 10826 10827
f 10848 10847 10825
f 10828 10848 10827
f 10934 10850 10849
f 10934 10849 10892
f 10933 10934 10892
f 10933 10892 10891
f 10932 10933 10891
f 10932 10891 10890
f 10931 10932 10890
f 10931 10889 10888
f 10931 10890 10889
f 10930 10931 10888
f 10929 10930 10888
f 10929 10887 10886
f 10929 10888 10887
f 10928 10929 10886
f 10927 10928 10886
f 10927 10886 10885
f 10926 10927 10885
f 10926 10885 10884
f 10925 10926 10884
f 10925 10884 10883
f 10924 10882 10881
f 10924 10883 10882
f 10924 10925 10883
f 10923 10924 10881
f 10922 10881 10880
f 10922 10923 10881
f 10921 10880 10879
f 10921 10922 10880
f 10920 10879 10878
f 10920 10921 10879
f 10919 10878 10877
f 10919 10920 10878
f 10918 10877 10876
f 10918 10919 10877
f 10917 10876 10875
f 10917 10918 10876
f 10916 10875 10874
f 10916 10917 10875
f 10915 10874 10873
f 10915 10916 10874
f 10914 10873 10872
f 10914 10915 10873
f 10913 10872 10871
f 10913 10914 10872
f 10912 10871 10870
f 10912 10913 10871
f 10911 10870 10869
f 10911 10912 10870
f 10910 10869 10868
f 10910 10911 10869
f 10909 10868 10867
f 10909 10910 10868
f 10908 10867 10866
f 10908 10909 10867
f 10907 10908 10866
f 10907 10866 10865
f 10906 10907 10865
f 10906 10865 10864
f 10905 10906 10864
f 10905 10864 10863
f 10904 10863 10862
f 10904 10905 10863
f 10903 10862 10861
f 10903 10904 10862
f 10902 10861 10860
f 10902 10903 10861
f 10901 10859 10858
f 10901 10860 10859
f 10901 10902 10860
f 10900 10901 10858
f 10899 10857 10856
f 10899 10858 10857
f 10899 10900 10858
f 10898 10899 10856
f 10897 10855 10854
f 10897 10856 10855
f 10897 10898 10856
f 10896 10897 10854
f 10895 10853 10852
f 10895 10854 10853
f 10895 10896 10854
f 10894 10895 10852
f 10893 10852 10851
f 10893 10894 10852
f 11020 10936 10935
f 11020 10935 10978
f 11019 11020 10978
f 11019 10978 10977
f 11018 11019 10977
f 11018 10977 10976
f 11017 11018 10976
f 11017 10975 10974
f 11017 10976 10975
f 11016 11017 10974
f 11015 11016 10974
f 11015 10973 10972
f 11015 10974 10973
f 11014 11015 10972
f 11013 11014 10972
f 11013 10972 10971
f 11012 11013 10971
f 11012 10971 10970
f 11011 11012 10970
f 11011 10970 10969
f 11010 10968 10967
f 11010 10969 10968
f 11010 11011 10969
f 11009 11010 10967
f 11008 10967 10966
f 11008 11009 10967
f 11007 10966 10965
f 11007 11008 10966
f 11006 10965 10964
f 11006 11007 10965
f 11005 10964 10963
f 11005 11006 10964
f 11004 10963 10962
f 11004 11005 10963
f 11003 10962 10961
f 11003 11004 10962
f 11002 10961 10960
f 11002 11003 10961
f 11001 10960 10959
f 11001 11002 10960
f 11000 10959 10958
f 11000 11001 10959
f 10999 10958 10957
f 10999 11000 10958
f 10998 10957 10956
f 10998 10999 10957
f 10997 10956 10955
f 10997 10998 10956
f 10996 10955 10954
f 10996 10997 10955
f 10995 10954 10953
f 10995 10996 10954
f 10994 10953 10952
f 10994 10995 10953
f 10993 10994 10952
f 10993 10952 10951
f 10992 10993 10951
f 10992 10951 10950
f 10991 10992 10950
f 10991 10950 10949
f 10990 10949 10948
f 10990 10991 10949
f 10989 10948 10947
f 10989 10990 10948
f 10988 10947 10946
f 10988 10989 10947
f 10987 10945 10944
f 10987 10946 10945
f 10987 10988 10946
f 10986 10987 10944
f 10985 10943 10942
f 10985 10944 10943
f 10985 10986 10944
f 10984 10985 10942
f 10983 10941 10940
f 10983 10942 10941
f 10983 10984 10942
f 10982 10983 10940
f 10981 10939 10938
f 10981 10940 10939
f 10981 10982 10940
f 10980 10981 10938
f 10979 10938 10937
f 10979 10980 10938
f 11059 11040 11039
f 11059 11060 11040
f 11058 11039 11038
f 11058 11059 11039
f 11057 11038 11037
f 11057 11058 11038
f 11056 11037 11036
f 11056 11057 11037
f 11055 11036 11035
f 11055 11056 11036
f 11054 11035 11034
f 11054 11055 11035
f 11053 11034 11033
f 11053 11054 11034
f 11052 11033 11032
f 11052 11053 11033
f 11051 11031 11030
f 11051 11032 11031
f 11051 11052 11032
f 11050 11051 11030
f 11049 11030 11029
f 11049 11050 11030
f 11048 11029 11028
f 11048 11049 11029
f 11047 11028 11027
f 11047 11048 11028
f 11046 11047 11027
f 11046 11026 11025
f 11046 11027 11026
f 11045 11046 11025
f 11044 11025 11024
f 11044 11045 11025
f 11043 11044 11024
f 11043 11024 11023
f 11042 11023 11022
f 11042 11043 11023
f 11041 11022 11021
f 11041 11042 11022
f 11100 11062 11061
f 11099 11063 11062
f 11099 11062 11100
f 11098 11064 11063
f 11098 11063 11099
f 11097 11065 11064
f 11097 11064 11098
f 11096 11066 11065
f 11096 11065 11097
f 11095 11067 11066
f 11095 11066 11096
f 11094 11068 11067
f 11094 11067 11095
f 11093 11069 11068
f 11093 11068 11094
f 11092 11070 11069
f 11092 11069 11093
f 11091 11071 11070
f 11091 11070 11092
f 11090 11072 11071
f 11090 11071 11091
f 11089 11073 11072
f 11089 11072 11090
f 11088 11074 11073
f 11088 11073 11089
f 11087 11075 11074
f 11087 11074 11088
f 11086 11075 11087
f 11086 11076 11075
f 11085 11076 11086
f 11084 11076 11085
f 11084 11077 11076
f 11083 11077 11084
f 11083 11078 11077
f 11082 11078 11083
f 11082 11079 11078
f 11082 11080 11079
f 11081 11080 11082
f 11103 11101 11102
f 11104 11101 11103
f 11126 11128 11127
f 11126 11129 11128
f 11125 11130 11129
f 11125 11129 11126
f 11124 11131 11130
f 11124 11130 11125
f 11123 11132 11131
f 11123 11133 11132
f 11123 11131 11124
f 11122 11134 11133
f 11122 11133 11123
f 11121 11135 11134
f 11121 11134 11122
f 11120 11136 11135
f 11120 11135 11121
f 11119 11137 11136
f 11119 11136 11120
f 11118 11138 11137
f 11118 11137 11119
f 11117 11139 11138
f 11117 11138 11118
f 11116 11140 11139
f 11116 11139 11117
f 11115 11141 11140
f 11115 11140 11116
f 11114 11141 11115
f 11114 11142 11141
f 11113 11142 11114
f 11113 11143 11142
f 11112 11143 11113
f 11112 11144 11143
f 11111 11144 11112
f 11111 11145 11144
f 11110 11145 11111
f 11110 11146 11145
f 11109 11146 11110
f 11108 11146 11109
f 11108 11147 11146
f 11108 11148 11147
f 11107 11148 11108
f 11106 11148 11107
f 11106 11105 11148
f 11150 11152 11151
f 11150 11149 11152
f 11161 11163 11162
f 11160 11164 11163
f 11160 11163 11161
f 11159 11165 11164
f 11159 11164 11160
f 11158 11166 11165
f 11158 11165 11159
f 11157 11167 11166
f 11157 11166 11158
f 11156 11168 11167
f 11156 11167 11157
f 11155 11169 11168
f 11155 11168 11156
f 11154 11170 11169
f 11154 11169 11155
f 11153 11170 11154
f 11174 11173 11181
f 11174 11181 11182
f 11175 11182 11183
f 11175 11174 11182
f 11176 11183 11184
f 11176 11175 11183
f 11177 11184 11185
f 11177 11176 11184
f 11178 11185 11186
f 11178 11177 11185
f 11179 11186 11187
f 11179 11178 11186
f 11180 11187 11188
f 11180 11179 11187
f 11172 11188 11171
f 11172 11180 11188
f 11190 11189 11191
f 11192 11190 11191
f 11209 11201 11200
f 11209 11210 11201
f 11208 11200 11199
f 11208 11209 11200
f 11207 11199 11198
f 11207 11208 11199
f 11206 11198 11197
f 11206 11207 11198
f 11205 11197 11196
f 11205 11206 11197
f 11204 11196 11195
f 11204 11205 11196
f 11203 11195 11194
f 11203 11204 11195
f 11202 11194 11193
f 11202 11203 11194
f 11228 11212 11211
f 11227 11213 11212
f 11227 11212 11228
f 11226 11214 11213
f 11226 11213 11227
f 11225 11215 11214
f 11225 11214 11226
f 11224 11216 11215
f 11224 11215 11225
f 11223 11217 11216
f 11223 11216 11224
f 11222 11218 11217
f 11222 11217 11223
f 11221 11219 11218
f 11221 11218 11222
f 11220 11219 11221
f 11230 11232 11231
f 11230 11229 11232
f 11253 11255 11254
f 11253 11256 11255
f 11252 11257 11256
f 11252 11256 11253
f 11251 11258 11257
f 11251 11257 11252
f 11250 11259 11258
f 11250 11258 11251
f 11249 11260 11259
f 11249 11259 11250
f 11248 11261 11260
f 11248 11260 11249
f 11247 11262 11261
f 11247 11261 11248
f 11246 11263 11262
f 11246 11262 11247
f 11245 11264 11263
f 11245 11263 11246
f 11244 11265 11264
f 11244 11264 11245
f 11243 11266 11265
f 11243 11265 11244
f 11242 11267 11266
f 11242 11266 11243
f 11241 11267 11242
f 11241 11268 11267
f 11240 11268 11241
f 11240 11269 11268
f 11239 11269 11240
f 11239 11270 11269
f 11238 11270 11239
f 11238 11271 11270
f 11237 11271 11238
f 11237 11272 11271
f 11236 11272 11237
f 11236 11273 11272
f 11235 11273 11236
f 11235 11274 11273
f 11234 11274 11235
f 11234 11275 11274
f 11233 11275 11234
f 11233 11276 11275
f 11279 11278 11277
f 11279 11277 11280
f 11282 11283 11281
f 11320 11284 11283
f 11320 11283 11282
f 11319 11285 11284
f 11319 11284 11320
f 11318 11286 11285
f 11318 11285 11319
f 11317 11287 11286
f 11317 11286 11318
f 11316 11288 11287
f 11316 11287 11317
f 11315 11289 11288
f 11315 11288 11316
f 11314 11290 11289
f 11314 11289 11315
f 11313 11291 11290
f 11313 11290 11314
f 11312 11292 11291
f 11312 11291 11313
f 11311 11293 11292
f 11311 11292 11312
f 11310 11294 11293
f 11310 11293 11311
f 11309 11295 11294
f 11309 11294 11310
f 11308 11296 11295
f 11308 11295 11309
f 11307 11296 11308
f 11307 11297 11296
f 11306 11297 11307
f 11305 11297 11306
f 11305 11298 11297
f 11304 11298 11305
f 11304 11299 11298
f 11303 11299 11304
f 11303 11300 11299
f 11303 11301 11300
f 11302 11301 11303
f 11360 11340 11339
f 11359 11360 11339
f 11358 11339 11338
f 11358 11359 11339
f 11357 11338 11337
f 11357 11358 11338
f 11356 11337 11336
f 11356 11357 11337
f 11355 11336 11335
f 11355 11356 11336
f 11354 11335 11334
f 11354 11355 11335
f 11353 11334 11333
f 11353 11354 11334
f 11352 11333 11332
f 11352 11353 11333
f 11351 11332 11331
f 11351 11352 11332
f 11350 11331 11330
f 11350 11351 11331
f 11349 11330 11329
f 11349 11350 11330
f 11348 11329 11328
f 11348 11349 11329
f 11347 11328 11327
f 11347 11348 11328
f 11346 11347 11327
f 11346 11327 11326
f 11345 11325 11324
f 11345 11326 11325
f 11345 11346 11326
f 11344 11345 11324
f 11343 11324 11323
f 11343 11344 11324
f 11342 11323 11322
f 11342 11343 11323
f 11341 11322 11321
f 11341 11342 11322
f 11362 11363 11364
f 11362 11364 11361
f 11408 11366 11365
f 11408 11387 11366
f 11407 11386 11387
f 11407 11387 11408
f 11406 11385 11386
f 11406 11386 11407
f 11405 11384 11385
f 11405 11385 11406
f 11404 11383 11384
f 11404 11384 11405
f 11403 11382 11383
f 11403 11383 11404
f 11402 11380 11381
f 11402 11381 11382
f 11402 11382 11403
f 11401 11380 11402
f 11400 11379 11380
f 11400 11380 11401
f 11399 11377 11378
f 11399 11378 11379
f 11399 11379 11400
f 11398 11377 11399
f 11397 11376 11377
f 11397 11377 11398
f 11396 11376 11397
f 11396 11375 11376
f 11395 11375 11396
f 11395 11374 11375
f 11394 11372 11373
f 11394 11373 11374
f 11394 11374 11395
f 11393 11372 11394
f 11392 11371 11372
f 11392 11372 11393
f 11391 11370 11371
f 11391 11371 11392
f 11390 11369 11370
f 11390 11370 11391
f 11389 11368 11369
f 11389 11369 11390
f 11388 11367 11368
f 11388 11368 11389
f 11411 11410 11409
f 11411 11409 11412
f 11416 11436 11415
f 11416 11437 11436
f 11417 11438 11437
f 11417 11437 11416
f 11418 11439 11438
f 11418 11440 11439
f 11418 11438 11417
f 11419 11440 11418
f 11420 11441 11440
f 11420 11440 11419
f 11421 11442 11441
f 11421 11443 11442
f 11421 11441 11420
f 11422 11443 11421
f 11423 11444 11443
f 11423 11445 11444
f 11423 11443 11422
f 11424 11445 11423
f 11425 11446 11445
f 11425 11445 11424
f 11426 11447 11446
f 11426 11446 11425
f 11427 11448 11447
f 11427 11449 11448
f 11427 11447 11426
f 11428 11449 11427
f 11428 11450 11449
f 11429 11450 11428
f 11430 11450 11429
f 11430 11451 11450
f 11431 11451 11430
f 11431 11452 11451
f 11431 11453 11452
f 11432 11453 11431
f 11433 11453 11432
f 11433 11454 11453
f 11434 11454 11433
f 11434 11455 11454
f 11434 11456 11455
f 11435 11456 11434
f 11413 11456 11435
f 11413 11414 11456
f 11457 11460 11459
f 11457 11458 11460
f 11481 11483 11482
f 11481 11484 11483
f 11480 11485 11484
f 11480 11484 11481
f 11479 11486 11485
f 11479 11485 11480
f 11478 11487 11486
f 11478 11486 11479
f 11477 11488 11487
f 11477 11489 11488
f 11477 11487 11478
f 11476 11490 11489
f 11476 11489 11477
f 11475 11491 11490
f 11475 11490 11476
f 11474 11492 11491
f 11474 11491 11475
f 11473 11493 11492
f 11473 11492 11474
f 11472 11494 11493
f 11472 11493 11473
f 11471 11495 11494
f 11471 11494 11472
f 11470 11496 11495
f 11470 11495 11471
f 11469 11496 11470
f 11469 11497 11496
f 11468 11497 11469
f 11468 11498 11497
f 11467 11498 11468
f 11467 11499 11498
f 11466 11499 11467
f 11466 11500 11499
f 11465 11500 11466
f 11465 11501 11500
f 11464 11501 11465
f 11464 11502 11501
f 11463 11502 11464
f 11463 11503 11502
f 11462 11503 11463
f 11462 11504 11503
f 11461 11504 11462
f 11506 11508 11507
f 11506 11505 11508
f 11551 11510 11509
f 11551 11509 11552
f 11550 11511 11510
f 11550 11510 11551
f 11549 11512 11511
f 11549 11511 11550
f 11548 11513 11512
f 11548 11512 11549
f 11547 11514 11513
f 11547 11515 11514
f 11547 11513 11548
f 11546 11516 11515
f 11546 11515 11547
f 11545 11517 11516
f 11545 11516 11546
f 11544 11518 11517
f 11544 11517 11545
f 11543 11519 11518
f 11543 11518 11544
f 11542 11520 11519
f 11542 11519 11543
f 11541 11521 11520
f 11541 11520 11542
f 11540 11522 11521
f 11540 11521 11541
f 11539 11522 11540
f 11539 11523 11522
f 11538 11523 11539
f 11538 11524 11523
f 11537 11524 11538
f 11536 11524 11537
f 11536 11525 11524
f 11536 11526 11525
f 11535 11526 11536
f 11535 11527 11526
f 11534 11527 11535
f 11534 11528 11527
f 11533 11529 11528
f 11533 11528 11534
f 11532 11529 11533
f 11531 11530 11529
f 11531 11529 11532
f 11574 11575 11576
f 11574 11576 11577
f 11573 11577 11578
f 11573 11574 11577
f 11572 11578 11579
f 11572 11573 11578
f 11571 11579 11580
f 11571 11572 11579
f 11570 11580 11581
f 11570 11571 11580
f 11569 11581 11582
f 11569 11570 11581
f 11568 11582 11583
f 11568 11569 11582
f 11567 11583 11584
f 11567 11568 11583
f 11566 11584 11585
f 11566 11567 11584
f 11565 11585 11586
f 11565 11566 11585
f 11564 11586 11587
f 11564 11565 11586
f 11563 11587 11588
f 11563 11564 11587
f 11562 11563 11588
f 11562 11588 11589
f 11561 11562 11589
f 11561 11589 11590
f 11560 11561 11590
f 11560 11590 11591
f 11559 11560 11591
f 11559 11591 11592
f 11558 11559 11592
f 11558 11592 11593
f 11557 11558 11593
f 11557 11593 11594
f 11557 11594 11595
f 11556 11557 11595
f 11555 11556 11595
f 11555 11595 11596
f 11555 11596 11553
f 11554 11555 11553
f 11599 11597 11598
f 11599 11600 11597
f 11637 11638 11639
f 11636 11639 11640
f 11636 11637 11639
f 11635 11640 11641
f 11635 11636 11640
f 11634 11641 11642
f 11634 11635 11641
f 11633 11642 11643
f 11633 11634 11642
f 11632 11643 11644
f 11632 11633 11643
f 11631 11632 11644
f 11631 11644 11645
f 11630 11631 11645
f 11630 11645 11646
f 11629 11630 11646
f 11629 11646 11647
f 11628 11629 11647
f 11628 11647 11648
f 11627 11628 11648
f 11627 11648 11649
f 11626 11627 11649
f 11626 11649 11650
f 11625 11626 11650
f 11625 11650 11651
f 11624 11625 11651
f 11624 11651 11652
f 11623 11624 11652
f 11623 11652 11653
f 11622 11623 11653
f 11622 11653 11654
f 11621 11622 11654
f 11621 11654 11655
f 11620 11621 11655
f 11620 11655 11656
f 11619 11620 11656
f 11619 11656 11657
f 11618 11619 11657
f 11618 11657 11658
f 11617 11658 11659
f 11617 11618 11658
f 11616 11659 11660
f 11616 11617 11659
f 11615 11616 11660
f 11615 11660 11661
f 11614 11661 11662
f 11614 11615 11661
f 11613 11662 11663
f 11613 11614 11662
f 11612 11663 11664
f 11612 11613 11663
f 11611 11664 11665
f 11611 11612 11664
f 11610 11665 11666
f 11610 11611 11665
f 11609 11666 11667
f 11609 11610 11666
f 11608 11667 11668
f 11608 11609 11667
f 11607 11668 11669
f 11607 11608 11668
f 11606 11669 11670
f 11606 11607 11669
f 11605 11606 11670
f 11605 11670 11671
f 11604 11605 11671
f 11604 11671 11672
f 11603 11604 11672
f 11603 11672 11601
f 11602 11603 11601
f 11674 11676 11675
f 11674 11673 11676
f 11698 11699 11700
f 11697 11700 11701
f 11697 11698 11700
f 11696 11701 11702
f 11696 11697 11701
f 11695 11702 11703
f 11695 11696 11702
f 11694 11703 11704
f 11694 11695 11703
f 11693 11704 11705
f 11693 11694 11704
f 11692 11705 11706
f 11692 11693 11705
f 11691 11706 11707
f 11691 11692 11706
f 11690 11707 11708
f 11690 11691 11707
f 11689 11708 11709
f 11689 11690 11708
f 11688 11709 11710
f 11688 11689 11709
f 11687 11710 11711
f 11687 11688 11710
f 11686 11687 11711
f 11685 11686 11711
f 11685 11711 11712
f 11685 11712 11713
f 11684 11685 11713
f 11684 11713 11714
f 11683 11684 11714
f 11682 11683 11714
f 11682 11714 11715
f 11681 11682 11715
f 11681 11715 11716
f 11681 11716 11717
f 11680 11681 11717
f 11679 11680 11717
f 11679 11717 11718
f 11679 11718 11719
f 11678 11679 11719
f 11677 11678 11719
f 11677 11719 11720
f 11807 11765 11764
f 11807 11766 11765
f 11807 11767 11766
f 11808 11767 11807
f 11808 11768 11767
f 11808 11769 11768
f 11809 11721 11722
f 11809 11722 11723
f 11809 11723 11724
f 11809 11807 11764
f 11809 11764 11721
f 11810 11770 11769
f 11810 11771 11770
f 11810 11769 11808
f 11811 11724 11725
f 11811 11725 11726
f 11811 11809 11724
f 11811 11807 11809
f 11811 11808 11807
f 11812 11772 11771
f 11812 11773 11772
f 11812 11771 11810
f 11813 11808 11811
f 11813 11726 11727
f 11813 11727 11728
f 11813 11810 11808
f 11813 11811 11726
f 11814 11773 11812
f 11814 11774 11773
f 11814 11775 11774
f 11815 11728 11729
f 11815 11729 11730
f 11815 11812 11810
f 11815 11813 11728
f 11815 11810 11813
f 11816 11775 11814
f 11816 11776 11775
f 11816 11777 11776
f 11817 11730 11731
f 11817 11731 11732
f 11817 11814 11812
f 11817 11815 11730
f 11817 11812 11815
f 11818 11777 11816
f 11818 11778 11777
f 11818 11779 11778
f 11819 11732 11733
f 11819 11733 11734
f 11819 11816 11814
f 11819 11814 11817
f 11819 11817 11732
f 11820 11780 11779
f 11820 11781 11780
f 11820 11779 11818
f 11821 11734 11735
f 11821 11735 11736
f 11821 11816 11819
f 11821 11819 11734
f 11821 11818 11816
f 11822 11781 11820
f 11822 11782 11781
f 11822 11783 11782
f 11823 11821 11736
f 11823 11736 11737
f 11823 11737 11738
f 11823 11818 11821
f 11823 11820 11818
f 11824 11783 11822
f 11824 11784 11783
f 11824 11785 11784
f 11825 11820 11823
f 11825 11822 11820
f 11825 11738 11739
f 11825 11739 11740
f 11825 11823 11738
f 11826 11786 11785
f 11826 11787 11786
f 11826 11785 11824
f 11827 11740 11741
f 11827 11741 11742
f 11827 11822 11825
f 11827 11825 11740
f 11827 11824 11822
f 11828 11787 11826
f 11828 11788 11787
f 11828 11789 11788
f 11829 11742 11743
f 11829 11743 11744
f 11829 11824 11827
f 11829 11826 11824
f 11829 11827 11742
f 11830 11790 11789
f 11830 11791 11790
f 11830 11789 11828
f 11831 11826 11829
f 11831 11744 11745
f 11831 11745 11746
f 11831 11828 11826
f 11831 11829 11744
f 11832 11791 11830
f 11832 11792 11791
f 11832 11793 11792
f 11833 11830 11828
f 11833 11828 11831
f 11833 11831 11746
f 11833 11746 11747
f 11833 11747 11748
f 11834 11793 11832
f 11834 11794 11793
f 11834 11795 11794
f 11835 11832 11830
f 11835 11833 11748
f 11835 11830 11833
f 11835 11748 11749
f 11835 11749 11750
f 11835 11834 11832
f 11836 11796 11795
f 11836 11797 11796
f 11836 11795 11834
f 11837 11834 11835
f 11837 11835 11750
f 11837 11750 11751
f 11837 11751 11752
f 11838 11797 11836
f 11838 11798 11797
f 11838 11799 11798
f 11839 11838 11836
f 11839 11752 11753
f 11839 11753 11754
f 11839 11834 11837
f 11839 11837 11752
f 11839 11836 11834
f 11840 11799 11838
f 11840 11800 11799
f 11840 11801 11800
f 11841 11838 11839
f 11841 11839 11754
f 11841 11754 11755
f 11841 11755 11756
f 11842 11801 11840
f 11842 11802 11801
f 11842 11803 11802
f 11843 11838 11841
f 11843 11756 11757
f 11843 11757 11758
f 11843 11841 11756
f 11843 11840 11838
f 11844 11803 11842
f 11844 11804 11803
f 11844 11805 11804
f 11844 11806 11805
f 11845 11758 11759
f 11845 11759 11760
f 11845 11842 11840
f 11845 11843 11758
f 11845 11840 11843
f 11846 11760 11761
f 11846 11761 11762
f 11846 11762 11763
f 11846 11844 11842
f 11846 11845 11760
f 11846 11806 11844
f 11846 11842 11845
f 11846 11763 11806
f 11933 11891 11890
f 11933 11892 11891
f 11933 11893 11892
f 11934 11893 11933
f 11934 11894 11893
f 11934 11895 11894
f 11935 11847 11848
f 11935 11848 11849
f 11935 11849 11850
f 11935 11933 11890
f 11935 11890 11847
f 11936 11896 11895
f 11936 11897 11896
f 11936 11895 11934
f 11937 11850 11851
f 11937 11851 11852
f 11937 11935 11850
f 11937 11933 11935
f 11937 11934 11933
f 11938 11898 11897
f 11938 11899 11898
f 11938 11897 11936
f 11939 11934 11937
f 11939 11852 11853
f 11939 11853 11854
f 11939 11936 11934
f 11939 11937 11852
f 11940 11899 11938
f 11940 11900 11899
f 11940 11901 11900
f 11941 11854 11855
f 11941 11855 11856
f 11941 11938 11936
f 11941 11939 11854
f 11941 11936 11939
f 11942 11901 11940
f 11942 11902 11901
f 11942 11903 11902
f 11943 11856 11857
f 11943 11857 11858
f 11943 11940 11938
f 11943 11941 11856
f 11943 11938 11941
f 11944 11903 11942
f 11944 11904 11903
f 11944 11905 11904
f 11945 11858 11859
f 11945 11942 11940
f 11945 11859 11860
f 11945 11940 11943
f 11945 11943 11858
f 11945 11944 11942
f 11946 11906 11905
f 11946 11907 11906
f 11946 11905 11944
f 11947 11860 11861
f 11947 11861 11862
f 11947 11945 11860
f 11947 11944 11945
f 11948 11907 11946
f 11948 11908 11907
f 11948 11909 11908
f 11949 11947 11862
f 11949 11862 11863
f 11949 11863 11864
f 11949 11944 11947
f 11949 11946 11944
f 11950 11910 11909
f 11950 11911 11910
f 11950 11909 11948
f 11951 11864 11865
f 11951 11865 11866
f 11951 11949 11864
f 11951 11948 11946
f 11951 11946 11949
f 11952 11912 11911
f 11952 11913 11912
f 11952 11911 11950
f 11953 11948 11951
f 11953 11951 11866
f 11953 11866 11867
f 11953 11867 11868
f 11953 11952 11950
f 11953 11950 11948
f 11954 11913 11952
f 11954 11914 11913
f 11954 11915 11914
f 11955 11868 11869
f 11955 11869 11870
f 11955 11952 11953
f 11955 11953 11868
f 11956 11916 11915
f 11956 11917 11916
f 11956 11915 11954
f 11957 11870 11871
f 11957 11871 11872
f 11957 11955 11870
f 11957 11954 11952
f 11957 11952 11955
f 11957 11956 11954
f 11958 11917 11956
f 11958 11918 11917
f 11958 11919 11918
f 11959 11956 11957
f 11959 11872 11873
f 11959 11873 11874
f 11959 11957 11872
f 11960 11919 11958
f 11960 11920 11919
f 11960 11921 11920
f 11961 11956 11959
f 11961 11874 11875
f 11961 11875 11876
f 11961 11959 11874
f 11961 11958 11956
f 11962 11922 11921
f 11962 11923 11922
f 11962 11921 11960
f 11963 11961 11876
f 11963 11876 11877
f 11963 11877 11878
f 11963 11958 11961
f 11963 11960 11958
f 11964 11923 11962
f 11964 11924 11923
f 11964 11925 11924
f 11965 11962 11960
f 11965 11878 11879
f 11965 11879 11880
f 11965 11960 11963
f 11965 11963 11878
f 11965 11964 11962
f 11966 11925 11964
f 11966 11926 11925
f 11966 11927 11926
f 11967 11964 11965
f 11967 11880 11881
f 11967 11881 11882
f 11967 11965 11880
f 11968 11927 11966
f 11968 11928 11927
f 11968 11929 11928
f 11969 11882 11883
f 11969 11883 11884
f 11969 11964 11967
f 11969 11967 11882
f 11969 11966 11964
f 11970 11929 11968
f 11970 11930 11929
f 11970 11931 11930
f 11970 11932 11931
f 11971 11884 11885
f 11971 11885 11886
f 11971 11969 11884
f 11971 11968 11966
f 11971 11966 11969
f 11972 11886 11887
f 11972 11887 11888
f 11972 11888 11889
f 11972 11970 11968
f 11972 11932 11970
f 11972 11968 11971
f 11972 11889 11932
f 11972 11971 11886
f 12059 12056 12057
f 12059 12057 12058
f 12059 12058 12016
f 12060 12056 12059
f 12060 12054 12055
f 12060 12055 12056
f 12061 12059 12016
f 12061 12013 12012
f 12061 12014 12013
f 12061 12015 12014
f 12061 12016 12015
f 12062 12052 12053
f 12062 12053 12054
f 12062 12054 12060
f 12063 12011 12010
f 12063 12012 12011
f 12063 12060 12059
f 12063 12059 12061
f 12063 12061 12012
f 12064 12050 12051
f 12064 12051 12052
f 12064 12052 12062
f 12065 12060 12063
f 12065 12063 12010
f 12065 12009 12008
f 12065 12010 12009
f 12065 12062 12060
f 12066 12050 12064
f 12066 12048 12049
f 12066 12049 12050
f 12067 12062 12065
f 12067 12007 12006
f 12067 12008 12007
f 12067 12065 12008
f 12067 12064 12062
f 12068 12046 12047
f 12068 12047 12048
f 12068 12048 12066
f 12069 12067 12006
f 12069 12005 12004
f 12069 12006 12005
f 12069 12064 12067
f 12069 12068 12066
f 12069 12066 12064
f 12070 12046 12068
f 12070 12044 12045
f 12070 12045 12046
f 12071 12003 12002
f 12071 12004 12003
f 12071 12069 12004
f 12071 12068 12069
f 12072 12042 12043
f 12072 12043 12044
f 12072 12044 12070
f 12073 12071 12002
f 12073 12001 12000
f 12073 12002 12001
f 12073 12070 12068
f 12073 12068 12071
f 12074 12042 12072
f 12074 12040 12041
f 12074 12041 12042
f 12075 11999 11998
f 12075 12000 11999
f 12075 12073 12000
f 12075 12072 12070
f 12075 12070 12073
f 12076 12040 12074
f 12076 12038 12039
f 12076 12039 12040
f 12077 12072 12075
f 12077 11997 11996
f 12077 11998 11997
f 12077 12074 12072
f 12077 12075 11998
f 12078 12036 12037
f 12078 12037 12038
f 12078 12038 12076
f 12079 12076 12074
f 12079 12074 12077
f 12079 11995 11994
f 12079 11996 11995
f 12079 12078 12076
f 12079 12077 11996
f 12080 12036 12078
f 12080 12034 12035
f 12080 12035 12036
f 12081 11993 11992
f 12081 11994 11993
f 12081 12080 12078
f 12081 12078 12079
f 12081 12079 11994
f 12082 12032 12033
f 12082 12033 12034
f 12082 12034 12080
f 12083 11991 11990
f 12083 11992 11991
f 12083 12080 12081
f 12083 12081 11992
f 12084 12030 12031
f 12084 12031 12032
f 12084 12032 12082
f 12085 12080 12083
f 12085 11989 11988
f 12085 11990 11989
f 12085 12083 11990
f 12085 12082 12080
f 12086 12030 12084
f 12086 12028 12029
f 12086 12029 12030
f 12087 11987 11986
f 12087 11988 11987
f 12087 12085 11988
f 12087 12084 12082
f 12087 12082 12085
f 12088 12028 12086
f 12088 12026 12027
f 12088 12027 12028
f 12089 12086 12084
f 12089 11985 11984
f 12089 11986 11985
f 12089 12084 12087
f 12089 12088 12086
f 12089 12087 11986
f 12090 12026 12088
f 12090 12024 12025
f 12090 12025 12026
f 12091 11983 11982
f 12091 11984 11983
f 12091 12088 12089
f 12091 12089 11984
f 12092 12022 12023
f 12092 12023 12024
f 12092 12024 12090
f 12093 11981 11980
f 12093 11982 11981
f 12093 12090 12088
f 12093 12091 11982
f 12093 12088 12091
f 12094 12020 12021
f 12094 12021 12022
f 12094 12022 12092
f 12095 11979 11978
f 12095 11980 11979
f 12095 12093 11980
f 12095 12092 12090
f 12095 12090 12093
f 12096 12017 12018
f 12096 12018 12019
f 12096 12019 12020
f 12096 12020 12094
f 12096 11973 12017
f 12097 11977 11976
f 12097 11978 11977
f 12097 12095 11978
f 12097 12094 12092
f 12097 12092 12095
f 12098 11974 11973
f 12098 11975 11974
f 12098 11976 11975
f 12098 11973 12096
f 12098 12097 11976
f 12098 12096 12094
f 12098 12094 12097
f 12185 12182 12183
f 12185 12183 12184
f 12185 12184 12142
f 12186 12182 12185
f 12186 12180 12181
f 12186 12181 12182
f 12187 12185 12142
f 12187 12139 12138
f 12187 12140 12139
f 12187 12141 12140
f 12187 12142 12141
f 12188 12178 12179
f 12188 12179 12180
f 12188 12180 12186
f 12189 12137 12136
f 12189 12138 12137
f 12189 12186 12185
f 12189 12185 12187
f 12189 12187 12138
f 12190 12176 12177
f 12190 12177 12178
f 12190 12178 12188
f 12191 12186 12189
f 12191 12189 12136
f 12191 12135 12134
f 12191 12136 12135
f 12191 12188 12186
f 12192 12176 12190
f 12192 12174 12175
f 12192 12175 12176
f 12193 12188 12191
f 12193 12133 12132
f 12193 12134 12133
f 12193 12191 12134
f 12193 12190 12188
f 12194 12172 12173
f 12194 12173 12174
f 12194 12174 12192
f 12195 12193 12132
f 12195 12131 12130
f 12195 12132 12131
f 12195 12190 12193
f 12195 12192 12190
f 12196 12172 12194
f 12196 12170 12171
f 12196 12171 12172
f 12197 12192 12195
f 12197 12129 12128
f 12197 12130 12129
f 12197 12195 12130
f 12197 12194 12192
f 12198 12168 12169
f 12198 12169 12170
f 12198 12170 12196
f 12199 12197 12128
f 12199 12127 12126
f 12199 12128 12127
f 12199 12196 12194
f 12199 12194 12197
f 12200 12168 12198
f 12200 12166 12167
f 12200 12167 12168
f 12201 12125 12124
f 12201 12126 12125
f 12201 12198 12196
f 12201 12199 12126
f 12201 12196 12199
f 12202 12166 12200
f 12202 12164 12165
f 12202 12165 12166
f 12203 12198 12201
f 12203 12123 12122
f 12203 12124 12123
f 12203 12200 12198
f 12203 12201 12124
f 12204 12162 12163
f 12204 12163 12164
f 12204 12164 12202
f 12205 12121 12120
f 12205 12122 12121
f 12205 12203 12122
f 12205 12200 12203
f 12205 12202 12200
f 12206 12162 12204
f 12206 12160 12161
f 12206 12161 12162
f 12207 12205 12120
f 12207 12119 12118
f 12207 12120 12119
f 12207 12204 12202
f 12207 12202 12205
f 12208 12158 12159
f 12208 12159 12160
f 12208 12160 12206
f 12209 12117 12116
f 12209 12118 12117
f 12209 12204 12207
f 12209 12208 12206
f 12209 12207 12118
f 12209 12206 12204
f 12210 12158 12208
f 12210 12156 12157
f 12210 12157 12158
f 12211 12115 12114
f 12211 12116 12115
f 12211 12208 12209
f 12211 12209 12116
f 12212 12156 12210
f 12212 12154 12155
f 12212 12155 12156
f 12213 12211 12114
f 12213 12113 12112
f 12213 12114 12113
f 12213 12210 12208
f 12213 12208 12211
f 12214 12152 12153
f 12214 12153 12154
f 12214 12154 12212
f 12215 12111 12110
f 12215 12112 12111
f 12215 12212 12210
f 12215 12210 12213
f 12215 12213 12112
f 12216 12150 12151
f 12216 12151 12152
f 12216 12152 12214
f 12217 12214 12212
f 12217 12109 12108
f 12217 12110 12109
f 12217 12215 12110
f 12217 12212 12215
f 12218 12150 12216
f 12218 12148 12149
f 12218 12149 12150
f 12219 12107 12106
f 12219 12108 12107
f 12219 12214 12217
f 12219 12216 12214
f 12219 12217 12108
f 12220 12146 12147
f 12220 12147 12148
f 12220 12148 12218
f 12221 12105 12104
f 12221 12106 12105
f 12221 12218 12216
f 12221 12216 12219
f 12221 12219 12106
f 12222 12143 12144
f 12222 12144 12145
f 12222 12145 12146
f 12222 12146 12220
f 12223 12103 12102
f 12223 12104 12103
f 12223 12221 12104
f 12223 12220 12218
f 12223 12218 12221
f 12224 12100 12099
f 12224 12101 12100
f 12224 12102 12101
f 12224 12143 12222
f 12224 12223 12102
f 12224 12222 12220
f 12224 12220 12223
f 12224 12099 12143
f 12238 12236 12235
f 12239 12235 12234
f 12239 12238 12235
f 12240 12234 12233
f 12240 12239 12234
f 12241 12233 12232
f 12241 12240 12233
f 12242 12232 12231
f 12242 12241 12232
f 12243 12231 12230
f 12243 12242 12231
f 12244 12230 12229
f 12244 12243 12230
f 12245 12229 12228
f 12245 12244 12229
f 12246 12228 12227
f 12246 12245 12228
f 12247 12227 12226
f 12247 12246 12227
f 12248 12247 12226
f 12237 12226 12225
f 12237 12248 12226
f 12252 12250 12249
f 12251 12252 12249
f 12258 12260 12259
f 12258 12261 12260
f 12257 12262 12261
f 12257 12261 12258
f 12256 12263 12262
f 12256 12262 12257
f 12255 12264 12263
f 12255 12263 12256
f 12254 12265 12264
f 12254 12264 12255
f 12253 12266 12265
f 12253 12265 12254
f 12269 12268 12267
f 12269 12267 12270
f 12274 12272 12271
f 12274 12273 12272
f 12320 12321 12322
f 12320 12322 12323
f 12328 12320 12323
f 12328 12323 12324
f 12328 12324 12325
f 12328 12325 12326
f 12328 12326 12327
f 12318 12319 12320
f 12352 12373 12374
f 12316 12320 12328
f 12316 12318 12320
f 12316 12317 12318
f 12372 12373 12352
f 12331 12316 12328
f 12331 12328 12329
f 12331 12329 12330
f 12351 12372 12352
f 12371 12372 12351
f 12371 12350 12349
f 12371 12351 12350
f 12333 12331 12332
f 12370 12371 12349
f 12370 12348 12347
f 12370 12349 12348
f 12314 12316 12331
f 12314 12315 12316
f 12314 12331 12333
f 12314 12334 12315
f 12369 12346 12345
f 12369 12347 12346
f 12369 12370 12347
f 12368 12369 12345
f 12368 12345 12344
f 12367 12343 12342
f 12367 12344 12343
f 12367 12368 12344
f 12295 12293 12294
f 12366 12367 12342
f 12366 12341 12340
f 12366 12342 12341
f 12296 12293 12295
f 12365 12366 12340
f 12365 12339 12338
f 12365 12340 12339
f 12298 12296 12297
f 12364 12365 12338
f 12364 12338 12337
f 12363 12364 12337
f 12363 12336 12335
f 12363 12337 12336
f 12300 12298 12299
f 12362 12363 12335
f 12362 12335 12334
f 12301 12296 12298
f 12301 12298 12300
f 12361 12362 12334
f 12304 12301 12302
f 12304 12302 12303
f 12304 12296 12301
f 12307 12304 12305
f 12307 12296 12304
f 12307 12305 12306
f 12310 12308 12309
f 12311 12308 12310
f 12312 12308 12311
f 12292 12307 12308
f 12292 12312 12313
f 12292 12314 12293
f 12292 12296 12307
f 12292 12308 12312
f 12292 12334 12314
f 12292 12293 12296
f 12284 12361 12334
f 12284 12334 12292
f 12288 12286 12287
f 12290 12285 12286
f 12290 12288 12289
f 12290 12286 12288
f 12291 12285 12290
f 12283 12284 12285
f 12283 12361 12284
f 12283 12285 12291
f 12282 12361 12283
f 12282 12360 12361
f 12281 12359 12360
f 12281 12360 12282
f 12280 12358 12359
f 12280 12359 12281
f 12279 12357 12358
f 12279 12358 12280
f 12278 12356 12357
f 12278 12357 12279
f 12277 12355 12356
f 12277 12356 12278
f 12276 12355 12277
f 12276 12354 12355
f 12275 12354 12276
f 12397 12377 12378
f 12397 12378 12379
f 12397 12379 12380
f 12398 12380 12381
f 12398 12397 12380
f 12399 12398 12381
f 12400 12381 12382
f 12400 12399 12381
f 12401 12400 12382
f 12402 12382 12383
f 12402 12401 12382
f 12403 12402 12383
f 12404 12383 12384
f 12404 12403 12383
f 12405 12404 12384
f 12406 12384 12385
f 12406 12405 12384
f 12407 12385 12386
f 12407 12406 12385
f 12408 12407 12386
f 12409 12386 12387
f 12409 12408 12386
f 12410 12409 12387
f 12411 12387 12388
f 12411 12410 12387
f 12412 12388 12389
f 12412 12411 12388
f 12413 12389 12390
f 12413 12412 12389
f 12414 12413 12390
f 12474 12354 12275
f 12474 12375 12354
f 12434 12435 12416
f 12473 12396 12375
f 12473 12375 12474
f 12433 12434 12416
f 12472 12396 12473
f 12472 12395 12396
f 12471 12394 12395
f 12471 12395 12472
f 12431 12432 12433
f 12431 12433 12416
f 12470 12393 12394
f 12470 12394 12471
f 12430 12431 12416
f 12469 12393 12470
f 12469 12392 12393
f 12468 12392 12469
f 12468 12391 12392
f 12428 12429 12430
f 12467 12390 12391
f 12467 12391 12468
f 12427 12430 12416
f 12427 12428 12430
f 12459 12390 12467
f 12426 12427 12416
f 12462 12460 12461
f 12423 12424 12425
f 12423 12425 12426
f 12463 12460 12462
f 12464 12460 12463
f 12421 12422 12423
f 12465 12460 12464
f 12458 12390 12459
f 12458 12415 12414
f 12458 12460 12465
f 12458 12414 12390
f 12458 12459 12460
f 12458 12465 12466
f 12419 12421 12423
f 12419 12420 12421
f 12418 12419 12423
f 12417 12426 12416
f 12417 12423 12426
f 12417 12418 12423
f 12437 12417 12416
f 12437 12416 12415
f 12437 12415 12458
f 12437 12436 12417
f 12438 12436 12437
f 12453 12454 12455
f 12453 12455 12456
f 12442 12438 12439
f 12442 12439 12440
f 12442 12440 12441
f 12452 12453 12456
f 12452 12456 12457
f 12451 12452 12457
f 12445 12442 12443
f 12445 12438 12442
f 12445 12443 12444
f 12449 12450 12451
f 12449 12451 12457
f 12448 12457 12436
f 12448 12449 12457
f 12447 12436 12438
f 12447 12445 12446
f 12447 12438 12445
f 12447 12448 12436
f 12352 12374 12353
f 12376 12377 12397
f 12516 12518 12517
f 12516 12519 12518
f 12515 12520 12519
f 12515 12519 12516
f 12514 12521 12520
f 12514 12520 12515
f 12513 12521 12514
f 12513 12522 12521
f 12512 12522 12513
f 12512 12523 12522
f 12511 12523 12512
f 12511 12524 12523
f 12510 12524 12511
f 12510 12525 12524
f 12509 12525 12510
f 12509 12526 12525
f 12508 12526 12509
f 12508 12527 12526
f 12507 12527 12508
f 12507 12528 12527
f 12506 12528 12507
f 12506 12529 12528
f 12505 12529 12506
f 12505 12530 12529
f 12504 12530 12505
f 12504 12531 12530
f 12503 12531 12504
f 12503 12532 12531
f 12502 12532 12503
f 12502 12533 12532
f 12501 12533 12502
f 12501 12534 12533
f 12500 12535 12534
f 12500 12534 12501
f 12499 12536 12535
f 12499 12535 12500
f 12498 12537 12536
f 12498 12536 12499
f 12497 12538 12537
f 12497 12537 12498
f 12496 12539 12538
f 12496 12538 12497
f 12495 12540 12539
f 12495 12539 12496
f 12494 12541 12540
f 12494 12540 12495
f 12493 12542 12541
f 12493 12543 12542
f 12493 12541 12494
f 12492 12543 12493
f 12491 12544 12543
f 12491 12543 12492
f 12490 12545 12544
f 12490 12546 12545
f 12490 12544 12491
f 12489 12546 12490
f 12488 12546 12489
f 12488 12547 12546
f 12487 12547 12488
f 12487 12548 12547
f 12486 12548 12487
f 12486 12549 12548
f 12486 12550 12549
f 12485 12550 12486
f 12484 12550 12485
f 12484 12551 12550
f 12484 12552 12551
f 12483 12552 12484
f 12482 12552 12483
f 12482 12553 12552
f 12481 12553 12482
f 12481 12554 12553
f 12481 12555 12554
f 12480 12555 12481
f 12479 12555 12480
f 12479 12556 12555
f 12478 12556 12479
f 12478 12557 12556
f 12478 12558 12557
f 12477 12558 12478
f 12476 12558 12477
f 12476 12559 12558
f 12475 12559 12476
f 12475 12560 12559
f 12602 12604 12603
f 12602 12605 12604
f 12601 12606 12605
f 12601 12605 12602
f 12600 12607 12606
f 12600 12606 12601
f 12599 12607 12600
f 12599 12608 12607
f 12598 12608 12599
f 12598 12609 12608
f 12597 12609 12598
f 12597 12610 12609
f 12596 12610 12597
f 12596 12611 12610
f 12595 12611 12596
f 12595 12612 12611
f 12594 12612 12595
f 12594 12613 12612
f 12593 12613 12594
f 12593 12614 12613
f 12592 12614 12593
f 12592 12615 12614
f 12591 12615 12592
f 12591 12616 12615
f 12590 12616 12591
f 12590 12617 12616
f 12589 12617 12590
f 12589 12618 12617
f 12588 12618 12589
f 12588 12619 12618
f 12587 12619 12588
f 12587 12620 12619
f 12586 12621 12620
f 12586 12620 12587
f 12585 12622 12621
f 12585 12621 12586
f 12584 12623 12622
f 12584 12622 12585
f 12583 12624 12623
f 12583 12623 12584
f 12582 12625 12624
f 12582 12624 12583
f 12581 12626 12625
f 12581 12625 12582
f 12580 12627 12626
f 12580 12626 12581
f 12579 12628 12627
f 12579 12629 12628
f 12579 12627 12580
f 12578 12629 12579
f 12577 12630 12629
f 12577 12629 12578
f 12576 12631 12630
f 12576 12632 12631
f 12576 12630 12577
f 12575 12632 12576
f 12574 12632 12575
f 12574 12633 12632
f 12573 12633 12574
f 12573 12634 12633
f 12572 12634 12573
f 12572 12635 12634
f 12572 12636 12635
f 12571 12636 12572
f 12570 12636 12571
f 12570 12637 12636
f 12570 12638 12637
f 12569 12638 12570
f 12568 12638 12569
f 12568 12639 12638
f 12567 12639 12568
f 12567 12640 12639
f 12567 12641 12640
f 12566 12641 12567
f 12565 12641 12566
f 12565 12642 12641
f 12564 12642 12565
f 12564 12643 12642
f 12564 12644 12643
f 12563 12644 12564
f 12562 12644 12563
f 12562 12645 12644
f 12561 12645 12562
f 12561 12646 12645
f 12648 12650 12649
f 12647 12650 12648
f 12653 12652 12651
f 12653 12654 12652
f 12667 12669 12668
f 12666 12669 12667
f 12665 12670 12669
f 12665 12669 12666
f 12664 12671 12670
f 12664 12670 12665
f 12663 12672 12671
f 12663 12671 12664
f 12662 12673 12672
f 12662 12674 12673
f 12662 12672 12663
f 12661 12675 12674
f 12661 12674 12662
f 12660 12676 12675
f 12660 12675 12661
f 12659 12677 12676
f 12659 12676 12660
f 12658 12678 12677
f 12658 12677 12659
f 12657 12655 12678
f 12657 12678 12658
f 12656 12655 12657
f 12680 12679 12681
f 12680 12681 12682
f 12683 12686 12685
f 12684 12683 12685
f 12690 12687 12688
f 12690 12689 12687
f 12691 12692 12693
f 12830 12710 12709
f 12830 12711 12710
f 12830 12712 12711
f 12830 12713 12712
f 12830 12714 12713
f 12830 12693 12714
f 12830 12691 12693
f 12708 12830 12709
f 12707 12830 12708
f 12706 12830 12707
f 12705 12830 12706
f 12704 12830 12705
f 12703 12830 12704
f 12702 12830 12703
f 12701 12829 12830
f 12701 12830 12702
f 12700 12829 12701
f 12699 12829 12700
f 12698 12829 12699
f 12697 12829 12698
f 12696 12829 12697
f 12695 12829 12696
f 12694 12829 12695
f 12715 12828 12829
f 12715 12829 12694
f 12716 12827 12828
f 12716 12828 12715
f 12717 12826 12827
f 12717 12827 12716
f 12718 12826 12717
f 12718 12808 12826
f 12719 12808 12718
f 12719 12809 12808
f 12720 12810 12809
f 12720 12809 12719
f 12721 12810 12720
f 12721 12811 12810
f 12722 12811 12721
f 12722 12812 12811
f 12723 12812 12722
f 12723 12813 12812
f 12724 12813 12723
f 12724 12814 12813
f 12725 12814 12724
f 12815 12814 12725
f 12726 12815 12725
f 12816 12815 12726
f 12727 12816 12726
f 12817 12727 12728
f 12817 12816 12727
f 12818 12728 12729
f 12818 12817 12728
f 12819 12729 12730
f 12819 12818 12729
f 12820 12730 12731
f 12820 12819 12730
f 12821 12731 12732
f 12821 12820 12731
f 12822 12732 12733
f 12822 12821 12732
f 12823 12733 12734
f 12823 12822 12733
f 12824 12734 12735
f 12824 12823 12734
f 12825 12735 12736
f 12825 12824 12735
f 12807 12825 12736
f 12789 12736 12737
f 12789 12807 12736
f 12790 12737 12738
f 12790 12789 12737
f 12782 12780 12781
f 12783 12766 12767
f 12783 12780 12782
f 12783 12767 12768
f 12783 12768 12769
f 12783 12769 12770
f 12783 12770 12771
f 12783 12771 12772
f 12783 12772 12773
f 12783 12773 12774
f 12783 12774 12775
f 12783 12775 12776
f 12783 12776 12777
f 12783 12777 12778
f 12783 12778 12779
f 12783 12779 12780
f 12784 12766 12783
f 12784 12758 12759
f 12784 12759 12760
f 12784 12760 12761
f 12784 12761 12762
f 12784 12762 12763
f 12784 12763 12764
f 12784 12764 12765
f 12784 12765 12766
f 12785 12757 12758
f 12785 12758 12784
f 12791 12790 12738
f 12791 12738 12739
f 12786 12757 12785
f 12786 12756 12757
f 12787 12755 12756
f 12787 12756 12786
f 12792 12739 12740
f 12792 12791 12739
f 12788 12754 12755
f 12788 12755 12787
f 12793 12792 12740
f 12793 12740 12741
f 12806 12753 12754
f 12806 12754 12788
f 12794 12741 12742
f 12794 12793 12741
f 12805 12752 12753
f 12805 12753 12806
f 12795 12742 12743
f 12795 12794 12742
f 12804 12751 12752
f 12804 12752 12805
f 12796 12743 12744
f 12796 12795 12743
f 12803 12751 12804
f 12803 12750 12751
f 12797 12796 12744
f 12797 12744 12745
f 12802 12750 12803
f 12802 12749 12750
f 12798 12745 12746
f 12798 12797 12745
f 12801 12749 12802
f 12801 12748 12749
f 12799 12798 12746
f 12799 12746 12747
f 12800 12748 12801
f 12800 12799 12747
f 12800 12747 12748
f 12853 12854 12855
f 12852 12855 12856
f 12852 12853 12855
f 12851 12856 12857
f 12851 12852 12856
f 12850 12857 12858
f 12850 12851 12857
f 12849 12858 12859
f 12849 12850 12858
f 12848 12859 12860
f 12848 12849 12859
f 12847 12860 12861
f 12847 12848 12860
f 12846 12861 12862
f 12846 12847 12861
f 12845 12862 12863
f 12845 12846 12862
f 12844 12863 12864
f 12844 12845 12863
f 12843 12864 12865
f 12843 12844 12864
f 12842 12865 12866
f 12842 12843 12865
f 12841 12866 12867
f 12841 12842 12866
f 12840 12841 12867
f 12840 12867 12868
f 12839 12840 12868
f 12839 12868 12869
f 12838 12839 12869
f 12838 12869 12870
f 12837 12838 12870
f 12836 12837 12870
f 12836 12870 12871
f 12835 12836 12871
f 12835 12871 12872
f 12834 12835 12872
f 12834 12872 12873
f 12833 12834 12873
f 12833 12873 12874
f 12831 12833 12874
f 12831 12874 12832
f 12877 12876 12875
f 12877 12875 12878
f 12934 12933 12932
f 12929 12931 12930
f 12927 12929 12928
f 12927 12931 12929
f 12937 12932 12931
f 12937 12935 12934
f 12937 12936 12935
f 12937 12934 12932
f 12925 12927 12926
f 12923 12925 12924
f 12940 12938 12937
f 12940 12939 12938
f 12922 12925 12923
f 12941 12940 12937
f 12943 12942 12941
f 12918 12931 12927
f 12918 12925 12922
f 12918 12920 12919
f 12918 12921 12920
f 12918 12922 12921
f 12918 12927 12925
f 12946 12945 12944
f 12947 12946 12944
f 12947 12944 12943
f 12915 12917 12916
f 12915 12918 12917
f 12949 12948 12947
f 12913 12915 12914
f 12950 12949 12947
f 12911 12913 12912
f 12911 12918 12915
f 12911 12915 12913
f 12952 12950 12947
f 12952 12951 12950
f 12953 12947 12943
f 12953 12952 12947
f 12908 12910 12909
f 12906 12931 12918
f 12906 12937 12931
f 12906 12941 12937
f 12906 12908 12907
f 12906 12911 12910
f 12906 12918 12911
f 12906 12910 12908
f 12957 12954 12953
f 12957 12955 12954
f 12957 12956 12955
f 12959 12958 12957
f 12959 12957 12953
f 12902 12904 12903
f 12902 12905 12904
f 12901 12905 12902
f 12901 12906 12905
f 12879 12960 12959
f 12879 12961 12960
f 12879 12962 12961
f 12899 12906 12901
f 12899 12901 12900
f 12899 12941 12906
f 12880 12879 12959
f 12883 12881 12880
f 12883 12882 12881
f 12896 12898 12897
f 12895 12898 12896
f 12895 12899 12898
f 12895 12943 12941
f 12895 12941 12899
f 12885 12884 12883
f 12893 12895 12894
f 12892 12895 12893
f 12888 12886 12885
f 12888 12887 12886
f 12889 12880 12959
f 12889 12885 12883
f 12889 12883 12880
f 12889 12943 12895
f 12889 12888 12885
f 12889 12953 12943
f 12889 12959 12953
f 12890 12892 12891
f 12890 12889 12895
f 12890 12895 12892
f 13018 13016 13015
f 13018 13017 13016
f 13013 13015 13014
f 13011 13013 13012
f 13011 13015 13013
f 13021 13019 13018
f 13021 13020 13019
f 13021 13018 13015
f 13009 13011 13010
f 13024 13022 13021
f 13024 13023 13022
f 13025 13021 13015
f 13025 13024 13021
f 13006 13011 13009
f 13006 13008 13007
f 13006 13009 13008
f 13004 13006 13005
f 13027 13026 13025
f 13003 13011 13006
f 13003 13006 13004
f 13001 13003 13002
f 13030 13029 13028
f 13031 13030 13028
f 13031 13028 13027
f 12999 13003 13001
f 12999 13001 13000
f 13033 13032 13031
f 12997 12999 12998
f 13034 13033 13031
f 12995 12997 12996
f 12995 13003 12999
f 12995 12999 12997
f 13036 13035 13034
f 13037 13036 13034
f 13037 13031 13027
f 13037 13034 13031
f 12992 12994 12993
f 13039 13038 13037
f 12990 13015 13011
f 12990 13011 13003
f 12990 12992 12991
f 12990 12995 12994
f 12990 13003 12995
f 12990 12994 12992
f 13041 13040 13039
f 13041 13039 13037
f 13043 13042 13041
f 13045 13044 13043
f 12986 12988 12987
f 12986 12989 12988
f 13046 13045 13043
f 12985 12989 12986
f 12985 12990 12989
f 12964 13046 13043
f 12964 12963 13046
f 12964 13043 13041
f 12983 13025 13015
f 12983 12990 12985
f 12983 12985 12984
f 12983 13015 12990
f 12967 12965 12964
f 12967 12966 12965
f 12980 12982 12981
f 12979 13027 13025
f 12979 13025 12983
f 12979 12983 12982
f 12979 12982 12980
f 12969 12968 12967
f 12977 12979 12978
f 12971 12970 12969
f 12976 12979 12977
f 12973 12972 12971
f 12973 12964 13041
f 12973 13027 12979
f 12973 12969 12967
f 12973 12971 12969
f 12973 13037 13027
f 12973 12967 12964
f 12973 13041 13037
f 12974 12976 12975
f 12974 12973 12979
f 12974 12979 12976
f 13089 13047 13048
f 13089 13090 13047
f 13088 13048 13049
f 13088 13089 13048
f 13087 13049 13050
f 13087 13088 13049
f 13086 13050 13051
f 13086 13087 13050
f 13085 13051 13052
f 13085 13086 13051
f 13084 13052 13053
f 13084 13085 13052
f 13083 13053 13054
f 13083 13084 13053
f 13082 13054 13055
f 13082 13083 13054
f 13081 13055 13056
f 13081 13082 13055
f 13080 13056 13057
f 13080 13081 13056
f 13079 13057 13058
f 13079 13080 13057
f 13078 13058 13059
f 13078 13079 13058
f 13077 13078 13059
f 13077 13059 13060
f 13076 13077 13060
f 13076 13060 13061
f 13075 13076 13061
f 13075 13061 13062
f 13074 13075 13062
f 13074 13062 13063
f 13073 13074 13063
f 13073 13063 13064
f 13072 13064 13065
f 13072 13073 13064
f 13072 13065 13066
f 13071 13072 13066
f 13070 13066 13067
f 13070 13071 13066
f 13069 13070 13067
f 13069 13067 13068
f 13091 13092 13093
f 13091 13093 13094
f 13096 13138 13095
f 13096 13139 13138
f 13097 13140 13139
f 13097 13139 13096
f 13098 13141 13140
f 13098 13140 13097
f 13099 13141 13098
f 13099 13142 13141
f 13100 13142 13099
f 13100 13143 13142
f 13101 13143 13100
f 13101 13144 13143
f 13101 13145 13144
f 13102 13145 13101
f 13103 13145 13102
f 13103 13146 13145
f 13103 13147 13146
f 13104 13147 13103
f 13105 13147 13104
f 13105 13148 13147
f 13106 13148 13105
f 13106 13149 13148
f 13107 13149 13106
f 13107 13150 13149
f 13108 13150 13107
f 13108 13151 13150
f 13109 13151 13108
f 13109 13152 13151
f 13110 13152 13109
f 13110 13153 13152
f 13110 13154 13153
f 13111 13154 13110
f 13112 13155 13154
f 13112 13154 13111
f 13112 13156 13155
f 13113 13156 13112
f 13114 13156 13113
f 13114 13157 13156
f 13114 13158 13157
f 13115 13158 13114
f 13116 13159 13158
f 13116 13160 13159
f 13116 13158 13115
f 13117 13160 13116
f 13118 13161 13160
f 13118 13160 13117
f 13119 13162 13161
f 13119 13163 13162
f 13119 13161 13118
f 13120 13163 13119
f 13121 13164 13163
f 13121 13163 13120
f 13122 13165 13164
f 13122 13164 13121
f 13123 13166 13165
f 13123 13165 13122
f 13124 13166 13123
f 13124 13167 13166
f 13125 13167 13124
f 13125 13168 13167
f 13125 13169 13168
f 13126 13169 13125
f 13127 13169 13126
f 13127 13170 13169
f 13128 13170 13127
f 13128 13171 13170
f 13129 13171 13128
f 13129 13172 13171
f 13130 13172 13129
f 13130 13173 13172
f 13131 13173 13130
f 13131 13174 13173
f 13132 13174 13131
f 13132 13175 13174
f 13133 13175 13132
f 13133 13176 13175
f 13134 13176 13133
f 13134 13177 13176
f 13135 13177 13134
f 13135 13178 13177
f 13136 13178 13135
f 13136 13179 13178
f 13137 13179 13136
f 13137 13180 13179
f 13181 13225 13224
f 13182 13226 13225
f 13182 13225 13181
f 13183 13226 13182
f 13184 13226 13183
f 13184 13227 13226
f 13184 13228 13227
f 13185 13228 13184
f 13185 13229 13228
f 13186 13229 13185
f 13186 13230 13229
f 13187 13230 13186
f 13187 13231 13230
f 13188 13231 13187
f 13188 13232 13231
f 13189 13232 13188
f 13190 13232 13189
f 13190 13233 13232
f 13190 13234 13233
f 13191 13234 13190
f 13192 13234 13191
f 13192 13235 13234
f 13192 13236 13235
f 13193 13236 13192
f 13194 13236 13193
f 13194 13237 13236
f 13195 13237 13194
f 13195 13238 13237
f 13196 13238 13195
f 13196 13239 13238
f 13197 13239 13196
f 13197 13240 13239
f 13198 13241 13240
f 13198 13240 13197
f 13199 13242 13241
f 13199 13241 13198
f 13200 13243 13242
f 13200 13242 13199
f 13201 13244 13243
f 13201 13243 13200
f 13202 13245 13244
f 13202 13244 13201
f 13203 13246 13245
f 13203 13245 13202
f 13204 13247 13246
f 13204 13246 13203
f 13205 13248 13247
f 13205 13247 13204
f 13206 13249 13248
f 13206 13248 13205
f 13207 13250 13249
f 13207 13249 13206
f 13208 13251 13250
f 13208 13250 13207
f 13209 13252 13251
f 13209 13251 13208
f 13210 13252 13209
f 13210 13253 13252
f 13211 13253 13210
f 13211 13254 13253
f 13212 13254 13211
f 13212 13255 13254
f 13213 13255 13212
f 13213 13256 13255
f 13213 13257 13256
f 13214 13257 13213
f 13214 13258 13257
f 13215 13258 13214
f 13216 13258 13215
f 13216 13259 13258
f 13216 13260 13259
f 13217 13260 13216
f 13217 13261 13260
f 13218 13261 13217
f 13218 13262 13261
f 13219 13262 13218
f 13220 13262 13219
f 13220 13263 13262
f 13220 13264 13263
f 13221 13264 13220
f 13221 13265 13264
f 13222 13265 13221
f 13223 13265 13222
f 13223 13266 13265
f 13270 13269 13290
f 13270 13290 13291
f 13271 13291 13292
f 13271 13270 13291
f 13272 13292 13293
f 13272 13271 13292
f 13273 13293 13294
f 13273 13272 13293
f 13274 13294 13295
f 13274 13273 13294
f 13275 13295 13296
f 13275 13296 13297
f 13275 13274 13295
f 13276 13275 13297
f 13277 13297 13298
f 13277 13276 13297
f 13278 13298 13299
f 13278 13277 13298
f 13279 13299 13300
f 13279 13300 13301
f 13279 13278 13299
f 13280 13279 13301
f 13281 13301 13302
f 13281 13302 13303
f 13281 13280 13301
f 13282 13281 13303
f 13283 13282 13303
f 13283 13303 13304
f 13284 13283 13304
f 13284 13304 13305
f 13285 13284 13305
f 13285 13305 13306
f 13286 13285 13306
f 13286 13306 13307
f 13287 13286 13307
f 13287 13307 13308
f 13288 13287 13308
f 13288 13308 13309
f 13289 13288 13309
f 13289 13309 13310
f 13268 13289 13310
f 13268 13310 13267
f 13326 13312 13311
f 13326 13313 13312
f 13325 13314 13313
f 13325 13313 13326
f 13324 13315 13314
f 13324 13314 13325
f 13323 13316 13315
f 13323 13317 13316
f 13323 13315 13324
f 13322 13318 13317
f 13322 13317 13323
f 13321 13318 13322
f 13320 13319 13318
f 13320 13318 13321
f 13366 13367 13368
f 13364 13365 13366
f 13395 13391 13392
f 13395 13392 13393
f 13395 13393 13394
f 13361 13362 13363
f 13360 13363 13364
f 13360 13361 13363
f 13401 13399 13400
f 13357 13358 13359
f 13402 13399 13401
f 13356 13359 13360
f 13356 13357 13359
f 13403 13399 13402
f 13404 13397 13398
f 13404 13398 13399
f 13404 13399 13403
f 13353 13354 13355
f 13353 13355 13356
f 13406 13395 13396
f 13406 13397 13404
f 13406 13396 13397
f 13406 13404 13405
f 13351 13352 13353
f 13408 13406 13407
f 13350 13351 13353
f 13350 13353 13356
f 13410 13408 13409
f 13348 13349 13350
f 13346 13347 13348
f 13330 13327 13328
f 13330 13328 13329
f 13330 13410 13327
f 13345 13346 13348
f 13331 13408 13410
f 13331 13410 13330
f 13343 13344 13345
f 13343 13345 13348
f 13343 13348 13350
f 13334 13331 13332
f 13334 13332 13333
f 13336 13331 13334
f 13336 13334 13335
f 13339 13340 13341
f 13338 13406 13408
f 13338 13360 13364
f 13338 13339 13341
f 13338 13356 13360
f 13338 13336 13337
f 13338 13341 13342
f 13338 13391 13395
f 13338 13342 13343
f 13338 13343 13350
f 13338 13366 13368
f 13338 13408 13331
f 13338 13368 13369
f 13338 13369 13370
f 13338 13370 13371
f 13338 13371 13372
f 13338 13364 13366
f 13338 13331 13336
f 13338 13372 13373
f 13338 13373 13374
f 13338 13374 13375
f 13338 13375 13376
f 13338 13376 13377
f 13338 13377 13378
f 13338 13378 13379
f 13338 13379 13380
f 13338 13380 13381
f 13338 13381 13382
f 13338 13382 13383
f 13338 13383 13384
f 13338 13384 13385
f 13338 13350 13356
f 13338 13385 13386
f 13338 13386 13387
f 13338 13387 13388
f 13338 13388 13389
f 13338 13389 13390
f 13338 13390 13391
f 13338 13395 13406
f 13455 13456 13457
f 13455 13457 13458
f 13472 13468 13469
f 13472 13469 13470
f 13472 13470 13471
f 13475 13473 13474
f 13446 13447 13448
f 13446 13448 13449
f 13481 13476 13477
f 13481 13477 13478
f 13481 13478 13479
f 13481 13479 13480
f 13445 13449 13450
f 13445 13446 13449
f 13484 13481 13482
f 13484 13482 13483
f 13442 13443 13444
f 13442 13444 13445
f 13440 13441 13442
f 13487 13484 13485
f 13487 13485 13486
f 13439 13440 13442
f 13488 13484 13487
f 13438 13439 13442
f 13490 13488 13489
f 13491 13488 13490
f 13493 13491 13492
f 13411 13491 13493
f 13411 13493 13494
f 13430 13431 13432
f 13430 13432 13433
f 13430 13433 13434
f 13413 13411 13412
f 13414 13411 13413
f 13428 13429 13430
f 13416 13414 13415
f 13426 13428 13430
f 13426 13427 13428
f 13418 13416 13417
f 13418 13414 13416
f 13425 13434 13435
f 13425 13435 13436
f 13425 13436 13437
f 13425 13430 13434
f 13425 13426 13430
f 13420 13418 13419
f 13420 13414 13418
f 13422 13491 13411
f 13422 13468 13472
f 13422 13420 13421
f 13422 13442 13445
f 13422 13423 13424
f 13422 13424 13425
f 13422 13437 13438
f 13422 13425 13437
f 13422 13473 13475
f 13422 13414 13420
f 13422 13450 13451
f 13422 13451 13452
f 13422 13452 13453
f 13422 13453 13454
f 13422 13481 13484
f 13422 13454 13455
f 13422 13458 13459
f 13422 13459 13460
f 13422 13460 13461
f 13422 13461 13462
f 13422 13462 13463
f 13422 13463 13464
f 13422 13445 13450
f 13422 13476 13481
f 13422 13464 13465
f 13422 13465 13466
f 13422 13466 13467
f 13422 13467 13468
f 13422 13411 13414
f 13422 13472 13473
f 13422 13475 13476
f 13422 13484 13488
f 13422 13488 13491
f 13422 13438 13442
f 13422 13455 13458
